engine_size,cylinders,fuel_comb,co2,gears,high_emission,vehicle_class_FULL-SIZE,vehicle_class_MID-SIZE,vehicle_class_MINICOMPACT,vehicle_class_MINIVAN,vehicle_class_PICKUP TRUCK - SMALL,vehicle_class_PICKUP TRUCK - STANDARD,vehicle_class_SPECIAL PURPOSE VEHICLE,vehicle_class_STATION WAGON - MID-SIZE,vehicle_class_STATION WAGON - SMALL,vehicle_class_SUBCOMPACT,vehicle_class_SUV - SMALL,vehicle_class_SUV - STANDARD,vehicle_class_TWO-SEATER,vehicle_class_VAN - CARGO,vehicle_class_VAN - PASSENGER,fuel_type_E,fuel_type_X,fuel_type_Z,transmission_type_AM,transmission_type_AS,transmission_type_AV,transmission_type_M
-0.844865398567706,-0.8846202186908425,-0.8845743144789616,196,-1.532323450323326,0,0,0,0,0,0,0,0,0,0,0,0,0,0,0,0,0,0,1,0,1,0,0
-0.5328695887743576,-0.8846202186908425,-0.4594299153676021,221,-0.6990049600893694,0,0,0,0,0,0,0,0,0,0,0,0,0,0,0,0,0,0,1,0,0,0,1
-1.2348601608093916,-0.8846202186908425,-1.8894610760149024,136,0.1343135301445871,0,0,0,0,0,0,0,0,0,0,0,0,0,0,0,0,0,0,1,0,0,1,0
0.32511888815735074,0.28753188012724307,0.12031244705697923,255,-0.6990049600893694,1,0,0,0,0,0,0,0,0,0,0,1,0,0,0,0,0,0,1,0,1,0,0
0.32511888815735074,0.28753188012724307,-0.07293500708454788,244,-0.6990049600893694,0,0,0,0,0,0,0,0,0,0,0,1,0,0,0,0,0,0,1,0,1,0,0
0.32511888815735074,0.28753188012724307,-0.3048319520543803,230,-0.6990049600893694,0,0,1,0,0,0,0,0,0,0,0,0,0,0,0,0,0,0,1,0,1,0,0
0.32511888815735074,0.28753188012724307,-0.266182461226075,232,-0.6990049600893694,0,0,1,0,0,0,0,0,0,0,0,0,0,0,0,0,0,0,1,0,1,0,0
0.4811167930540251,0.28753188012724307,0.12031244705697923,255,-0.6990049600893694,1,0,1,0,0,0,0,0,0,0,0,0,0,0,0,0,0,0,1,0,1,0,0
0.4811167930540251,0.28753188012724307,0.31355990119850635,267,-0.6990049600893694,1,0,1,0,0,0,0,0,0,0,0,0,0,0,0,0,0,0,1,0,0,0,1
-0.5328695887743576,-0.8846202186908425,-0.614027878680824,212,-1.532323450323326,0,0,0,0,0,0,0,0,0,0,0,0,0,0,0,0,0,0,1,0,1,0,0
-0.5328695887743576,-0.8846202186908425,-0.3821309337109908,225,-0.6990049600893694,0,0,0,0,0,0,0,0,0,0,0,0,0,0,0,0,0,0,1,0,0,0,1
0.32511888815735074,0.28753188012724307,-0.15023398874115845,239,-1.532323450323326,0,0,0,0,0,0,0,0,0,0,0,0,0,0,0,0,0,0,1,0,1,0,0
-1.0008633034643803,-0.8846202186908425,-0.9232238053072669,193,-0.6990049600893694,0,0,0,0,0,0,0,0,0,0,0,0,0,1,0,0,0,0,1,1,0,0,0
2.197093746917442,3.8039881765815,1.8595395343307233,359,-0.6990049600893694,1,0,0,1,0,0,0,0,0,0,0,0,0,0,0,0,0,0,1,0,0,0,0
2.197093746917442,3.8039881765815,1.8595395343307233,359,-0.6990049600893694,1,0,0,0,0,0,0,0,0,0,1,0,0,0,0,0,0,0,1,0,0,0,0
1.2611063175373964,1.4596839789453286,1.5116941168759743,338,0.1343135301445871,1,0,0,0,0,0,0,0,0,0,0,0,0,1,0,0,0,0,1,1,0,0,0
1.2611063175373964,1.4596839789453286,1.7822405526741127,354,-0.6990049600893694,1,0,0,0,0,0,0,0,0,0,0,0,0,1,0,0,0,0,1,0,0,0,1
1.2611063175373964,1.4596839789453286,1.5116941168759743,338,0.1343135301445871,1,0,0,0,0,0,0,0,0,0,0,0,0,1,0,0,0,0,1,1,0,0,0
1.2611063175373964,1.4596839789453286,1.7822405526741127,354,-0.6990049600893694,1,0,0,0,0,0,0,0,0,0,0,0,0,1,0,0,0,0,1,0,0,0,1
2.197093746917442,3.8039881765815,1.8595395343307233,359,-0.6990049600893694,1,0,0,1,0,0,0,0,0,0,0,0,0,0,0,0,0,0,1,0,0,0,0
-0.844865398567706,-0.8846202186908425,-0.768625841994045,202,0.9676320203785437,0,0,0,0,0,0,0,0,0,0,0,0,0,0,0,0,0,0,1,0,0,1,0
-0.844865398567706,-0.8846202186908425,-0.3048319520543803,230,0.9676320203785437,0,0,0,0,0,0,0,0,0,0,0,0,0,0,0,0,0,0,1,0,1,0,0
-0.844865398567706,-0.8846202186908425,-0.5753783878525179,214,-0.6990049600893694,0,0,0,0,0,0,0,0,0,0,0,0,0,0,0,0,0,0,1,0,0,0,1
-0.844865398567706,-0.8846202186908425,-0.3048319520543803,230,0.9676320203785437,0,0,0,0,0,0,0,0,0,0,1,0,0,0,0,0,0,0,1,0,1,0,0
-0.844865398567706,-0.8846202186908425,-0.3048319520543803,230,0.9676320203785437,0,0,0,0,0,0,0,0,0,0,1,0,0,0,0,0,0,0,1,0,1,0,0
-0.844865398567706,-0.8846202186908425,-0.5753783878525179,214,-0.6990049600893694,0,0,0,0,0,0,0,0,0,0,1,0,0,0,0,0,0,0,1,0,0,0,1
-0.844865398567706,-0.8846202186908425,-0.2275329703977697,235,0.9676320203785437,0,0,1,0,0,0,0,0,0,0,0,0,0,0,0,0,0,0,1,0,1,0,0
-0.06487587408433486,0.28753188012724307,0.043013465400368656,251,0.9676320203785437,1,0,1,0,0,0,0,0,0,0,0,0,0,0,0,0,0,0,1,0,1,0,0
-0.06487587408433486,0.28753188012724307,-1.0391722777921835,217,0.9676320203785437,0,0,1,0,0,0,0,0,0,0,0,0,0,0,0,0,0,0,0,0,1,0,0
-0.06487587408433486,0.28753188012724307,0.1589619378852845,262,0.9676320203785437,1,0,1,0,0,0,0,0,0,0,0,0,0,0,0,0,0,0,1,0,1,0,0
-0.06487587408433486,0.28753188012724307,-1.0391722777921835,217,0.9676320203785437,0,0,1,0,0,0,0,0,0,0,0,0,0,0,0,0,0,0,0,0,1,0,0
-0.06487587408433486,0.28753188012724307,0.1589619378852845,258,0.9676320203785437,1,0,1,0,0,0,0,0,0,0,0,0,0,0,0,0,0,0,1,0,1,0,0
0.7151136503990364,1.4596839789453286,0.1976114287135905,265,0.9676320203785437,1,0,1,0,0,0,0,0,0,0,0,0,0,0,0,0,0,0,1,0,1,0,0
-0.06487587408433486,0.28753188012724307,-0.9232238053072669,224,0.9676320203785437,0,0,1,0,0,0,0,0,0,0,0,0,0,0,0,0,0,0,0,0,1,0,0
-0.06487587408433486,0.28753188012724307,0.1589619378852845,258,0.9676320203785437,1,1,0,0,0,0,0,0,0,0,0,0,0,0,0,0,0,0,1,0,1,0,0
0.7151136503990364,1.4596839789453286,0.6614053186532552,288,0.9676320203785437,1,1,0,0,0,0,0,0,0,0,0,0,0,0,0,0,0,0,1,0,1,0,0
2.50908955671079,3.8039881765815,1.820890043502418,363,0.9676320203785437,1,1,0,0,0,0,0,0,0,0,0,0,0,0,0,0,0,0,1,0,1,0,0
-0.06487587408433486,0.28753188012724307,-0.9232238053072669,224,0.9676320203785437,0,1,0,0,0,0,0,0,0,0,0,0,0,0,0,0,0,0,0,0,1,0,0
-0.844865398567706,-0.8846202186908425,-0.11158449791285317,242,0.9676320203785437,0,0,0,0,0,0,0,0,0,1,0,0,0,0,0,0,0,0,1,0,1,0,0
-0.844865398567706,-0.8846202186908425,-0.15023398874115845,239,0.9676320203785437,0,0,0,0,0,0,0,0,0,0,0,1,0,0,0,0,0,0,1,0,1,0,0
-0.06487587408433486,0.28753188012724307,0.1589619378852845,258,0.9676320203785437,1,0,0,0,0,0,0,0,0,0,0,1,0,0,0,0,0,0,1,0,1,0,0
-0.06487587408433486,0.28753188012724307,-0.6913268603374345,244,0.9676320203785437,0,0,0,0,0,0,0,0,0,0,0,1,0,0,0,0,0,0,0,0,1,0,0
-0.844865398567706,-0.8846202186908425,-0.614027878680824,212,0.9676320203785437,0,0,0,0,0,0,0,0,0,0,0,1,0,0,0,0,0,0,1,0,1,0,0
-0.06487587408433486,0.28753188012724307,0.931951754451393,304,0.9676320203785437,1,0,0,0,0,0,0,0,0,0,0,0,1,0,0,0,0,0,1,0,1,0,0
-0.06487587408433486,0.28753188012724307,-0.0342855162562426,290,0.9676320203785437,1,0,0,0,0,0,0,0,0,0,0,0,1,0,0,0,0,0,0,0,1,0,0
0.8711115552957107,1.4596839789453286,1.473044626047669,336,0.1343135301445871,1,0,0,0,0,0,0,0,0,0,0,0,0,1,0,0,0,0,1,0,0,0,0
0.8711115552957107,1.4596839789453286,2.671178841725137,407,-0.6990049600893694,1,0,0,0,0,0,0,0,0,0,0,0,0,1,0,0,0,0,1,0,0,0,1
1.651101079779082,2.631836077763414,1.5503436077042803,347,0.1343135301445871,1,0,0,0,0,0,0,0,0,0,0,0,0,1,0,0,0,0,1,0,0,0,0
1.651101079779082,2.631836077763414,2.709828332553443,409,-0.6990049600893694,1,0,0,0,0,0,0,0,0,0,0,0,0,1,0,0,0,0,1,0,0,0,1
0.8711115552957107,1.4596839789453286,1.473044626047669,336,0.1343135301445871,1,0,0,0,0,0,0,0,0,0,0,0,0,1,0,0,0,0,1,0,0,0,0
0.8711115552957107,1.4596839789453286,2.671178841725137,407,-0.6990049600893694,1,0,0,0,0,0,0,0,0,0,0,0,0,1,0,0,0,0,1,0,0,0,1
1.651101079779082,2.631836077763414,1.5503436077042803,347,0.1343135301445871,1,0,0,0,0,0,0,0,0,0,0,0,0,1,0,0,0,0,1,0,0,0,0
1.651101079779082,2.631836077763414,2.709828332553443,409,-0.6990049600893694,1,0,0,0,0,0,0,0,0,0,0,0,0,1,0,0,0,0,1,0,0,0,1
0.8711115552957107,1.4596839789453286,0.9706012452796989,306,0.1343135301445871,1,0,0,0,0,0,0,0,0,0,1,0,0,0,0,0,0,0,1,0,0,0,0
0.8711115552957107,1.4596839789453286,1.0092507361080043,308,0.1343135301445871,1,0,0,0,0,0,0,0,0,0,1,0,0,0,0,0,0,0,1,0,0,0,0
0.7151136503990364,1.4596839789453286,0.6614053186532552,293,0.9676320203785437,1,0,1,0,0,0,0,0,0,0,0,0,0,0,0,0,0,0,1,0,1,0,0
-0.06487587408433486,0.28753188012724307,0.23626091954189576,262,0.1343135301445871,1,0,0,0,0,0,0,0,0,0,0,0,0,0,0,0,0,0,1,0,0,0,0
-0.06487587408433486,0.28753188012724307,0.62275582782495,285,-0.6990049600893694,1,0,0,0,0,0,0,0,0,0,0,0,0,0,0,0,0,0,1,0,0,0,1
-0.06487587408433486,0.28753188012724307,0.23626091954189576,262,0.1343135301445871,1,0,0,0,0,0,0,0,0,0,1,0,0,0,0,0,0,0,1,0,0,0,0
-0.06487587408433486,0.28753188012724307,0.62275582782495,285,-0.6990049600893694,1,0,0,0,0,0,0,0,0,0,1,0,0,0,0,0,0,0,1,0,0,0,1
-0.06487587408433486,0.28753188012724307,0.31355990119850635,267,0.1343135301445871,1,0,0,0,0,0,0,0,0,0,1,0,0,0,0,0,0,0,1,0,0,0,0
0.7151136503990364,1.4596839789453286,0.5454568461683388,281,0.1343135301445871,1,0,1,0,0,0,0,0,0,0,0,0,0,0,0,0,0,0,1,0,0,0,0
0.7151136503990364,1.4596839789453286,0.5454568461683388,281,0.1343135301445871,1,0,1,0,0,0,0,0,0,0,0,0,0,0,0,0,0,0,1,0,0,0,0
0.7151136503990364,1.4596839789453286,0.7773537911381718,300,0.9676320203785437,1,0,1,0,0,0,0,0,0,0,0,0,0,0,0,0,0,0,1,0,1,0,0
-0.06487587408433486,0.28753188012724307,0.7387043003098659,292,0.9676320203785437,1,0,0,0,0,0,0,0,0,0,0,1,0,0,0,0,0,0,1,0,1,0,0
-0.844865398567706,-0.8846202186908425,-0.6526773695091292,209,-0.6990049600893694,0,0,0,0,0,0,0,0,0,0,1,0,0,0,0,0,0,0,1,0,0,0,0
-0.844865398567706,-0.8846202186908425,-0.6526773695091292,209,-0.6990049600893694,0,0,0,0,0,0,0,0,0,0,0,0,0,1,0,0,0,0,1,0,0,0,0
-0.844865398567706,-0.8846202186908425,-0.18888347956946375,237,-0.6990049600893694,0,0,0,0,0,0,0,0,0,0,1,0,0,0,0,0,0,0,1,0,0,0,0
-0.844865398567706,-0.8846202186908425,-0.18888347956946375,237,-0.6990049600893694,0,0,0,0,0,0,0,0,0,0,0,0,0,1,0,0,0,0,1,0,0,0,0
0.7151136503990364,1.4596839789453286,1.0092507361080043,314,0.9676320203785437,1,0,0,0,0,0,0,0,0,0,1,0,0,0,0,0,0,0,1,0,1,0,0
2.275092699365779,3.8039881765815,1.820890043502418,356,0.9676320203785437,1,0,0,0,0,0,0,0,0,0,1,0,0,0,0,0,0,0,1,0,1,0,0
0.7151136503990364,1.4596839789453286,1.318446662734447,332,0.9676320203785437,1,0,0,0,0,0,0,0,0,0,1,0,0,0,0,0,0,0,1,0,1,0,0
2.275092699365779,3.8039881765815,2.207384951785472,380,0.9676320203785437,1,0,0,0,0,0,0,0,0,0,1,0,0,0,0,0,0,0,1,0,1,0,0
2.275092699365779,3.8039881765815,2.207384951785472,380,0.9676320203785437,1,0,0,0,0,0,0,0,0,0,1,0,0,0,0,0,0,0,1,0,1,0,0
2.275092699365779,3.8039881765815,2.207384951785472,388,0.9676320203785437,1,0,1,0,0,0,0,0,0,0,0,0,0,0,0,0,0,0,1,0,1,0,0
-0.844865398567706,-0.8846202186908425,-0.9232238053072669,193,0.9676320203785437,0,0,0,0,0,0,0,0,0,0,0,0,0,0,0,0,0,0,1,0,0,0,0
-0.844865398567706,-0.8846202186908425,-0.8072753328223511,200,-0.6990049600893694,0,0,0,0,0,0,0,0,0,0,0,0,0,0,0,0,0,0,1,0,0,0,1
-0.844865398567706,-0.8846202186908425,-0.768625841994045,202,0.9676320203785437,0,0,0,0,0,0,0,0,0,0,0,0,0,0,0,0,0,0,1,0,0,0,0
-0.844865398567706,-0.8846202186908425,-1.5802651493884592,181,0.9676320203785437,0,0,0,0,0,0,0,0,0,0,0,0,0,0,0,0,0,0,0,0,0,0,0
-0.844865398567706,-0.8846202186908425,-1.5802651493884592,181,0.9676320203785437,0,0,0,0,0,0,0,0,0,1,0,0,0,0,0,0,0,0,0,0,0,0,0
-0.844865398567706,-0.8846202186908425,-0.9232238053072669,193,0.9676320203785437,0,0,0,0,0,0,0,0,0,0,0,0,0,0,0,0,0,0,1,0,0,0,0
-0.844865398567706,-0.8846202186908425,-0.8072753328223511,200,-0.6990049600893694,0,0,0,0,0,0,0,0,0,0,0,0,0,0,0,0,0,0,1,0,0,0,1
-0.844865398567706,-0.8846202186908425,-0.6526773695091292,209,0.9676320203785437,0,0,0,0,0,0,0,0,0,0,0,0,0,0,0,0,0,0,1,0,0,0,0
-0.844865398567706,-0.8846202186908425,-0.6526773695091292,209,0.9676320203785437,0,1,0,0,0,0,0,0,0,0,0,0,0,0,0,0,0,0,1,0,0,0,0
-0.844865398567706,-0.8846202186908425,-0.6526773695091292,209,0.9676320203785437,0,0,0,0,0,0,0,0,0,1,0,0,0,0,0,0,0,0,1,0,0,0,0
-0.06487587408433486,0.28753188012724307,-0.4594299153676021,221,0.9676320203785437,0,0,0,0,0,0,0,0,0,0,0,0,0,0,0,0,0,0,1,0,0,0,0
-0.06487587408433486,0.28753188012724307,-0.3048319520543803,230,-0.6990049600893694,0,0,0,0,0,0,0,0,0,0,0,0,0,0,0,0,0,0,1,0,0,0,1
-0.06487587408433486,0.28753188012724307,-0.34348144288268556,228,0.9676320203785437,0,0,0,0,0,0,0,0,0,0,0,0,0,0,0,0,0,0,1,0,0,0,0
-0.06487587408433486,0.28753188012724307,-0.18888347956946375,237,-0.6990049600893694,0,0,0,0,0,0,0,0,0,0,0,0,0,0,0,0,0,0,1,0,0,0,1
-0.06487587408433486,0.28753188012724307,-0.266182461226075,232,0.9676320203785437,0,1,0,0,0,0,0,0,0,0,0,0,0,0,0,0,0,0,1,0,0,0,0
-0.844865398567706,-0.8846202186908425,-0.9232238053072669,193,0.9676320203785437,0,0,0,0,0,0,0,0,0,0,0,0,0,0,0,0,0,0,1,0,0,0,0
-0.844865398567706,-0.8846202186908425,-0.8072753328223511,200,-0.6990049600893694,0,0,0,0,0,0,0,0,0,0,0,0,0,0,0,0,0,0,1,0,0,0,1
-0.844865398567706,-0.8846202186908425,-0.6526773695091292,209,0.9676320203785437,0,0,0,0,0,0,0,0,0,0,0,0,0,0,0,0,0,0,1,0,0,0,0
-0.06487587408433486,0.28753188012724307,-0.4594299153676021,221,0.9676320203785437,0,0,0,0,0,0,0,0,0,0,0,0,0,0,0,0,0,0,1,0,0,0,0
-0.06487587408433486,0.28753188012724307,-0.3048319520543803,230,-0.6990049600893694,0,0,0,0,0,0,0,0,0,0,0,0,0,0,0,0,0,0,1,0,0,0,1
-0.06487587408433486,0.28753188012724307,-0.34348144288268556,228,0.9676320203785437,0,0,0,0,0,0,0,0,0,0,0,0,0,0,0,0,0,0,1,0,0,0,0
-0.06487587408433486,0.28753188012724307,-0.18888347956946375,237,-0.6990049600893694,0,0,0,0,0,0,0,0,0,0,0,0,0,0,0,0,0,0,1,0,0,0,1
-0.844865398567706,-0.8846202186908425,-0.768625841994045,202,0.9676320203785437,0,0,1,0,0,0,0,0,0,0,0,0,0,0,0,0,0,0,1,0,0,0,0
-0.844865398567706,-0.8846202186908425,-0.6526773695091292,209,0.9676320203785437,0,0,1,0,0,0,0,0,0,0,0,0,0,0,0,0,0,0,1,0,0,0,0
-0.06487587408433486,0.28753188012724307,-1.116471259448794,213,0.9676320203785437,0,0,1,0,0,0,0,0,0,0,0,0,0,0,0,0,0,0,0,0,0,0,0
-0.06487587408433486,0.28753188012724307,-0.266182461226075,232,0.9676320203785437,0,0,1,0,0,0,0,0,0,0,0,0,0,0,0,0,0,0,1,0,0,0,0
-0.06487587408433486,0.28753188012724307,-0.0342855162562426,246,0.9676320203785437,1,1,0,0,0,0,0,0,0,0,0,0,0,0,0,0,0,0,1,0,0,0,0
1.0271094601923851,1.4596839789453286,0.5454568461683388,281,0.9676320203785437,1,0,1,0,0,0,0,0,0,0,0,0,0,0,0,0,0,0,1,0,0,0,0
1.0271094601923851,1.4596839789453286,0.7387043003098659,292,0.9676320203785437,1,1,0,0,0,0,0,0,0,0,0,0,0,0,0,0,0,0,1,0,0,0,0
-0.06487587408433486,0.28753188012724307,-0.266182461226075,232,0.9676320203785437,0,0,0,0,0,0,0,0,0,0,0,0,0,0,0,0,0,0,1,0,0,0,0
1.0271094601923851,1.4596839789453286,0.7387043003098659,292,0.9676320203785437,1,0,0,0,0,0,0,0,0,0,1,0,0,0,0,0,0,0,1,0,0,0,0
1.0271094601923851,1.4596839789453286,0.5454568461683388,281,0.9676320203785437,1,0,0,0,0,0,0,0,0,0,0,0,0,0,0,0,0,0,1,0,0,0,0
1.0271094601923851,1.4596839789453286,0.7387043003098659,292,0.9676320203785437,1,0,0,0,0,0,0,0,0,0,0,0,0,0,0,0,0,0,1,0,0,0,0
-0.06487587408433486,0.28753188012724307,-0.0342855162562426,246,0.9676320203785437,1,1,0,0,0,0,0,0,0,0,0,0,0,0,0,0,0,0,1,0,0,0,0
1.0271094601923851,1.4596839789453286,0.7387043003098659,292,0.9676320203785437,1,1,0,0,0,0,0,0,0,0,0,0,0,0,0,0,0,0,1,0,0,0,0
1.0271094601923851,1.4596839789453286,0.7387043003098659,292,0.9676320203785437,1,1,0,0,0,0,0,0,0,0,0,0,0,0,0,0,0,0,1,0,0,0,0
2.275092699365779,3.8039881765815,1.820890043502418,356,0.9676320203785437,1,1,0,0,0,0,0,0,0,0,0,0,0,0,0,0,0,0,1,0,0,0,0
-0.06487587408433486,0.28753188012724307,-0.9618732961355722,191,0.9676320203785437,0,0,0,0,0,0,0,0,0,0,0,0,0,0,0,0,0,0,1,0,0,0,0
-0.06487587408433486,0.28753188012724307,-0.5753783878525179,214,0.9676320203785437,0,0,1,0,0,0,0,0,0,0,0,0,0,0,0,0,0,0,1,0,0,0,0
-0.06487587408433486,0.28753188012724307,-0.614027878680824,212,0.9676320203785437,0,1,0,0,0,0,0,0,0,0,0,0,0,0,0,0,0,0,1,0,0,0,0
1.0271094601923851,1.4596839789453286,0.7387043003098659,292,0.9676320203785437,1,1,0,0,0,0,0,0,0,0,0,0,0,0,0,0,0,0,1,0,0,0,0
1.0271094601923851,1.4596839789453286,0.7387043003098659,292,0.9676320203785437,1,1,0,0,0,0,0,0,0,0,0,0,0,0,0,0,0,0,1,0,0,0,0
1.0271094601923851,1.4596839789453286,1.5116941168759743,338,0.1343135301445871,1,0,1,0,0,0,0,0,0,0,0,0,0,0,0,0,0,0,1,1,0,0,0
1.0271094601923851,1.4596839789453286,1.163848699421226,317,-0.6990049600893694,1,0,1,0,0,0,0,0,0,0,0,0,0,0,0,0,0,0,1,0,0,0,1
1.0271094601923851,1.4596839789453286,1.5116941168759743,338,0.1343135301445871,1,0,0,0,0,0,0,0,0,0,0,0,0,0,0,0,0,0,1,1,0,0,0
1.0271094601923851,1.4596839789453286,1.163848699421226,317,-0.6990049600893694,1,0,0,0,0,0,0,0,0,0,0,0,0,0,0,0,0,0,1,0,0,0,1
1.0271094601923851,1.4596839789453286,1.5116941168759743,338,0.1343135301445871,1,0,0,0,0,0,0,0,0,0,1,0,0,0,0,0,0,0,1,1,0,0,0
1.0271094601923851,1.4596839789453286,1.163848699421226,317,-0.6990049600893694,1,0,0,0,0,0,0,0,0,0,1,0,0,0,0,0,0,0,1,0,0,0,1
1.0271094601923851,1.4596839789453286,1.5116941168759743,338,0.1343135301445871,1,0,0,0,0,0,0,0,0,0,0,0,0,0,0,0,0,0,1,1,0,0,0
1.0271094601923851,1.4596839789453286,1.163848699421226,317,-0.6990049600893694,1,0,0,0,0,0,0,0,0,0,0,0,0,0,0,0,0,0,1,0,0,0,1
-0.844865398567706,-0.8846202186908425,-0.6526773695091292,209,0.9676320203785437,0,0,0,0,0,0,0,0,0,0,0,1,0,0,0,0,0,0,1,0,0,0,0
-0.06487587408433486,0.28753188012724307,0.1976114287135905,260,-0.6990049600893694,1,0,0,0,0,0,0,0,0,0,0,1,0,0,0,0,0,0,1,0,0,0,0
-0.844865398567706,-0.8846202186908425,-0.3048319520543803,230,0.9676320203785437,0,0,0,0,0,0,0,0,0,0,0,1,0,0,0,0,0,0,1,0,0,0,0
-0.06487587408433486,0.28753188012724307,0.08166295622867395,253,0.9676320203785437,1,0,0,0,0,0,0,0,0,0,0,1,0,0,0,0,0,0,1,0,0,0,0
-0.06487587408433486,0.28753188012724307,0.12031244705697923,255,0.9676320203785437,1,0,0,0,0,0,0,0,0,0,0,0,1,0,0,0,0,0,1,0,0,0,0
1.0271094601923851,1.4596839789453286,1.2024981902495313,320,0.9676320203785437,1,0,0,0,0,0,0,0,0,0,0,0,1,0,0,0,0,0,1,0,0,0,0
1.0271094601923851,1.4596839789453286,2.052786988472251,370,-0.6990049600893694,1,0,0,0,0,0,0,0,0,0,0,0,1,0,0,0,0,0,1,0,0,0,0
-0.06487587408433486,0.28753188012724307,0.4295083736834229,274,0.9676320203785437,1,0,0,0,0,0,0,0,0,0,0,0,1,0,0,0,0,0,1,0,0,0,0
1.0271094601923851,1.4596839789453286,1.2797971719061418,324,0.9676320203785437,1,0,0,0,0,0,0,0,0,0,0,0,1,0,0,0,0,0,1,0,0,0,0
-0.844865398567706,-0.8846202186908425,-0.6526773695091292,209,0.9676320203785437,0,0,0,0,0,0,0,0,0,0,0,0,0,1,0,0,0,0,1,0,0,0,0
-0.844865398567706,-0.8846202186908425,-0.8072753328223511,200,-0.6990049600893694,0,0,0,0,0,0,0,0,0,0,0,0,0,1,0,0,0,0,1,0,0,0,1
-0.06487587408433486,0.28753188012724307,0.5068073553400334,278,0.1343135301445871,1,0,0,0,0,0,0,0,0,0,0,0,0,1,0,0,0,0,1,1,0,0,0
-0.06487587408433486,0.28753188012724307,0.08166295622867395,253,-0.6990049600893694,1,0,0,0,0,0,0,0,0,0,0,0,0,1,0,0,0,0,1,0,0,0,1
-0.06487587408433486,0.28753188012724307,0.5068073553400334,278,0.1343135301445871,1,0,0,0,0,0,0,0,0,0,0,0,0,1,0,0,0,0,1,1,0,0,0
0.40311784060568795,0.28753188012724307,0.5841063369966447,283,-0.6990049600893694,1,0,0,0,0,0,0,0,0,0,0,0,1,0,0,0,0,1,0,0,0,0,0
0.40311784060568795,0.28753188012724307,0.7000548094815605,290,-0.6990049600893694,1,0,0,0,0,0,0,0,0,0,0,0,1,0,0,0,0,1,0,0,0,0,0
-1.312859113257729,-0.8846202186908425,-0.8845743144789616,196,-0.6990049600893694,0,0,0,0,0,0,0,0,0,0,0,1,0,0,0,0,0,1,0,0,1,0,0
-1.312859113257729,-0.8846202186908425,-0.614027878680824,212,-0.6990049600893694,0,0,0,0,0,0,0,0,0,0,0,1,0,0,0,0,0,1,0,0,1,0,0
0.40311784060568795,0.28753188012724307,0.27491041037020103,264,-0.6990049600893694,1,0,1,0,0,0,0,0,0,0,0,0,0,0,0,0,0,1,0,0,1,0,0
0.40311784060568795,0.28753188012724307,1.8595395343307233,250,-0.6990049600893694,1,0,1,0,0,0,0,0,0,0,0,0,0,0,0,0,1,0,0,0,1,0,0
0.40311784060568795,0.28753188012724307,0.27491041037020103,264,-0.6990049600893694,1,0,1,0,0,0,0,0,0,0,0,0,0,0,0,0,0,1,0,0,1,0,0
0.40311784060568795,0.28753188012724307,2.207384951785472,264,-0.6990049600893694,1,0,1,0,0,0,0,0,0,0,0,0,0,0,0,0,1,0,0,0,1,0,0
-0.5328695887743576,-0.8846202186908425,-1.0005227869638782,189,-0.6990049600893694,0,0,1,0,0,0,0,0,0,0,0,0,0,0,0,0,0,1,0,0,1,0,0
-0.844865398567706,-0.8846202186908425,-0.34348144288268556,228,-0.6990049600893694,0,0,1,0,0,0,0,0,0,0,0,0,0,0,0,0,0,0,1,0,1,0,0
-0.844865398567706,-0.8846202186908425,-0.3821309337109908,225,-0.6990049600893694,0,0,1,0,0,0,0,0,0,0,0,0,0,0,0,0,0,0,1,0,0,0,1
-0.844865398567706,-0.8846202186908425,-0.0342855162562426,246,-0.6990049600893694,1,0,1,0,0,0,0,0,0,0,0,0,0,0,0,0,0,0,1,0,1,0,0
-0.5328695887743576,-0.8846202186908425,-1.0005227869638782,189,-0.6990049600893694,0,0,1,0,0,0,0,0,0,0,0,0,0,0,0,0,0,1,0,0,1,0,0
-0.844865398567706,-0.8846202186908425,-0.34348144288268556,228,-0.6990049600893694,0,0,0,0,0,0,0,0,0,0,0,0,0,0,0,0,0,0,1,0,1,0,0
-0.844865398567706,-0.8846202186908425,-0.3821309337109908,225,-0.6990049600893694,0,0,0,0,0,0,0,0,0,0,0,0,0,0,0,0,0,0,1,0,0,0,1
-0.5328695887743576,-0.8846202186908425,-0.4980794061959074,218,-0.6990049600893694,0,0,0,0,0,0,0,0,0,0,0,0,0,0,0,0,0,1,0,0,1,0,0
-0.844865398567706,-0.8846202186908425,-0.4594299153676021,221,-0.6990049600893694,0,0,0,0,0,0,0,0,0,0,0,0,0,0,0,0,0,0,1,0,1,0,0
-0.844865398567706,-0.8846202186908425,-0.2275329703977697,235,-0.6990049600893694,0,0,0,0,0,0,0,0,0,0,0,0,0,0,0,0,0,0,1,0,0,0,1
-0.4548706363260205,-0.8846202186908425,-0.6913268603374345,207,-0.6990049600893694,0,0,0,0,0,0,0,0,0,0,0,0,0,0,0,0,0,1,0,0,1,0,0
0.40311784060568795,0.28753188012724307,0.043013465400368656,251,-0.6990049600893694,1,0,0,0,0,0,0,0,0,0,0,0,0,0,0,0,0,1,0,0,1,0,0
-0.844865398567706,-0.8846202186908425,-0.266182461226075,232,-0.6990049600893694,0,0,0,0,0,0,0,0,0,0,0,0,0,0,0,0,0,0,1,0,1,0,0
0.40311784060568795,0.28753188012724307,0.1976114287135905,260,-0.6990049600893694,1,0,0,0,0,0,0,0,0,0,0,0,0,0,0,0,0,1,0,0,1,0,0
0.40311784060568795,0.28753188012724307,0.1589619378852845,258,-0.6990049600893694,1,0,1,0,0,0,0,0,0,0,0,0,0,0,0,0,0,1,0,0,1,0,0
0.40311784060568795,0.28753188012724307,0.23626091954189576,262,-0.6990049600893694,1,0,1,0,0,0,0,0,0,0,0,0,0,0,0,0,0,1,0,0,1,0,0
-0.844865398567706,-0.8846202186908425,-0.266182461226075,232,-0.6990049600893694,0,0,1,0,0,0,0,0,0,0,0,0,0,0,0,0,0,0,1,0,1,0,0
0.40311784060568795,0.28753188012724307,0.004363974572063373,248,0.9676320203785437,1,0,1,0,0,0,0,0,0,0,0,0,0,0,0,0,0,1,0,0,1,0,0
-0.844865398567706,-0.8846202186908425,0.004363974572063373,248,-0.6990049600893694,1,0,1,0,0,0,0,0,0,0,0,0,0,0,0,0,0,0,1,0,1,0,0
0.40311784060568795,0.28753188012724307,0.1976114287135905,260,-0.6990049600893694,1,0,1,0,0,0,0,0,0,0,0,0,0,0,0,0,0,1,0,0,1,0,0
0.40311784060568795,0.28753188012724307,0.7773537911381718,294,0.9676320203785437,1,0,1,0,0,0,0,0,0,0,0,0,0,0,0,0,0,0,1,0,1,0,0
-0.06487587408433486,0.28753188012724307,0.08166295622867395,253,-0.6990049600893694,1,0,0,0,0,0,0,0,0,1,0,0,0,0,0,0,0,1,0,0,1,0,0
0.40311784060568795,0.28753188012724307,0.1976114287135905,260,-0.6990049600893694,1,0,0,0,0,0,0,0,0,1,0,0,0,0,0,0,0,1,0,0,1,0,0
-0.06487587408433486,0.28753188012724307,0.12031244705697923,255,-0.6990049600893694,1,0,0,0,0,0,0,0,0,1,0,0,0,0,0,0,0,1,0,0,1,0,0
0.40311784060568795,0.28753188012724307,0.23626091954189576,262,-0.6990049600893694,1,0,0,0,0,0,0,0,0,1,0,0,0,0,0,0,0,1,0,0,1,0,0
2.431090604262453,1.4596839789453286,2.246034442613778,382,-0.6990049600893694,1,0,1,0,0,0,0,0,0,0,0,0,0,0,0,0,0,0,1,0,1,0,0
2.431090604262453,1.4596839789453286,1.5503436077042803,340,-0.6990049600893694,1,0,1,0,0,0,0,0,0,0,0,0,0,0,0,0,0,0,1,0,0,0,1
2.431090604262453,1.4596839789453286,2.246034442613778,382,-0.6990049600893694,1,0,1,0,0,0,0,0,0,0,0,0,0,0,0,0,0,0,1,0,1,0,0
2.431090604262453,1.4596839789453286,1.5503436077042803,340,-0.6990049600893694,1,0,1,0,0,0,0,0,0,0,0,0,0,0,0,0,0,0,1,0,0,0,1
2.431090604262453,1.4596839789453286,2.246034442613778,382,-0.6990049600893694,1,0,0,0,0,0,0,0,0,1,0,0,0,0,0,0,0,0,1,0,1,0,0
2.431090604262453,1.4596839789453286,1.5503436077042803,340,-0.6990049600893694,1,0,0,0,0,0,0,0,0,1,0,0,0,0,0,0,0,0,1,0,0,0,1
2.431090604262453,1.4596839789453286,1.5116941168759743,338,-0.6990049600893694,1,0,0,0,0,0,0,0,0,0,0,0,1,0,0,0,0,0,1,0,0,0,0
2.431090604262453,1.4596839789453286,2.168735460957166,377,-0.6990049600893694,1,0,0,0,0,0,0,0,0,0,0,0,1,0,0,0,0,0,1,0,0,0,0
0.40311784060568795,0.28753188012724307,0.5841063369966447,283,-0.6990049600893694,1,0,0,0,0,0,0,0,0,0,0,0,1,0,0,0,0,1,0,0,1,0,0
0.40311784060568795,0.28753188012724307,0.7773537911381718,294,-0.6990049600893694,1,0,0,0,0,0,0,0,0,0,0,0,1,0,0,0,0,1,0,0,1,0,0
0.40311784060568795,0.28753188012724307,0.23626091954189576,262,-0.6990049600893694,1,1,0,0,0,0,0,0,0,0,0,0,0,0,0,0,0,1,0,0,1,0,0
0.40311784060568795,0.28753188012724307,0.3908588828551176,271,-0.6990049600893694,1,1,0,0,0,0,0,0,0,0,0,0,0,0,0,0,0,1,0,0,1,0,0
0.40311784060568795,0.28753188012724307,0.7000548094815605,290,-0.6990049600893694,1,1,0,0,0,0,0,0,0,0,0,0,0,0,0,0,0,0,1,0,1,0,0
0.40311784060568795,0.28753188012724307,0.1589619378852845,258,-0.6990049600893694,1,0,0,0,0,0,0,0,0,0,0,0,0,0,0,0,0,1,0,0,1,0,0
0.40311784060568795,0.28753188012724307,0.3522093920268116,269,-0.6990049600893694,1,0,0,0,0,0,0,0,0,0,0,0,0,0,0,0,0,1,0,0,0,0,1
0.40311784060568795,0.28753188012724307,-0.11158449791285317,242,-0.6990049600893694,0,0,0,0,0,0,0,0,0,0,0,0,0,0,0,0,0,1,0,0,1,0,0
2.431090604262453,1.4596839789453286,0.7773537911381718,294,-0.6990049600893694,1,0,0,0,0,0,0,0,0,0,0,0,0,0,0,0,0,0,1,0,1,0,0
2.431090604262453,1.4596839789453286,0.7387043003098659,292,-0.6990049600893694,1,0,0,0,0,0,0,0,0,0,0,0,0,0,0,0,0,0,1,0,0,0,1
2.431090604262453,1.4596839789453286,2.246034442613778,382,-0.6990049600893694,1,0,0,0,0,0,0,0,0,0,0,0,0,0,0,0,0,0,1,0,1,0,0
2.431090604262453,1.4596839789453286,1.5503436077042803,340,-0.6990049600893694,1,0,0,0,0,0,0,0,0,0,0,0,0,0,0,0,0,0,1,0,0,0,1
2.431090604262453,1.4596839789453286,0.4681578645117282,276,-0.6990049600893694,1,0,0,0,0,0,0,0,0,0,0,0,0,1,0,0,0,0,1,0,1,0,0
2.431090604262453,1.4596839789453286,0.1589619378852845,258,0.1343135301445871,1,0,0,0,0,0,0,0,0,0,0,0,0,1,0,0,0,0,1,0,0,0,1
-1.312859113257729,-0.8846202186908425,-1.1551207502770997,179,-0.6990049600893694,0,0,1,0,0,0,0,0,0,0,0,0,0,0,0,0,0,1,0,0,1,0,0
-1.312859113257729,-0.8846202186908425,-1.1551207502770997,179,-0.6990049600893694,0,0,1,0,0,0,0,0,0,0,0,0,0,0,0,0,0,1,0,0,0,0,1
-1.0008633034643803,-0.8846202186908425,-0.768625841994045,202,-0.6990049600893694,0,0,1,0,0,0,0,0,0,0,0,0,0,0,0,0,0,1,0,0,1,0,0
-1.0008633034643803,-0.8846202186908425,-1.0005227869638782,189,-0.6990049600893694,0,0,1,0,0,0,0,0,0,0,0,0,0,0,0,0,0,1,0,0,0,0,1
-0.844865398567706,-0.8846202186908425,-1.4256671860752377,192,-0.6990049600893694,0,0,1,0,0,0,0,0,0,0,0,0,0,0,0,0,0,0,0,0,1,0,0
-1.312859113257729,-0.8846202186908425,-1.193770241105405,177,-0.6990049600893694,0,0,1,0,0,0,0,0,0,0,0,0,0,0,0,0,0,1,0,0,0,0,0
-1.312859113257729,-0.8846202186908425,-1.4256671860752377,163,-0.6990049600893694,0,0,1,0,0,0,0,0,0,0,0,0,0,0,0,0,0,1,0,0,0,0,1
-0.5328695887743576,-0.8846202186908425,-0.6526773695091292,209,-0.6990049600893694,0,0,0,0,0,0,0,0,0,0,0,1,0,0,0,0,0,1,0,0,0,0,0
0.40311784060568795,0.28753188012724307,0.4681578645117282,276,-0.6990049600893694,1,0,0,0,0,0,0,0,0,0,0,1,0,0,0,0,0,1,0,0,0,0,0
0.40311784060568795,0.28753188012724307,2.0914364793005555,259,-0.6990049600893694,1,0,0,0,0,0,0,0,0,0,0,1,0,0,0,0,1,0,0,0,0,0,0
-0.5328695887743576,-0.8846202186908425,-0.3048319520543803,230,-0.6990049600893694,0,0,0,0,0,0,0,0,0,0,0,1,0,0,0,0,0,1,0,0,0,0,0
0.40311784060568795,0.28753188012724307,0.7000548094815605,290,-0.6990049600893694,1,0,0,0,0,0,0,0,0,0,0,1,0,0,0,0,0,1,0,0,0,0,0
0.40311784060568795,0.28753188012724307,2.4006324059269994,272,-0.6990049600893694,1,0,0,0,0,0,0,0,0,0,0,1,0,0,0,0,1,0,0,0,0,0,0
0.9491105077440476,0.28753188012724307,1.666292080189196,347,-2.3656419405572824,1,0,0,0,0,0,0,0,0,0,0,0,0,0,1,0,0,1,0,0,0,0,0
1.7291000322274188,1.4596839789453286,1.9754880068156397,366,-2.3656419405572824,1,0,0,0,0,0,0,0,0,0,0,0,0,0,1,0,0,1,0,0,0,0,0
1.7291000322274188,1.4596839789453286,2.207384951785472,380,-2.3656419405572824,1,0,0,0,0,0,0,0,0,0,0,0,0,0,1,0,0,1,0,0,0,0,0
1.7291000322274188,1.4596839789453286,2.207384951785472,380,-2.3656419405572824,1,0,0,0,0,0,0,0,0,0,0,0,0,0,1,0,0,1,0,0,0,0,0
1.7291000322274188,1.4596839789453286,2.207384951785472,380,-2.3656419405572824,1,0,0,0,0,0,0,0,0,0,0,0,0,0,1,0,0,1,0,0,0,0,0
1.7291000322274188,1.4596839789453286,2.207384951785472,380,-2.3656419405572824,1,0,0,0,0,0,0,0,0,0,0,0,0,0,0,1,0,1,0,0,0,0,0
1.7291000322274188,1.4596839789453286,2.207384951785472,380,-2.3656419405572824,1,0,0,0,0,0,0,0,0,0,0,0,0,0,0,1,0,1,0,0,0,0,0
-0.4548706363260205,-0.8846202186908425,-0.4594299153676021,221,-0.6990049600893694,0,1,0,0,0,0,0,0,0,0,0,0,0,0,0,0,0,1,0,0,1,0,0
0.40311784060568795,0.28753188012724307,-0.07293500708454788,244,-0.6990049600893694,0,1,0,0,0,0,0,0,0,0,0,0,0,0,0,0,0,1,0,0,1,0,0
0.40311784060568795,0.28753188012724307,1.3570961535627533,229,-0.6990049600893694,0,1,0,0,0,0,0,0,0,0,0,0,0,0,0,0,1,0,0,0,1,0,0
-0.5328695887743576,-0.8846202186908425,-0.8072753328223511,200,-0.6990049600893694,0,1,0,0,0,0,0,0,0,0,0,0,0,0,0,0,0,1,0,0,1,0,0
-0.844865398567706,-0.8846202186908425,-0.34348144288268556,228,-0.6990049600893694,0,0,1,0,0,0,0,0,0,0,0,0,0,0,0,0,0,0,1,0,1,0,0
-0.4548706363260205,-0.8846202186908425,-1.0778217686204887,184,-0.6990049600893694,0,0,1,0,0,0,0,0,0,0,0,0,0,0,0,0,0,1,0,0,1,0,0
-0.5328695887743576,-0.8846202186908425,-0.07293500708454788,244,-0.6990049600893694,0,0,0,0,0,0,0,0,0,0,0,1,0,0,0,0,0,1,0,0,1,0,0
-0.5328695887743576,-0.8846202186908425,-0.2275329703977697,235,-0.6990049600893694,0,0,0,0,0,0,0,0,0,0,0,1,0,0,0,0,0,1,0,0,0,0,1
0.9491105077440476,0.28753188012724307,0.3908588828551176,271,-0.6990049600893694,1,0,0,0,0,0,1,0,0,0,0,0,0,0,0,0,0,1,0,0,0,0,0
0.9491105077440476,0.28753188012724307,2.323333424270389,269,-0.6990049600893694,1,0,0,0,0,0,1,0,0,0,0,0,0,0,0,0,1,0,0,0,0,0,0
1.7291000322274188,1.4596839789453286,0.7387043003098659,292,-0.6990049600893694,1,0,0,0,0,0,1,0,0,0,0,0,0,0,0,0,0,1,0,0,0,0,0
1.7291000322274188,1.4596839789453286,2.3619829150986935,270,-0.6990049600893694,1,0,0,0,0,0,1,0,0,0,0,0,0,0,0,0,1,0,0,0,0,0,0
2.431090604262453,1.4596839789453286,1.2797971719061418,324,-0.6990049600893694,1,0,0,0,0,0,1,0,0,0,0,0,0,0,0,0,0,0,1,0,0,0,0
0.9491105077440476,0.28753188012724307,0.7000548094815605,290,-0.6990049600893694,1,0,0,0,0,0,1,0,0,0,0,0,0,0,0,0,0,1,0,0,0,0,0
0.9491105077440476,0.28753188012724307,2.709828332553443,285,-0.6990049600893694,1,0,0,0,0,0,1,0,0,0,0,0,0,0,0,0,1,0,0,0,0,0,0
1.7291000322274188,1.4596839789453286,0.8546527727947824,299,-0.6990049600893694,1,0,0,0,0,0,1,0,0,0,0,0,0,0,0,0,0,1,0,0,0,0,0
1.7291000322274188,1.4596839789453286,2.516580878411916,277,-0.6990049600893694,1,0,0,0,0,0,1,0,0,0,0,0,0,0,0,0,1,0,0,0,0,0,0
2.431090604262453,1.4596839789453286,1.3570961535627533,329,-0.6990049600893694,1,0,0,0,0,0,1,0,0,0,0,0,0,0,0,0,0,0,1,0,0,0,0
-1.312859113257729,-0.8846202186908425,-1.0778217686204887,184,-0.6990049600893694,0,0,0,0,0,0,0,0,0,0,0,0,0,0,0,0,0,1,0,0,1,0,0
-1.312859113257729,-0.8846202186908425,-1.271069222762016,173,-0.6990049600893694,0,0,0,0,0,0,0,0,0,0,0,0,0,0,0,0,0,1,0,0,0,0,1
-1.0008633034643803,-0.8846202186908425,-0.9618732961355722,191,-0.6990049600893694,0,0,0,0,0,0,0,0,0,0,0,0,0,0,0,0,0,1,0,0,1,0,0
-1.0008633034643803,-0.8846202186908425,-1.116471259448794,182,-1.532323450323326,0,0,0,0,0,0,0,0,0,0,0,0,0,0,0,0,0,1,0,0,0,0,1
-1.312859113257729,-0.8846202186908425,-0.9618732961355722,191,-0.6990049600893694,0,0,0,0,0,0,0,0,0,0,0,0,0,0,0,0,0,1,0,0,1,0,0
-1.312859113257729,-0.8846202186908425,-1.0778217686204887,184,-0.6990049600893694,0,0,0,0,0,0,0,0,0,0,0,0,0,0,0,0,0,1,0,0,0,0,1
-1.312859113257729,-0.8846202186908425,-1.0778217686204887,184,-0.6990049600893694,0,0,1,0,0,0,0,0,0,0,0,0,0,0,0,0,0,1,0,0,1,0,0
-1.312859113257729,-0.8846202186908425,-1.271069222762016,172,-0.6990049600893694,0,0,1,0,0,0,0,0,0,0,0,0,0,0,0,0,0,1,0,0,0,0,1
-1.0008633034643803,-0.8846202186908425,-0.9618732961355722,191,-0.6990049600893694,0,0,1,0,0,0,0,0,0,0,0,0,0,0,0,0,0,1,0,0,1,0,0
-1.0008633034643803,-0.8846202186908425,-1.116471259448794,182,-1.532323450323326,0,0,1,0,0,0,0,0,0,0,0,0,0,0,0,0,0,1,0,0,0,0,1
-1.312859113257729,-0.8846202186908425,-0.9618732961355722,191,-0.6990049600893694,0,0,1,0,0,0,0,0,0,0,0,0,0,0,0,0,0,1,0,0,1,0,0
-1.312859113257729,-0.8846202186908425,-1.0778217686204887,184,-0.6990049600893694,0,0,1,0,0,0,0,0,0,0,0,0,0,0,0,0,0,1,0,0,0,0,1
-1.4688570181544032,-0.8846202186908425,-1.5029661677318482,159,-0.6990049600893694,0,0,0,0,0,0,0,0,0,0,1,0,0,0,0,0,0,1,0,0,0,1,0
-1.4688570181544032,-0.8846202186908425,-1.5029661677318482,159,-1.532323450323326,0,0,0,0,0,0,0,0,0,0,1,0,0,0,0,0,0,1,0,0,0,0,1
1.7291000322274188,1.4596839789453286,1.163848699421226,317,-0.6990049600893694,1,0,0,0,0,0,0,0,0,0,0,0,1,0,0,0,0,1,0,0,0,0,0
1.7291000322274188,1.4596839789453286,2.9417252775232745,294,-0.6990049600893694,1,0,0,0,0,0,0,0,0,0,0,0,1,0,0,0,1,0,0,0,0,0,0
1.7291000322274188,1.4596839789453286,1.163848699421226,317,-0.6990049600893694,1,0,0,0,0,0,0,0,0,0,0,0,1,0,0,0,0,1,0,0,0,0,0
1.7291000322274188,1.4596839789453286,2.9417252775232745,294,-0.6990049600893694,1,0,0,0,0,0,0,0,0,0,0,0,1,0,0,0,1,0,0,0,0,0,0
1.7291000322274188,1.4596839789453286,1.163848699421226,317,-0.6990049600893694,1,0,0,0,0,0,0,0,0,0,0,0,1,0,0,0,0,1,0,0,0,0,0
1.7291000322274188,1.4596839789453286,2.9417252775232745,294,-0.6990049600893694,1,0,0,0,0,0,0,0,0,0,0,0,1,0,0,0,1,0,0,0,0,0,0
1.7291000322274188,1.4596839789453286,1.163848699421226,317,-0.6990049600893694,1,0,0,0,0,0,0,0,0,0,0,0,1,0,0,0,0,1,0,0,0,0,0
1.7291000322274188,1.4596839789453286,2.9417252775232745,294,-0.6990049600893694,1,0,0,0,0,0,0,0,0,0,0,0,1,0,0,0,1,0,0,0,0,0,0
0.40311784060568795,0.28753188012724307,0.5841063369966447,283,-0.6990049600893694,1,0,0,0,0,0,0,0,0,0,0,0,1,0,0,0,0,1,0,0,0,0,0
0.40311784060568795,0.28753188012724307,0.7000548094815605,290,-0.6990049600893694,1,0,0,0,0,0,0,0,0,0,0,0,1,0,0,0,0,1,0,0,0,0,0
-1.312859113257729,-0.8846202186908425,-0.9232238053072669,193,-0.6990049600893694,0,0,0,0,0,0,0,0,0,0,0,1,0,0,0,0,0,1,0,0,1,0,0
-1.312859113257729,-0.8846202186908425,-1.0391722777921835,186,-0.6990049600893694,0,0,0,0,0,0,0,0,0,0,0,1,0,0,0,0,0,1,0,0,0,0,1
-1.312859113257729,-0.8846202186908425,-0.6913268603374345,207,-0.6990049600893694,0,0,0,0,0,0,0,0,0,0,0,1,0,0,0,0,0,1,0,0,1,0,0
0.40311784060568795,0.28753188012724307,-0.18888347956946375,237,0.9676320203785437,0,1,0,0,0,0,0,0,0,0,0,0,0,0,0,0,0,1,0,0,0,0,0
-0.5328695887743576,-0.8846202186908425,-0.266182461226075,232,-2.3656419405572824,0,0,0,0,0,0,0,0,0,0,0,0,0,0,0,0,0,1,0,0,0,0,0
-0.5328695887743576,-0.8846202186908425,-0.0342855162562426,246,-0.6990049600893694,1,0,0,0,0,0,0,0,0,0,0,0,0,0,0,0,0,1,0,0,0,0,0
0.40311784060568795,0.28753188012724307,-0.11158449791285317,242,-0.6990049600893694,0,0,0,0,0,0,0,0,0,0,0,0,0,0,0,0,0,1,0,0,0,0,0
0.40311784060568795,0.28753188012724307,1.3957456443910585,230,-0.6990049600893694,0,0,0,0,0,0,0,0,0,0,0,0,0,0,0,0,1,0,0,0,0,0,0
-0.5328695887743576,-0.8846202186908425,-0.3821309337109908,225,-2.3656419405572824,0,0,1,0,0,0,0,0,0,0,0,0,0,0,0,0,0,1,0,0,0,0,0
-0.5328695887743576,-0.8846202186908425,-0.3048319520543803,230,-0.6990049600893694,0,0,1,0,0,0,0,0,0,0,0,0,0,0,0,0,0,1,0,0,0,0,0
0.40311784060568795,0.28753188012724307,-0.11158449791285317,242,-0.6990049600893694,0,0,1,0,0,0,0,0,0,0,0,0,0,0,0,0,0,1,0,0,0,0,0
0.40311784060568795,0.28753188012724307,1.3957456443910585,230,-0.6990049600893694,0,0,1,0,0,0,0,0,0,0,0,0,0,0,0,0,1,0,0,0,0,0,0
2.0410958420207677,1.4596839789453286,0.7773537911381718,294,-1.532323450323326,1,1,0,0,0,0,0,0,0,0,0,0,0,0,0,0,0,1,0,0,0,0,0
0.40311784060568795,0.28753188012724307,0.043013465400368656,251,0.9676320203785437,1,1,0,0,0,0,0,0,0,0,0,0,0,0,0,0,0,1,0,0,0,0,0
2.0410958420207677,1.4596839789453286,1.0092507361080043,308,-1.532323450323326,1,1,0,0,0,0,0,0,0,0,0,0,0,0,0,0,0,1,0,0,0,0,0
0.40311784060568795,0.28753188012724307,0.043013465400368656,251,0.9676320203785437,1,1,0,0,0,0,0,0,0,0,0,0,0,0,0,0,0,1,0,0,0,0,0
0.40311784060568795,0.28753188012724307,1.5503436077042803,237,0.9676320203785437,0,1,0,0,0,0,0,0,0,0,0,0,0,0,0,0,1,0,0,0,0,0,0
0.40311784060568795,0.28753188012724307,-0.18888347956946375,237,0.9676320203785437,0,1,0,0,0,0,0,0,0,0,0,0,0,0,0,0,0,1,0,0,0,0,0
0.40311784060568795,0.28753188012724307,1.2024981902495313,222,0.9676320203785437,0,1,0,0,0,0,0,0,0,0,0,0,0,0,0,0,1,0,0,0,0,0,0
2.5870885091591274,1.4596839789453286,1.163848699421226,317,-1.532323450323326,1,1,0,0,0,0,0,0,0,0,0,0,0,0,0,0,0,0,1,0,0,0,0
0.40311784060568795,0.28753188012724307,0.4681578645117282,276,-0.6990049600893694,1,0,0,0,1,0,0,0,0,0,0,0,0,0,0,0,0,1,0,0,0,0,0
0.40311784060568795,0.28753188012724307,2.323333424270389,269,-0.6990049600893694,1,0,0,0,1,0,0,0,0,0,0,0,0,0,0,0,1,0,0,0,0,0,0
-0.5328695887743576,-0.8846202186908425,-0.3821309337109908,225,-2.3656419405572824,0,0,1,0,0,0,0,0,0,0,0,0,0,0,0,0,0,1,0,0,0,0,0
-0.5328695887743576,-0.8846202186908425,-0.3048319520543803,230,-0.6990049600893694,0,0,1,0,0,0,0,0,0,0,0,0,0,0,0,0,0,1,0,0,0,0,0
0.40311784060568795,0.28753188012724307,-0.11158449791285317,242,-0.6990049600893694,0,0,1,0,0,0,0,0,0,0,0,0,0,0,0,0,0,1,0,0,0,0,0
0.40311784060568795,0.28753188012724307,1.3957456443910585,230,-0.6990049600893694,0,0,1,0,0,0,0,0,0,0,0,0,0,0,0,0,1,0,0,0,0,0,0
0.40311784060568795,0.28753188012724307,0.1589619378852845,258,-1.532323450323326,1,0,1,0,0,0,0,0,0,0,0,0,0,0,0,0,0,1,0,0,0,0,0
2.0410958420207677,1.4596839789453286,0.8933022636230876,301,-0.6990049600893694,1,0,1,0,0,0,0,0,0,0,0,0,0,0,0,0,0,1,0,0,0,0,1
2.0410958420207677,1.4596839789453286,0.7773537911381718,294,-1.532323450323326,1,0,1,0,0,0,0,0,0,0,0,0,0,0,0,0,0,1,0,0,0,0,0
2.5870885091591274,1.4596839789453286,1.2024981902495313,320,-0.6990049600893694,1,0,1,0,0,0,0,0,0,0,0,0,0,0,0,0,0,0,1,0,0,0,1
2.5870885091591274,1.4596839789453286,1.163848699421226,317,-1.532323450323326,1,0,1,0,0,0,0,0,0,0,0,0,0,0,0,0,0,0,1,0,0,0,0
0.40311784060568795,0.28753188012724307,0.1589619378852845,258,-1.532323450323326,1,1,0,0,0,0,0,0,0,0,0,0,0,0,0,0,0,1,0,0,0,0,0
0.40311784060568795,0.28753188012724307,-0.18888347956946375,237,0.9676320203785437,0,1,0,0,0,0,0,0,0,0,0,0,0,0,0,0,0,1,0,0,0,0,0
2.0410958420207677,1.4596839789453286,0.7773537911381718,294,-1.532323450323326,1,1,0,0,0,0,0,0,0,0,0,0,0,0,0,0,0,1,0,0,0,0,0
0.40311784060568795,0.28753188012724307,0.043013465400368656,251,0.9676320203785437,1,1,0,0,0,0,0,0,0,0,0,0,0,0,0,0,0,1,0,0,0,0,0
2.0410958420207677,1.4596839789453286,1.0092507361080043,308,-1.532323450323326,1,1,0,0,0,0,0,0,0,0,0,0,0,0,0,0,0,1,0,0,0,0,0
0.40311784060568795,0.28753188012724307,0.043013465400368656,251,0.9676320203785437,1,1,0,0,0,0,0,0,0,0,0,0,0,0,0,0,0,1,0,0,0,0,0
0.40311784060568795,0.28753188012724307,1.5503436077042803,237,0.9676320203785437,0,1,0,0,0,0,0,0,0,0,0,0,0,0,0,0,1,0,0,0,0,0,0
0.40311784060568795,0.28753188012724307,0.1589619378852845,258,-1.532323450323326,1,1,0,0,0,0,0,0,0,0,0,0,0,0,0,0,0,1,0,0,0,0,0
0.40311784060568795,0.28753188012724307,1.8981890251590285,251,-1.532323450323326,1,1,0,0,0,0,0,0,0,0,0,0,0,0,0,0,1,0,0,0,0,0,0
0.40311784060568795,0.28753188012724307,-0.2275329703977697,235,0.9676320203785437,0,1,0,0,0,0,0,0,0,0,0,0,0,0,0,0,0,1,0,0,0,0,0
0.40311784060568795,0.28753188012724307,1.2024981902495313,222,0.9676320203785437,0,1,0,0,0,0,0,0,0,0,0,0,0,0,0,0,1,0,0,0,0,0,0
2.5870885091591274,1.4596839789453286,1.163848699421226,317,-1.532323450323326,1,1,0,0,0,0,0,0,0,0,0,0,0,0,0,0,0,0,1,0,0,0,0
-0.844865398567706,-0.8846202186908425,-1.0391722777921835,186,-0.6990049600893694,0,0,1,0,0,0,0,0,0,0,0,0,0,0,0,0,0,1,0,0,0,0,1
-0.5328695887743576,-0.8846202186908425,-0.8459248236506564,198,-0.6990049600893694,0,0,1,0,0,0,0,0,0,0,0,0,0,0,0,0,0,1,0,0,0,0,0
-0.5328695887743576,-0.8846202186908425,-0.768625841994045,202,-0.6990049600893694,0,0,1,0,0,0,0,0,0,0,0,0,0,0,0,0,0,1,0,0,0,0,1
-0.844865398567706,-0.8846202186908425,-0.8459248236506564,198,-0.6990049600893694,0,0,1,0,0,0,0,0,0,0,0,0,0,0,0,0,0,1,0,0,0,0,0
-0.844865398567706,-0.8846202186908425,0.5454568461683388,195,-0.6990049600893694,0,0,1,0,0,0,0,0,0,0,0,0,0,0,0,0,1,0,0,0,0,0,0
-0.5328695887743576,-0.8846202186908425,-0.614027878680824,212,-0.6990049600893694,0,0,1,0,0,0,0,0,0,0,0,0,0,0,0,0,0,1,0,0,0,0,0
-0.5328695887743576,-0.8846202186908425,-0.768625841994045,202,-0.6990049600893694,0,0,1,0,0,0,0,0,0,0,0,0,0,0,0,0,0,1,0,0,0,0,1
-1.312859113257729,-0.8846202186908425,-1.3483682044186267,168,-0.6990049600893694,0,0,1,0,0,0,0,0,0,0,0,0,0,0,0,0,0,1,0,1,0,0,0
-1.312859113257729,-0.8846202186908425,-1.3483682044186267,168,-0.6990049600893694,0,0,1,0,0,0,0,0,0,0,0,0,0,0,0,0,0,1,0,0,0,0,1
2.0410958420207677,1.4596839789453286,1.3957456443910585,331,0.9676320203785437,1,0,0,0,0,0,0,0,0,0,0,0,1,0,0,0,0,1,0,0,0,0,0
0.40311784060568795,0.28753188012724307,0.5068073553400334,278,0.9676320203785437,1,0,0,0,0,0,0,0,0,0,0,0,1,0,0,0,0,1,0,0,0,0,0
0.40311784060568795,0.28753188012724307,1.8595395343307233,250,0.9676320203785437,1,0,0,0,0,0,0,0,0,0,0,0,1,0,0,0,1,0,0,0,0,0,0
0.40311784060568795,0.28753188012724307,0.3908588828551176,271,-0.6990049600893694,1,0,0,0,1,0,0,0,0,0,0,0,0,0,0,0,0,1,0,0,0,0,0
0.40311784060568795,0.28753188012724307,2.207384951785472,264,-0.6990049600893694,1,0,0,0,1,0,0,0,0,0,0,0,0,0,0,0,1,0,0,0,0,0,0
-0.5328695887743576,-0.8846202186908425,0.12031244705697923,255,-2.3656419405572824,1,0,0,0,0,0,0,0,0,0,0,1,0,0,0,0,0,1,0,0,0,0,0
0.40311784060568795,0.28753188012724307,0.62275582782495,285,-0.6990049600893694,1,0,0,0,0,0,0,0,0,0,0,1,0,0,0,0,0,1,0,0,0,0,0
0.40311784060568795,0.28753188012724307,0.4681578645117282,276,-0.6990049600893694,1,0,0,0,0,0,0,0,0,0,0,1,0,0,0,0,0,1,0,0,0,0,0
0.40311784060568795,0.28753188012724307,2.0914364793005555,259,-0.6990049600893694,1,0,0,0,0,0,0,0,0,0,0,1,0,0,0,0,1,0,0,0,0,0,0
-1.312859113257729,-0.8846202186908425,-1.1551207502770997,179,-1.532323450323326,0,0,0,1,0,0,0,0,0,0,0,0,0,0,0,0,0,1,0,0,0,0,1
-1.312859113257729,-0.8846202186908425,-1.1551207502770997,179,-1.532323450323326,0,0,0,1,0,0,0,0,0,0,0,0,0,0,0,0,0,1,0,0,0,0,1
-1.312859113257729,-0.8846202186908425,-1.116471259448794,182,-0.6990049600893694,0,0,0,1,0,0,0,0,0,0,0,0,0,0,0,0,0,1,0,0,0,0,0
-1.312859113257729,-0.8846202186908425,-1.387017695246932,166,-1.532323450323326,0,0,0,1,0,0,0,0,0,0,0,0,0,0,0,0,0,1,0,0,0,0,1
-1.312859113257729,-0.8846202186908425,-1.1551207502770997,179,-1.532323450323326,0,0,0,1,0,0,0,0,0,0,0,0,0,0,0,0,0,1,0,0,0,0,1
-1.312859113257729,-0.8846202186908425,-1.116471259448794,182,-0.6990049600893694,0,0,0,1,0,0,0,0,0,0,0,0,0,0,0,0,0,1,0,0,0,0,0
-1.312859113257729,-0.8846202186908425,-1.541615658560154,156,-1.532323450323326,0,0,0,1,0,0,0,0,0,0,0,0,0,0,0,0,0,1,0,0,0,0,1
-1.312859113257729,-0.8846202186908425,-1.1551207502770997,179,-1.532323450323326,0,0,0,1,0,0,0,0,0,0,0,0,0,0,0,0,0,1,0,0,0,0,1
-1.312859113257729,-0.8846202186908425,-0.8072753328223511,200,-0.6990049600893694,0,0,0,0,0,0,0,0,0,1,0,0,0,0,0,0,0,1,0,1,0,0,0
-1.312859113257729,-0.8846202186908425,-0.9232238053072669,193,-0.6990049600893694,0,0,0,0,0,0,0,0,0,1,0,0,0,0,0,0,0,1,0,0,0,0,1
-0.844865398567706,-0.8846202186908425,-1.8508115851865972,138,-0.6990049600893694,0,1,0,0,0,0,0,0,0,0,0,0,0,0,0,0,0,1,0,0,0,1,0
1.183107365089059,1.4596839789453286,2.0914364793005555,373,-2.3656419405572824,1,0,0,0,0,0,0,0,0,0,0,0,0,0,1,0,0,1,0,0,0,0,0
1.8070989846757564,1.4596839789453286,2.47793138758361,396,-2.3656419405572824,1,0,0,0,0,0,0,0,0,0,0,0,0,0,1,0,0,1,0,0,0,0,0
1.183107365089059,1.4596839789453286,2.323333424270389,386,-2.3656419405572824,1,0,0,0,0,0,0,0,0,0,0,0,0,0,0,1,0,1,0,0,0,0,0
-0.844865398567706,-0.8846202186908425,-0.3821309337109908,225,-0.6990049600893694,0,0,0,0,0,0,0,0,0,0,0,1,0,0,0,0,0,1,0,0,0,0,0
0.32511888815735074,0.28753188012724307,0.004363974572063373,248,-0.6990049600893694,1,0,0,0,0,0,0,0,0,0,0,1,0,0,0,0,0,1,0,0,1,0,0
0.32511888815735074,0.28753188012724307,0.27491041037020103,264,-0.6990049600893694,1,0,0,0,0,0,0,0,0,0,0,1,0,0,0,0,0,1,0,0,1,0,0
0.4811167930540251,0.28753188012724307,0.5454568461683388,281,-0.6990049600893694,1,0,0,0,0,0,0,0,0,0,0,1,0,0,0,0,0,1,0,0,1,0,0
-1.1568612083610545,-0.8846202186908425,-0.6526773695091292,209,-0.6990049600893694,0,0,0,0,0,0,0,0,0,0,0,1,0,0,0,0,0,1,0,0,1,0,0
-0.844865398567706,-0.8846202186908425,-0.4594299153676021,221,-0.6990049600893694,0,0,0,0,0,0,0,0,0,0,0,1,0,0,0,0,0,1,0,0,1,0,0
-0.4548706363260205,-0.8846202186908425,-0.5367288970242127,216,-0.6990049600893694,0,0,0,0,0,0,0,0,0,0,0,1,0,0,0,0,0,1,0,0,1,0,0
-1.1568612083610545,-0.8846202186908425,-0.5753783878525179,214,-0.6990049600893694,0,0,0,0,0,0,0,0,0,0,0,1,0,0,0,0,0,1,0,0,1,0,0
-0.844865398567706,-0.8846202186908425,-0.3048319520543803,230,-0.6990049600893694,0,0,0,0,0,0,0,0,0,0,0,1,0,0,0,0,0,1,0,0,1,0,0
1.8070989846757564,1.4596839789453286,2.014137497643945,368,-0.6990049600893694,1,0,0,0,0,0,0,0,0,0,0,0,1,0,0,0,0,1,0,0,0,0,0
-0.844865398567706,-0.8846202186908425,-0.2275329703977697,235,-0.6990049600893694,0,0,0,0,0,0,0,0,0,0,0,0,1,0,0,0,0,1,0,0,0,0,0
0.32511888815735074,0.28753188012724307,0.8546527727947824,299,-0.6990049600893694,1,0,0,0,0,0,0,0,0,0,0,0,1,0,0,0,0,1,0,0,1,0,0
0.32511888815735074,0.28753188012724307,0.4295083736834229,274,-0.6990049600893694,1,0,0,0,0,0,0,0,0,0,0,0,1,0,0,0,0,1,0,0,1,0,0
0.32511888815735074,0.28753188012724307,1.9754880068156397,254,-0.6990049600893694,1,0,0,0,0,0,0,0,0,0,0,0,1,0,0,0,1,0,0,0,1,0,0
0.32511888815735074,0.28753188012724307,0.6614053186532552,288,-0.6990049600893694,1,0,0,0,0,0,0,0,0,0,0,0,1,0,0,0,0,1,0,0,1,0,0
0.32511888815735074,0.28753188012724307,2.2846839334420825,267,-0.6990049600893694,1,0,0,0,0,0,0,0,0,0,0,0,1,0,0,0,1,0,0,0,1,0,0
0.32511888815735074,0.28753188012724307,0.7387043003098659,292,-0.6990049600893694,1,0,0,0,0,0,1,0,0,0,0,0,0,0,0,0,0,1,0,0,0,0,0
0.32511888815735074,0.28753188012724307,0.7773537911381718,294,-0.6990049600893694,1,0,0,0,0,0,1,0,0,0,0,0,0,0,0,0,0,1,0,0,1,0,0
2.431090604262453,1.4596839789453286,1.9754880068156397,366,-0.6990049600893694,1,0,0,0,0,0,1,0,0,0,0,0,0,0,0,0,0,1,0,0,1,0,0
0.32511888815735074,0.28753188012724307,1.163848699421226,317,-0.6990049600893694,1,0,0,0,0,0,1,0,0,0,0,0,0,0,0,0,0,1,0,0,0,0,0
0.32511888815735074,0.28753188012724307,1.0092507361080043,308,-0.6990049600893694,1,0,0,0,0,0,1,0,0,0,0,0,0,0,0,0,0,1,0,0,1,0,0
2.431090604262453,1.4596839789453286,2.5938798600685264,402,-0.6990049600893694,1,0,0,0,0,0,1,0,0,0,0,0,0,0,0,0,0,1,0,0,1,0,0
0.4811167930540251,0.28753188012724307,0.5841063369966447,283,-0.6990049600893694,1,0,0,0,0,0,1,0,0,0,0,0,0,0,0,0,0,1,0,0,0,0,0
0.4811167930540251,0.28753188012724307,2.207384951785472,264,-0.6990049600893694,1,0,0,0,0,0,1,0,0,0,0,0,0,0,0,0,1,0,0,0,0,0,0
0.4811167930540251,0.28753188012724307,0.5841063369966447,283,-0.6990049600893694,1,0,0,0,0,0,1,0,0,0,0,0,0,0,0,0,0,1,0,0,1,0,0
0.4811167930540251,0.28753188012724307,2.207384951785472,264,-0.6990049600893694,1,0,0,0,0,0,1,0,0,0,0,0,0,0,0,0,1,0,0,0,1,0,0
1.4951031748824075,1.4596839789453286,1.473044626047669,336,-0.6990049600893694,1,0,0,0,0,0,1,0,0,0,0,0,0,0,0,0,0,1,0,0,0,0,0
1.4951031748824075,1.4596839789453286,1.473044626047669,336,-0.6990049600893694,1,0,0,0,0,0,1,0,0,0,0,0,0,0,0,0,0,1,0,0,1,0,0
0.4811167930540251,0.28753188012724307,1.0092507361080043,308,-0.6990049600893694,1,0,0,0,0,0,1,0,0,0,0,0,0,0,0,0,0,1,0,0,0,0,0
0.4811167930540251,0.28753188012724307,2.7871273142100534,288,-0.6990049600893694,1,0,0,0,0,0,1,0,0,0,0,0,0,0,0,0,1,0,0,0,0,0,0
0.4811167930540251,0.28753188012724307,1.0092507361080043,308,-0.6990049600893694,1,0,0,0,0,0,1,0,0,0,0,0,0,0,0,0,0,1,0,0,1,0,0
0.4811167930540251,0.28753188012724307,2.7871273142100534,288,-0.6990049600893694,1,0,0,0,0,0,1,0,0,0,0,0,0,0,0,0,1,0,0,0,1,0,0
1.4951031748824075,1.4596839789453286,1.5889930985325855,343,-0.6990049600893694,1,0,0,0,0,0,1,0,0,0,0,0,0,0,0,0,0,1,0,0,0,0,0
1.4951031748824075,1.4596839789453286,1.5503436077042803,340,-0.6990049600893694,1,0,0,0,0,0,1,0,0,0,0,0,0,0,0,0,0,1,0,0,1,0,0
-1.1568612083610545,-0.8846202186908425,-1.2324197319337105,175,-0.6990049600893694,0,0,0,0,0,0,0,0,0,0,1,0,0,0,0,0,0,1,0,0,1,0,0
-1.1568612083610545,-0.8846202186908425,-1.2324197319337105,175,-1.532323450323326,0,0,0,0,0,0,0,0,0,0,1,0,0,0,0,0,0,1,0,0,0,0,1
-1.6248549230510774,-0.8846202186908425,-1.6189146402167647,152,-1.532323450323326,0,0,0,0,0,0,0,0,0,0,1,0,0,0,0,0,0,1,0,0,0,0,1
-1.1568612083610545,-0.8846202186908425,-1.464316676903543,161,-0.6990049600893694,0,0,0,0,0,0,0,0,0,0,1,0,0,0,0,0,0,1,0,0,1,0,0
-1.1568612083610545,-0.8846202186908425,-1.0778217686204887,184,-0.6990049600893694,0,0,0,0,0,0,0,0,0,0,0,0,0,0,0,0,0,1,0,0,0,0,1
0.32511888815735074,0.28753188012724307,0.27491041037020103,264,-0.6990049600893694,1,0,0,0,0,0,0,0,0,0,0,0,1,0,0,0,0,1,0,0,1,0,0
0.32511888815735074,0.28753188012724307,0.5068073553400334,278,-0.6990049600893694,1,0,0,0,0,0,0,0,0,0,0,0,1,0,0,0,0,1,0,0,1,0,0
0.32511888815735074,0.28753188012724307,0.7773537911381718,294,-0.6990049600893694,1,0,0,0,0,0,0,0,0,0,0,0,1,0,0,0,0,1,0,0,1,0,0
-0.844865398567706,-0.8846202186908425,-0.7299763511657398,205,-0.6990049600893694,0,0,0,0,0,0,0,0,0,0,0,0,0,0,0,0,0,1,0,0,0,0,1
-0.844865398567706,-0.8846202186908425,-1.193770241105405,177,-0.6990049600893694,0,0,0,0,0,0,0,0,0,0,0,0,0,0,0,0,0,1,0,0,0,0,0
-0.844865398567706,-0.8846202186908425,-0.18888347956946375,165,-0.6990049600893694,0,0,0,0,0,0,0,0,0,0,0,0,0,0,0,0,1,0,0,0,0,0,0
-0.844865398567706,-0.8846202186908425,-1.1551207502770997,179,-0.6990049600893694,0,0,0,0,0,0,0,0,0,0,0,0,0,0,0,0,0,1,0,0,1,0,0
-0.844865398567706,-0.8846202186908425,-0.18888347956946375,165,-0.6990049600893694,0,0,0,0,0,0,0,0,0,0,0,0,0,0,0,0,1,0,0,0,1,0,0
-0.844865398567706,-0.8846202186908425,-1.0778217686204887,184,-1.532323450323326,0,0,0,0,0,0,0,0,0,0,0,0,0,0,0,0,0,1,0,0,0,0,1
-0.844865398567706,-0.8846202186908425,-0.07293500708454788,170,-1.532323450323326,0,0,0,0,0,0,0,0,0,0,0,0,0,0,0,0,1,0,0,0,0,0,1
-0.844865398567706,-0.8846202186908425,-1.387017695246932,166,-0.6990049600893694,0,0,0,0,0,0,0,0,0,0,0,0,0,0,0,0,0,1,0,0,0,0,0
-0.844865398567706,-0.8846202186908425,-0.266182461226075,162,-0.6990049600893694,0,0,0,0,0,0,0,0,0,0,0,0,0,0,0,0,1,0,0,0,0,0,0
-1.2348601608093916,-0.8846202186908425,-0.8845743144789616,196,-0.6990049600893694,0,0,1,0,0,0,0,0,0,0,0,0,0,0,0,0,0,1,0,0,1,0,0
-1.1568612083610545,-0.8846202186908425,-1.0391722777921835,186,-0.6990049600893694,0,0,1,0,0,0,0,0,0,0,0,0,0,0,0,0,0,1,0,0,0,0,1
-0.844865398567706,-0.8846202186908425,-0.6913268603374345,207,-0.6990049600893694,0,0,1,0,0,0,0,0,0,0,0,0,0,0,0,0,0,1,0,0,1,0,0
-0.4548706363260205,-0.8846202186908425,-0.7299763511657398,205,-0.6990049600893694,0,0,1,0,0,0,0,0,0,0,0,0,0,0,0,0,0,1,0,0,1,0,0
-1.2348601608093916,-0.8846202186908425,-1.0391722777921835,186,-0.6990049600893694,0,0,1,0,0,0,0,0,0,0,0,0,0,0,0,0,0,1,0,0,1,0,0
-0.844865398567706,-0.8846202186908425,-0.5367288970242127,216,-0.6990049600893694,0,0,1,0,0,0,0,0,0,0,0,0,0,0,0,0,0,1,0,0,1,0,0
-0.844865398567706,-0.8846202186908425,-2.044059039328124,126,-0.6990049600893694,0,0,1,0,0,0,0,0,0,0,0,0,0,0,0,0,0,1,0,0,0,1,0
0.4811167930540251,0.28753188012724307,-0.2275329703977697,235,-0.6990049600893694,0,0,0,0,0,0,0,0,0,0,1,0,0,0,0,0,0,1,0,0,0,0,0
0.4811167930540251,0.28753188012724307,-0.07293500708454788,244,-0.6990049600893694,0,0,0,0,0,0,0,0,0,0,1,0,0,0,0,0,0,1,0,0,0,0,1
1.4951031748824075,1.4596839789453286,0.27491041037020103,264,-0.6990049600893694,1,0,0,0,0,0,0,0,0,0,1,0,0,0,0,0,0,1,0,0,0,0,0
1.4951031748824075,1.4596839789453286,0.7387043003098659,292,-0.6990049600893694,1,0,0,0,0,0,0,0,0,0,1,0,0,0,0,0,0,1,0,0,0,0,1
2.1190947944691043,1.4596839789453286,0.931951754451393,304,-0.6990049600893694,1,0,0,0,0,0,0,0,0,0,1,0,0,0,0,0,0,0,1,0,0,0,1
0.4811167930540251,0.28753188012724307,-0.07293500708454788,244,-0.6990049600893694,0,0,0,0,0,0,0,0,0,0,1,0,0,0,0,0,0,1,0,0,0,0,0
-0.844865398567706,-0.8846202186908425,-0.6526773695091292,209,-0.6990049600893694,0,1,0,0,0,0,0,0,0,0,0,0,0,0,0,0,0,1,0,0,1,0,0
0.32511888815735074,0.28753188012724307,0.3908588828551176,271,-0.6990049600893694,1,1,0,0,0,0,0,0,0,0,0,0,0,0,0,0,0,1,0,0,1,0,0
0.32511888815735074,0.28753188012724307,-0.18888347956946375,237,-0.6990049600893694,0,1,0,0,0,0,0,0,0,0,0,0,0,0,0,0,0,1,0,0,1,0,0
0.32511888815735074,0.28753188012724307,1.3570961535627533,229,-0.6990049600893694,0,1,0,0,0,0,0,0,0,0,0,0,0,0,0,0,1,0,0,0,1,0,0
0.32511888815735074,0.28753188012724307,0.1589619378852845,258,-0.6990049600893694,1,1,0,0,0,0,0,0,0,0,0,0,0,0,0,0,0,1,0,0,1,0,0
0.32511888815735074,0.28753188012724307,1.8981890251590285,251,-0.6990049600893694,1,1,0,0,0,0,0,0,0,0,0,0,0,0,0,0,1,0,0,0,1,0,0
-1.1568612083610545,-0.8846202186908425,-0.4980794061959074,218,-0.6990049600893694,0,0,0,0,0,0,0,1,0,0,0,0,0,0,0,0,0,1,0,0,1,0,0
-0.4548706363260205,-0.8846202186908425,-0.34348144288268556,228,-0.6990049600893694,0,0,0,0,0,0,0,1,0,0,0,0,0,0,0,0,0,1,0,0,1,0,0
-1.1568612083610545,-0.8846202186908425,-0.266182461226075,232,-0.6990049600893694,0,0,0,0,0,0,0,1,0,0,0,0,0,0,0,0,0,1,0,0,1,0,0
-0.4548706363260205,-0.8846202186908425,-0.15023398874115845,239,-0.6990049600893694,0,0,0,0,0,0,0,1,0,0,0,0,0,0,0,0,0,1,0,0,1,0,0
0.40311784060568795,0.28753188012724307,0.5841063369966447,283,-0.6990049600893694,1,0,0,0,0,0,0,0,0,0,0,0,1,0,0,0,0,1,0,0,0,0,0
0.40311784060568795,0.28753188012724307,0.8160032819664771,297,-0.6990049600893694,1,0,0,0,0,0,0,0,0,0,0,0,1,0,0,0,0,1,0,0,0,0,0
0.9491105077440476,0.28753188012724307,1.666292080189196,347,-2.3656419405572824,1,0,0,0,0,0,0,0,0,0,0,0,0,0,1,0,0,1,0,0,0,0,0
1.7291000322274188,1.4596839789453286,1.9754880068156397,366,-2.3656419405572824,1,0,0,0,0,0,0,0,0,0,0,0,0,0,1,0,0,1,0,0,0,0,0
1.7291000322274188,1.4596839789453286,2.207384951785472,380,-2.3656419405572824,1,0,0,0,0,0,0,0,0,0,0,0,0,0,1,0,0,1,0,0,0,0,0
1.7291000322274188,1.4596839789453286,2.207384951785472,380,-2.3656419405572824,1,0,0,0,0,0,0,0,0,0,0,0,0,0,1,0,0,1,0,0,0,0,0
1.7291000322274188,1.4596839789453286,2.207384951785472,380,-2.3656419405572824,1,0,0,0,0,0,0,0,0,0,0,0,0,0,1,0,0,1,0,0,0,0,0
1.7291000322274188,1.4596839789453286,2.207384951785472,380,-2.3656419405572824,1,0,0,0,0,0,0,0,0,0,0,0,0,0,0,1,0,1,0,0,0,0,0
1.7291000322274188,1.4596839789453286,2.207384951785472,380,-2.3656419405572824,1,0,0,0,0,0,0,0,0,0,0,0,0,0,0,1,0,1,0,0,0,0,0
0.9491105077440476,0.28753188012724307,0.3908588828551176,271,-0.6990049600893694,1,0,0,0,0,0,1,0,0,0,0,0,0,0,0,0,0,1,0,0,0,0,0
0.9491105077440476,0.28753188012724307,2.323333424270389,269,-0.6990049600893694,1,0,0,0,0,0,1,0,0,0,0,0,0,0,0,0,1,0,0,0,0,0,0
1.7291000322274188,1.4596839789453286,0.7387043003098659,292,-0.6990049600893694,1,0,0,0,0,0,1,0,0,0,0,0,0,0,0,0,0,1,0,0,0,0,0
1.7291000322274188,1.4596839789453286,2.3619829150986935,270,-0.6990049600893694,1,0,0,0,0,0,1,0,0,0,0,0,0,0,0,0,1,0,0,0,0,0,0
2.431090604262453,1.4596839789453286,1.2797971719061418,324,-0.6990049600893694,1,0,0,0,0,0,1,0,0,0,0,0,0,0,0,0,0,0,1,0,0,0,0
0.9491105077440476,0.28753188012724307,0.7000548094815605,290,-0.6990049600893694,1,0,0,0,0,0,1,0,0,0,0,0,0,0,0,0,0,1,0,0,0,0,0
0.9491105077440476,0.28753188012724307,2.709828332553443,285,-0.6990049600893694,1,0,0,0,0,0,1,0,0,0,0,0,0,0,0,0,1,0,0,0,0,0,0
1.7291000322274188,1.4596839789453286,0.8546527727947824,299,-0.6990049600893694,1,0,0,0,0,0,1,0,0,0,0,0,0,0,0,0,0,1,0,0,0,0,0
1.7291000322274188,1.4596839789453286,2.516580878411916,277,-0.6990049600893694,1,0,0,0,0,0,1,0,0,0,0,0,0,0,0,0,1,0,0,0,0,0,0
2.431090604262453,1.4596839789453286,1.3570961535627533,329,-0.6990049600893694,1,0,0,0,0,0,1,0,0,0,0,0,0,0,0,0,0,0,1,0,0,0,0
-0.5328695887743576,-0.8846202186908425,-0.6526773695091292,209,-0.6990049600893694,0,0,0,0,0,0,0,0,0,0,0,1,0,0,0,0,0,1,0,0,0,0,0
0.40311784060568795,0.28753188012724307,0.4681578645117282,276,-0.6990049600893694,1,0,0,0,0,0,0,0,0,0,0,1,0,0,0,0,0,1,0,0,0,0,0
0.40311784060568795,0.28753188012724307,2.0914364793005555,259,-0.6990049600893694,1,0,0,0,0,0,0,0,0,0,0,1,0,0,0,0,1,0,0,0,0,0,0
-0.5328695887743576,-0.8846202186908425,-0.3048319520543803,230,-0.6990049600893694,0,0,0,0,0,0,0,0,0,0,0,1,0,0,0,0,0,1,0,0,0,0,0
0.40311784060568795,0.28753188012724307,0.7000548094815605,290,-0.6990049600893694,1,0,0,0,0,0,0,0,0,0,0,1,0,0,0,0,0,1,0,0,0,0,0
0.40311784060568795,0.28753188012724307,2.4006324059269994,272,-0.6990049600893694,1,0,0,0,0,0,0,0,0,0,0,1,0,0,0,0,1,0,0,0,0,0,0
1.7291000322274188,1.4596839789453286,1.163848699421226,317,-0.6990049600893694,1,0,0,0,0,0,0,0,0,0,0,0,1,0,0,0,0,1,0,0,0,0,0
1.7291000322274188,1.4596839789453286,2.9417252775232745,294,-0.6990049600893694,1,0,0,0,0,0,0,0,0,0,0,0,1,0,0,0,1,0,0,0,0,0,0
1.7291000322274188,1.4596839789453286,1.163848699421226,317,-0.6990049600893694,1,0,0,0,0,0,0,0,0,0,0,0,1,0,0,0,0,1,0,0,0,0,0
1.7291000322274188,1.4596839789453286,2.9417252775232745,294,-0.6990049600893694,1,0,0,0,0,0,0,0,0,0,0,0,1,0,0,0,1,0,0,0,0,0,0
2.431090604262453,1.4596839789453286,1.5116941168759743,338,-0.6990049600893694,1,0,0,0,0,0,0,0,0,0,0,0,1,0,0,0,0,0,1,0,0,0,0
2.431090604262453,1.4596839789453286,2.168735460957166,377,-0.6990049600893694,1,0,0,0,0,0,0,0,0,0,0,0,1,0,0,0,0,0,1,0,0,0,0
1.7291000322274188,1.4596839789453286,1.163848699421226,317,-0.6990049600893694,1,0,0,0,0,0,0,0,0,0,0,0,1,0,0,0,0,1,0,0,0,0,0
1.7291000322274188,1.4596839789453286,2.9417252775232745,294,-0.6990049600893694,1,0,0,0,0,0,0,0,0,0,0,0,1,0,0,0,1,0,0,0,0,0,0
1.7291000322274188,1.4596839789453286,1.163848699421226,317,-0.6990049600893694,1,0,0,0,0,0,0,0,0,0,0,0,1,0,0,0,0,1,0,0,0,0,0
1.7291000322274188,1.4596839789453286,2.9417252775232745,294,-0.6990049600893694,1,0,0,0,0,0,0,0,0,0,0,0,1,0,0,0,1,0,0,0,0,0,0
-0.5328695887743576,-0.8846202186908425,-1.116471259448794,182,-0.6990049600893694,0,0,1,0,0,0,0,0,0,0,0,0,0,0,0,0,0,1,0,0,0,1,0
-0.5328695887743576,-0.8846202186908425,-1.0391722777921835,186,0.1343135301445871,0,0,1,0,0,0,0,0,0,0,0,0,0,0,0,0,0,1,0,0,0,1,0
-0.5328695887743576,-0.8846202186908425,-0.8072753328223511,200,-0.6990049600893694,0,0,1,0,0,0,0,0,0,0,0,0,0,0,0,0,0,1,0,0,0,0,1
0.32511888815735074,0.28753188012724307,-0.6526773695091292,209,-0.6990049600893694,0,0,1,0,0,0,0,0,0,0,0,0,0,0,0,0,0,1,0,0,0,0,0
0.32511888815735074,0.28753188012724307,-0.4594299153676021,221,-0.6990049600893694,0,0,1,0,0,0,0,0,0,0,0,0,0,0,0,0,0,1,0,0,1,0,0
0.32511888815735074,0.28753188012724307,0.043013465400368656,251,-0.6990049600893694,1,0,1,0,0,0,0,0,0,0,0,0,0,0,0,0,0,1,0,0,0,0,1
-0.844865398567706,-0.8846202186908425,-2.314605475126262,110,-0.6990049600893694,0,0,1,0,0,0,0,0,0,0,0,0,0,0,0,0,0,1,0,0,0,1,0
-1.0008633034643803,-0.8846202186908425,-1.464316676903543,161,-0.6990049600893694,0,0,0,0,0,0,0,0,0,0,0,0,0,0,0,0,0,1,0,0,0,1,0
-1.0008633034643803,-0.8846202186908425,-1.387017695246932,166,0.1343135301445871,0,0,0,0,0,0,0,0,0,0,0,0,0,0,0,0,0,1,0,0,0,1,0
-1.0008633034643803,-0.8846202186908425,-1.2324197319337105,175,-1.532323450323326,0,0,0,0,0,0,0,0,0,0,0,0,0,0,0,0,0,1,0,0,0,0,1
0.32511888815735074,0.28753188012724307,-0.0342855162562426,246,-0.6990049600893694,1,0,0,0,0,0,0,0,0,0,0,1,0,0,0,0,0,1,0,0,0,0,0
-0.5328695887743576,-0.8846202186908425,-0.6526773695091292,209,-1.532323450323326,0,0,0,0,0,0,0,0,0,0,0,1,0,0,0,0,0,1,0,0,0,0,0
-0.5328695887743576,-0.8846202186908425,-0.5367288970242127,216,-1.532323450323326,0,0,0,0,0,0,0,0,0,0,0,1,0,0,0,0,0,1,0,0,0,0,0
-1.2348601608093916,-0.8846202186908425,-1.734863112701681,145,0.1343135301445871,0,0,0,0,0,0,0,0,0,0,0,0,0,1,0,0,0,1,0,0,0,1,0
-1.2348601608093916,-0.8846202186908425,-1.5029661677318482,159,-0.6990049600893694,0,0,0,0,0,0,0,0,0,0,0,0,0,1,0,0,0,1,0,0,0,0,1
-1.2348601608093916,-0.8846202186908425,-1.271069222762016,172,-1.532323450323326,0,0,0,0,0,0,0,0,0,1,0,0,0,0,0,0,0,1,0,0,0,0,0
-1.2348601608093916,-0.8846202186908425,-1.193770241105405,177,-1.532323450323326,0,0,0,0,0,0,0,0,0,1,0,0,0,0,0,0,0,1,0,0,0,0,1
0.32511888815735074,0.28753188012724307,-0.07293500708454788,244,-0.6990049600893694,0,0,0,0,1,0,0,0,0,0,0,0,0,0,0,0,0,1,0,0,0,0,0
0.32511888815735074,0.28753188012724307,0.27491041037020103,265,-1.532323450323326,1,0,0,0,0,0,0,0,0,0,0,1,0,0,0,0,0,1,0,0,0,0,0
0.32511888815735074,0.28753188012724307,0.4681578645117282,276,-1.532323450323326,1,0,0,0,0,0,0,0,0,0,0,1,0,0,0,0,0,1,0,0,0,0,0
0.32511888815735074,0.28753188012724307,1.0092507361080043,308,-1.532323450323326,1,0,0,0,0,0,1,0,0,0,0,0,0,0,0,0,0,1,0,0,0,0,0
-1.1568612083610545,-0.8846202186908425,-1.193770241105405,177,-0.6990049600893694,0,0,0,0,0,0,0,0,0,0,0,0,0,0,0,0,0,1,0,0,0,0,0
-1.1568612083610545,-0.8846202186908425,-1.193770241105405,177,-0.6990049600893694,0,0,0,0,0,0,0,0,0,0,0,0,0,0,0,0,0,1,0,0,0,0,1
-0.844865398567706,-0.8846202186908425,-0.8459248236506564,198,-0.6990049600893694,0,0,1,0,0,0,0,0,0,0,0,0,0,0,0,0,0,1,0,0,0,0,0
-0.844865398567706,-0.8846202186908425,-0.8845743144789616,196,-0.6990049600893694,0,0,1,0,0,0,0,0,0,0,0,0,0,0,0,0,0,1,0,0,0,0,1
1.4951031748824075,1.4596839789453286,0.931951754451393,304,0.9676320203785437,1,1,0,0,0,0,0,0,0,0,0,0,0,0,0,0,0,0,1,0,0,0,0
0.559115745502362,0.28753188012724307,0.12031244705697923,255,0.9676320203785437,1,1,0,0,0,0,0,0,0,0,0,0,0,0,0,0,0,1,0,0,0,0,0
0.16912098326067637,0.28753188012724307,0.1589619378852845,258,-0.6990049600893694,1,0,0,0,0,0,0,0,0,0,0,1,0,0,0,0,0,1,0,0,0,0,0
0.16912098326067637,0.28753188012724307,0.31355990119850635,267,-0.6990049600893694,1,0,0,0,0,0,0,0,0,0,0,1,0,0,0,0,0,1,0,0,0,0,0
-0.5328695887743576,-0.8846202186908425,-0.18888347956946375,237,-0.6990049600893694,0,0,0,0,0,0,0,0,0,0,0,1,0,0,0,0,0,1,0,0,0,0,0
-0.844865398567706,-0.8846202186908425,0.27491041037020103,264,-0.6990049600893694,1,0,0,0,0,0,0,0,0,0,0,1,0,0,0,0,0,1,0,0,0,0,0
-0.5328695887743576,-0.8846202186908425,0.12031244705697923,255,-0.6990049600893694,1,0,0,0,0,0,0,0,0,0,0,1,0,0,0,0,0,1,0,0,0,0,0
-0.844865398567706,-0.8846202186908425,-0.4594299153676021,221,-0.6990049600893694,0,1,0,0,0,0,0,0,0,0,0,0,0,0,0,0,0,1,0,0,0,0,0
-0.5328695887743576,-0.8846202186908425,-0.8845743144789616,196,-0.6990049600893694,0,1,0,0,0,0,0,0,0,0,0,0,0,0,0,0,0,1,0,0,0,0,0
-0.5328695887743576,-0.8846202186908425,-1.7735126035299862,143,-0.6990049600893694,0,0,1,0,0,0,0,0,0,0,0,0,0,0,0,0,0,1,0,0,1,0,0
-0.5328695887743576,-0.8846202186908425,-1.734863112701681,145,-0.6990049600893694,0,0,1,0,0,0,0,0,0,0,0,0,0,0,0,0,0,1,0,0,1,0,0
-0.844865398567706,-0.8846202186908425,-0.5753783878525179,214,-0.6990049600893694,0,0,0,0,0,0,0,0,0,0,0,1,0,0,0,0,0,1,0,0,0,0,0
-0.844865398567706,-0.8846202186908425,-0.266182461226075,232,-0.6990049600893694,0,0,0,0,0,0,0,0,0,0,0,1,0,0,0,0,0,1,0,0,0,0,1
-0.5328695887743576,-0.8846202186908425,-0.3048319520543803,230,-0.6990049600893694,0,0,0,0,0,0,0,0,0,0,0,1,0,0,0,0,0,1,0,0,0,0,0
-0.844865398567706,-0.8846202186908425,-0.11158449791285317,242,-0.6990049600893694,0,0,0,0,0,0,0,0,0,0,0,1,0,0,0,0,0,1,0,0,0,0,0
-0.5328695887743576,-0.8846202186908425,-0.07293500708454788,244,-0.6990049600893694,0,0,0,0,0,0,0,0,0,0,0,1,0,0,0,0,0,1,0,0,0,0,0
-1.1568612083610545,-0.8846202186908425,-1.193770241105405,177,-0.6990049600893694,0,0,0,0,0,0,0,0,0,0,0,0,0,0,0,0,0,1,0,1,0,0,0
-1.1568612083610545,-0.8846202186908425,-1.0778217686204887,184,-0.6990049600893694,0,0,0,0,0,0,0,0,0,0,0,0,0,0,0,0,0,1,0,0,0,0,1
-1.1568612083610545,-0.8846202186908425,-0.768625841994045,202,-0.6990049600893694,0,0,0,0,0,0,0,0,0,0,0,0,0,0,0,0,0,1,0,0,0,0,0
-1.1568612083610545,-0.8846202186908425,-0.8845743144789616,196,-0.6990049600893694,0,0,0,0,0,0,0,0,0,0,0,0,0,0,0,0,0,1,0,0,0,0,1
0.4811167930540251,0.28753188012724307,-0.2275329703977697,235,0.1343135301445871,0,0,1,0,0,0,0,0,0,0,0,0,0,0,0,0,0,0,1,0,1,0,0
0.4811167930540251,0.28753188012724307,0.004363974572063373,248,0.1343135301445871,1,0,1,0,0,0,0,0,0,0,0,0,0,0,0,0,0,0,1,0,1,0,0
0.32511888815735074,0.28753188012724307,-1.271069222762016,172,0.1343135301445871,0,0,0,0,0,0,0,0,0,0,0,0,0,0,0,0,0,0,1,0,1,0,0
0.32511888815735074,0.28753188012724307,-1.0005227869638782,189,0.1343135301445871,0,0,0,0,0,0,0,0,0,0,0,0,0,0,0,0,0,0,1,0,1,0,0
0.4811167930540251,0.28753188012724307,0.27491041037020103,265,0.1343135301445871,1,0,0,0,0,0,0,0,0,0,1,0,0,0,0,0,0,0,1,0,1,0,0
0.4811167930540251,0.28753188012724307,0.3522093920268116,269,0.1343135301445871,1,0,0,0,0,0,0,0,0,0,1,0,0,0,0,0,0,0,1,0,1,0,0
0.4811167930540251,0.28753188012724307,0.5841063369966447,283,-0.6990049600893694,1,0,0,0,0,0,0,0,0,0,1,0,0,0,0,0,0,0,1,0,0,0,1
0.4811167930540251,0.28753188012724307,0.12031244705697923,255,0.1343135301445871,1,0,0,0,0,0,0,0,0,0,1,0,0,0,0,0,0,0,1,0,1,0,0
0.4811167930540251,0.28753188012724307,0.31355990119850635,267,-0.6990049600893694,1,0,0,0,0,0,0,0,0,0,1,0,0,0,0,0,0,0,1,0,0,0,1
0.4811167930540251,0.28753188012724307,0.08166295622867395,253,0.1343135301445871,1,0,1,0,0,0,0,0,0,0,0,0,0,0,0,0,0,0,1,0,1,0,0
1.9630968895724301,1.4596839789453286,0.5841063369966447,283,0.1343135301445871,1,0,1,0,0,0,0,0,0,0,0,0,0,0,0,0,0,0,1,0,1,0,0
0.4811167930540251,0.28753188012724307,0.31355990119850635,267,0.1343135301445871,1,0,1,0,0,0,0,0,0,0,0,0,0,0,0,0,0,0,1,0,1,0,0
1.9630968895724301,1.4596839789453286,0.7773537911381718,294,0.1343135301445871,1,0,1,0,0,0,0,0,0,0,0,0,0,0,0,0,0,0,1,0,1,0,0
0.32511888815735074,0.28753188012724307,-1.2324197319337105,175,0.1343135301445871,0,0,1,0,0,0,0,0,0,0,0,0,0,0,0,0,0,0,1,0,1,0,0
0.4811167930540251,0.28753188012724307,0.3908588828551176,271,0.1343135301445871,1,0,0,0,0,0,0,0,0,1,0,0,0,0,0,0,0,0,1,0,1,0,0
0.32511888815735074,0.28753188012724307,-0.07293500708454788,244,-0.6990049600893694,0,0,0,0,0,0,0,0,0,0,0,1,0,0,0,0,0,0,1,0,0,1,0
0.32511888815735074,0.28753188012724307,0.08166295622867395,253,-0.6990049600893694,1,0,0,0,0,0,0,0,0,0,0,1,0,0,0,0,0,0,1,0,0,1,0
-0.4548706363260205,-0.8846202186908425,-0.8845743144789616,196,-0.6990049600893694,0,0,0,0,0,0,0,0,0,0,0,0,1,0,0,0,0,1,0,0,0,1,0
0.4811167930540251,0.28753188012724307,0.7773537911381718,294,0.1343135301445871,1,0,0,0,0,0,0,0,0,0,0,1,0,0,0,0,0,0,1,0,1,0,0
1.4951031748824075,1.4596839789453286,1.4343951352193638,334,0.1343135301445871,1,0,0,0,0,0,0,0,0,0,0,1,0,0,0,0,0,0,1,0,1,0,0
1.9630968895724301,1.4596839789453286,1.6276425893608908,345,0.1343135301445871,1,0,0,0,0,0,0,0,0,0,0,0,1,0,0,0,0,0,1,0,1,0,0
-0.06487587408433486,0.28753188012724307,-0.18888347956946375,237,0.9676320203785437,0,0,0,0,0,0,0,0,0,0,0,0,0,1,0,0,0,0,1,0,1,0,0
-0.06487587408433486,0.28753188012724307,-0.07293500708454788,244,0.9676320203785437,0,0,0,0,0,0,0,0,0,0,0,0,0,1,0,0,0,0,1,0,1,0,0
1.4951031748824075,1.4596839789453286,0.7773537911381718,294,0.9676320203785437,1,0,0,0,0,0,0,0,0,0,0,0,0,1,0,0,0,0,1,0,1,0,0
-0.844865398567706,-0.8846202186908425,-0.11158449791285317,242,0.9676320203785437,0,0,1,0,0,0,0,0,0,0,0,0,0,0,0,0,0,0,1,0,1,0,0
-0.06487587408433486,0.28753188012724307,0.5454568461683388,281,0.9676320203785437,1,0,1,0,0,0,0,0,0,0,0,0,0,0,0,0,0,0,1,0,1,0,0
1.4951031748824075,1.4596839789453286,0.9706012452796989,306,0.9676320203785437,1,0,1,0,0,0,0,0,0,0,0,0,0,0,0,0,0,0,1,0,1,0,0
1.4951031748824075,1.4596839789453286,2.8257768050383594,290,0.9676320203785437,1,0,1,0,0,0,0,0,0,0,0,0,0,0,0,0,1,0,0,0,1,0,0
1.4951031748824075,1.4596839789453286,0.9706012452796989,306,0.9676320203785437,1,0,1,0,0,0,0,0,0,0,0,0,0,0,0,0,0,0,1,0,1,0,0
-0.06487587408433486,0.28753188012724307,0.62275582782495,285,0.9676320203785437,1,1,0,0,0,0,0,0,0,0,0,0,0,0,0,0,0,0,1,0,1,0,0
1.4951031748824075,1.4596839789453286,0.9706012452796989,306,0.9676320203785437,1,1,0,0,0,0,0,0,0,0,0,0,0,0,0,0,0,0,1,0,1,0,0
1.4951031748824075,1.4596839789453286,2.5938798600685264,280,0.9676320203785437,1,1,0,0,0,0,0,0,0,0,0,0,0,0,0,0,1,0,0,0,1,0,0
-0.06487587408433486,0.28753188012724307,0.62275582782495,285,0.9676320203785437,1,1,0,0,0,0,0,0,0,0,0,0,0,0,0,0,0,0,1,0,1,0,0
1.4951031748824075,1.4596839789453286,0.9706012452796989,306,0.9676320203785437,1,1,0,0,0,0,0,0,0,0,0,0,0,0,0,0,0,0,1,0,1,0,0
1.4951031748824075,1.4596839789453286,2.5938798600685264,280,0.9676320203785437,1,1,0,0,0,0,0,0,0,0,0,0,0,0,0,0,1,0,0,0,1,0,0
1.4951031748824075,1.4596839789453286,0.9706012452796989,306,0.9676320203785437,1,1,0,0,0,0,0,0,0,0,0,0,0,0,0,0,0,0,1,0,1,0,0
1.4951031748824075,1.4596839789453286,0.9706012452796989,306,0.9676320203785437,1,1,0,0,0,0,0,0,0,0,0,0,0,0,0,0,0,0,1,0,1,0,0
1.4951031748824075,1.4596839789453286,0.8933022636230876,301,-0.6990049600893694,1,0,0,1,0,0,0,0,0,0,0,0,0,0,0,0,0,0,1,0,1,0,0
1.4951031748824075,1.4596839789453286,0.7000548094815605,290,-0.6990049600893694,1,0,0,1,0,0,0,0,0,0,0,0,0,0,0,0,0,0,1,0,1,0,0
1.4951031748824075,1.4596839789453286,1.12519920859292,315,-0.6990049600893694,1,0,0,1,0,0,0,0,0,0,0,0,0,0,0,0,0,0,1,0,1,0,0
1.4951031748824075,1.4596839789453286,1.0479002269363096,310,-0.6990049600893694,1,0,0,1,0,0,0,0,0,0,0,0,0,0,0,0,0,0,1,0,1,0,0
1.4951031748824075,1.4596839789453286,1.12519920859292,315,-0.6990049600893694,1,0,0,1,0,0,0,0,0,0,0,0,0,0,0,0,0,0,1,0,1,0,0
1.4951031748824075,1.4596839789453286,1.0479002269363096,310,-0.6990049600893694,1,0,0,1,0,0,0,0,0,0,0,0,0,0,0,0,0,0,1,0,1,0,0
-0.5328695887743576,-0.8846202186908425,-0.4980794061959074,218,1.8009505106125,0,0,0,0,0,0,0,0,0,0,0,1,0,0,0,0,0,1,0,0,0,0,0
0.09112203081233952,0.28753188012724307,-0.11158449791285317,242,1.8009505106125,0,0,0,0,0,0,0,0,0,0,0,1,0,0,0,0,0,1,0,0,0,0,0
-0.5328695887743576,-0.8846202186908425,-0.3048319520543803,230,1.8009505106125,0,0,0,0,0,0,0,0,0,0,0,1,0,0,0,0,0,1,0,0,0,0,0
0.09112203081233952,0.28753188012724307,0.004363974572063373,248,1.8009505106125,1,0,0,0,0,0,0,0,0,0,0,1,0,0,0,0,0,1,0,0,0,0,0
-0.5328695887743576,-0.8846202186908425,-0.266182461226075,232,1.8009505106125,0,0,0,0,0,0,0,0,0,0,0,1,0,0,0,0,0,1,0,0,0,0,0
0.09112203081233952,0.28753188012724307,0.08166295622867395,253,1.8009505106125,1,0,0,0,0,0,0,0,0,0,0,1,0,0,0,0,0,1,0,0,0,0,0
-0.5328695887743576,-0.8846202186908425,0.043013465400368656,251,1.8009505106125,1,0,0,0,0,0,0,0,0,0,0,1,0,0,0,0,0,1,0,0,0,0,0
0.09112203081233952,0.28753188012724307,0.31355990119850635,267,1.8009505106125,1,0,0,0,0,0,0,0,0,0,0,1,0,0,0,0,0,1,0,0,0,0,0
-0.844865398567706,-0.8846202186908425,-0.34348144288268556,228,-0.6990049600893694,0,0,0,0,0,0,0,0,0,0,0,1,0,0,0,0,0,1,0,0,0,1,0
-0.844865398567706,-0.8846202186908425,-0.3821309337109908,225,-0.6990049600893694,0,0,0,0,0,0,0,0,0,0,0,1,0,0,0,0,0,1,0,0,0,0,0
-0.844865398567706,-0.8846202186908425,-0.6526773695091292,209,-1.532323450323326,0,0,0,0,0,0,0,0,0,0,0,1,0,0,0,0,0,1,0,0,0,0,1
-0.5328695887743576,-0.8846202186908425,-0.3821309337109908,225,-0.6990049600893694,0,0,0,0,0,0,0,0,0,0,0,1,0,0,0,0,0,1,0,0,0,0,0
-0.5328695887743576,-0.8846202186908425,-0.5367288970242127,216,-1.532323450323326,0,0,0,0,0,0,0,0,0,0,0,1,0,0,0,0,0,1,0,0,0,0,1
-0.5328695887743576,-0.8846202186908425,-0.2275329703977697,235,-0.6990049600893694,0,0,0,0,0,0,0,0,0,0,0,1,0,0,0,0,0,1,0,0,0,0,0
-0.5328695887743576,-0.8846202186908425,-0.5367288970242127,216,-1.532323450323326,0,0,0,0,0,0,0,0,0,0,0,1,0,0,0,0,0,1,0,0,0,0,1
-0.5328695887743576,-0.8846202186908425,0.12031244705697923,255,-0.6990049600893694,1,0,0,0,0,0,0,0,0,0,0,1,0,0,0,0,0,1,0,0,0,1,0
2.0410958420207677,1.4596839789453286,1.5503436077042803,340,0.9676320203785437,1,0,0,0,0,0,0,0,0,0,0,0,1,0,0,0,0,1,0,0,0,0,0
-0.06487587408433486,0.28753188012724307,-0.34348144288268556,267,0.9676320203785437,1,0,0,0,0,0,0,0,0,0,0,0,1,0,0,0,0,0,0,0,0,0,0
0.40311784060568795,0.28753188012724307,0.5068073553400334,278,0.9676320203785437,1,0,0,0,0,0,0,0,0,0,0,0,1,0,0,0,0,1,0,0,0,0,0
0.40311784060568795,0.28753188012724307,1.8595395343307233,250,0.9676320203785437,1,0,0,0,0,0,0,0,0,0,0,0,1,0,0,0,1,0,0,0,0,0,0
2.5870885091591274,1.4596839789453286,1.9368385159873345,363,0.9676320203785437,1,0,0,0,0,0,0,0,0,0,0,0,1,0,0,0,0,0,1,0,0,0,0
-0.844865398567706,-0.8846202186908425,-0.34348144288268556,228,-0.6990049600893694,0,0,0,0,0,0,0,0,0,0,0,1,0,0,0,0,0,1,0,0,0,1,0
-0.844865398567706,-0.8846202186908425,-0.3821309337109908,225,-0.6990049600893694,0,0,0,0,0,0,0,0,0,0,0,1,0,0,0,0,0,1,0,0,0,0,0
-0.844865398567706,-0.8846202186908425,-0.6526773695091292,209,-1.532323450323326,0,0,0,0,0,0,0,0,0,0,0,1,0,0,0,0,0,1,0,0,0,0,1
-0.5328695887743576,-0.8846202186908425,-0.3821309337109908,225,-0.6990049600893694,0,0,0,0,0,0,0,0,0,0,0,1,0,0,0,0,0,1,0,0,0,0,0
-0.5328695887743576,-0.8846202186908425,-0.5367288970242127,216,-1.532323450323326,0,0,0,0,0,0,0,0,0,0,0,1,0,0,0,0,0,1,0,0,0,0,1
-0.5328695887743576,-0.8846202186908425,-0.2275329703977697,235,-0.6990049600893694,0,0,0,0,0,0,0,0,0,0,0,1,0,0,0,0,0,1,0,0,0,0,0
-0.5328695887743576,-0.8846202186908425,-0.5367288970242127,216,-1.532323450323326,0,0,0,0,0,0,0,0,0,0,0,1,0,0,0,0,0,1,0,0,0,0,1
-0.5328695887743576,-0.8846202186908425,0.12031244705697923,255,-0.6990049600893694,1,0,0,0,0,0,0,0,0,0,0,1,0,0,0,0,0,1,0,0,0,1,0
0.40311784060568795,0.28753188012724307,0.7773537911381718,294,-1.532323450323326,1,0,0,0,0,0,0,0,0,0,0,1,0,0,0,0,0,1,0,0,0,0,0
0.40311784060568795,0.28753188012724307,0.7773537911381718,294,-0.6990049600893694,1,0,0,0,0,0,0,0,0,0,0,1,0,0,0,0,0,1,0,0,0,0,1
0.40311784060568795,0.28753188012724307,1.0092507361080043,308,-1.532323450323326,1,0,0,0,0,0,0,0,0,0,0,1,0,0,0,0,0,1,0,0,0,0,0
0.40311784060568795,0.28753188012724307,1.0092507361080043,308,-0.6990049600893694,1,0,0,0,0,0,0,0,0,0,0,1,0,0,0,0,0,1,0,0,0,0,1
0.16912098326067637,0.28753188012724307,0.043013465400368656,251,-0.6990049600893694,1,1,0,0,0,0,0,0,0,0,0,0,0,0,0,0,0,1,0,0,0,0,0
-1.0008633034643803,-0.8846202186908425,-0.9618732961355722,191,-0.6990049600893694,0,0,1,0,0,0,0,0,0,0,0,0,0,0,0,0,0,1,0,0,0,0,0
-1.0008633034643803,-0.8846202186908425,-1.0778217686204887,184,-0.6990049600893694,0,0,1,0,0,0,0,0,0,0,0,0,0,0,0,0,0,1,0,0,0,0,1
-0.844865398567706,-0.8846202186908425,-0.9232238053072669,193,-0.6990049600893694,0,0,1,0,0,0,0,0,0,0,0,0,0,0,0,0,0,1,0,0,0,0,0
-0.844865398567706,-0.8846202186908425,-0.9232238053072669,193,-0.6990049600893694,0,0,1,0,0,0,0,0,0,0,0,0,0,0,0,0,0,1,0,0,0,0,1
-1.1568612083610545,-0.8846202186908425,-0.4207804245392968,223,-0.6990049600893694,0,1,0,0,0,0,0,0,0,0,0,0,0,0,0,0,0,1,0,0,0,0,0
-1.1568612083610545,-0.8846202186908425,-0.3821309337109908,225,-0.6990049600893694,0,1,0,0,0,0,0,0,0,0,0,0,0,0,0,0,0,1,0,0,0,0,1
-0.844865398567706,-0.8846202186908425,-0.9232238053072669,193,-0.6990049600893694,0,1,0,0,0,0,0,0,0,0,0,0,0,0,0,0,0,1,0,0,0,0,0
-0.844865398567706,-0.8846202186908425,-0.8845743144789616,196,-0.6990049600893694,0,1,0,0,0,0,0,0,0,0,0,0,0,0,0,0,0,1,0,0,0,0,1
-1.1568612083610545,-0.8846202186908425,-0.5367288970242127,216,-0.6990049600893694,0,0,0,0,0,0,0,0,0,0,0,0,0,0,0,0,0,1,0,0,0,0,0
-1.1568612083610545,-0.8846202186908425,-0.4594299153676021,221,-0.6990049600893694,0,0,0,0,0,0,0,0,0,0,0,0,0,0,0,0,0,1,0,0,0,0,1
-0.844865398567706,-0.8846202186908425,-0.9232238053072669,193,-0.6990049600893694,0,0,0,0,0,0,0,0,0,0,0,0,0,0,0,0,0,1,0,0,0,0,0
-0.844865398567706,-0.8846202186908425,-0.8459248236506564,198,-0.6990049600893694,0,0,0,0,0,0,0,0,0,0,0,0,0,0,0,0,0,1,0,0,0,0,1
-0.844865398567706,-0.8846202186908425,-0.34348144288268556,228,-0.6990049600893694,0,0,1,0,0,0,0,0,0,0,0,0,0,0,0,0,0,1,0,0,0,0,0
-0.5328695887743576,-0.8846202186908425,-0.8072753328223511,200,-0.6990049600893694,0,0,1,0,0,0,0,0,0,0,0,0,0,0,0,0,0,1,0,0,0,0,0
-0.5328695887743576,-0.8846202186908425,-1.7735126035299862,143,-0.6990049600893694,0,0,1,0,0,0,0,0,0,0,0,0,0,0,0,0,0,1,0,0,1,0,0
-0.5328695887743576,-0.8846202186908425,-1.6962136218733754,147,-0.6990049600893694,0,0,1,0,0,0,0,0,0,0,0,0,0,0,0,0,0,1,0,0,1,0,0
-1.1568612083610545,-0.8846202186908425,-1.2324197319337105,175,-0.6990049600893694,0,0,0,0,0,0,0,0,0,0,0,0,0,0,0,0,0,1,0,0,0,0,0
-1.1568612083610545,-0.8846202186908425,-1.193770241105405,177,-0.6990049600893694,0,0,0,0,0,0,0,0,0,0,0,0,0,0,0,0,0,1,0,0,0,0,1
-1.1568612083610545,-0.8846202186908425,-1.2324197319337105,175,-0.6990049600893694,0,0,0,0,0,0,0,0,0,0,0,0,0,0,0,0,0,1,0,0,0,0,0
-0.844865398567706,-0.8846202186908425,-0.614027878680824,212,-0.6990049600893694,0,0,0,0,0,0,0,0,1,0,0,0,0,0,0,0,0,1,0,0,0,0,0
-0.844865398567706,-0.8846202186908425,-0.5753783878525179,214,-0.6990049600893694,0,0,0,0,0,0,0,0,1,0,0,0,0,0,0,0,0,1,0,0,0,0,1
0.32511888815735074,0.28753188012724307,0.4681578645117282,276,-0.6990049600893694,1,0,0,0,1,0,0,0,0,0,0,0,0,0,0,0,0,1,0,0,0,0,0
-0.5328695887743576,-0.8846202186908425,-0.18888347956946375,237,-0.6990049600893694,0,0,0,0,0,0,0,0,0,0,0,1,0,0,0,0,0,1,0,0,0,0,0
0.16912098326067637,0.28753188012724307,0.23626091954189576,262,-0.6990049600893694,1,0,0,0,0,0,0,0,0,0,0,1,0,0,0,0,0,1,0,0,0,0,0
-0.5328695887743576,-0.8846202186908425,0.08166295622867395,253,-0.6990049600893694,1,0,0,0,0,0,0,0,0,0,0,1,0,0,0,0,0,1,0,0,0,0,0
0.16912098326067637,0.28753188012724307,0.3908588828551176,271,-0.6990049600893694,1,0,0,0,0,0,0,0,0,0,0,1,0,0,0,0,0,1,0,0,0,0,0
-1.1568612083610545,-0.8846202186908425,-0.7299763511657398,205,-0.6990049600893694,0,0,0,0,0,0,0,0,0,1,0,0,0,0,0,0,0,1,0,0,0,0,0
-1.1568612083610545,-0.8846202186908425,-0.6913268603374345,207,-0.6990049600893694,0,0,0,0,0,0,0,0,0,1,0,0,0,0,0,0,0,1,0,0,0,0,1
-0.844865398567706,-0.8846202186908425,-0.6526773695091292,209,-0.6990049600893694,0,0,0,0,0,0,0,0,0,1,0,0,0,0,0,0,0,1,0,0,0,0,0
-0.844865398567706,-0.8846202186908425,-0.768625841994045,202,-0.6990049600893694,0,0,0,0,0,0,0,0,0,1,0,0,0,0,0,0,0,1,0,0,0,0,0
-0.5328695887743576,-0.8846202186908425,-0.3048319520543803,230,-0.6990049600893694,0,0,0,0,0,0,0,0,0,0,0,1,0,0,0,0,0,1,0,0,0,0,0
-0.5328695887743576,-0.8846202186908425,0.1976114287135905,260,-0.6990049600893694,1,0,0,0,0,0,0,0,0,0,0,1,0,0,0,0,0,1,0,0,0,0,1
-0.844865398567706,-0.8846202186908425,0.23626091954189576,262,-0.6990049600893694,1,0,0,0,0,0,0,0,0,0,0,1,0,0,0,0,0,1,0,0,0,0,0
-0.5328695887743576,-0.8846202186908425,-0.0342855162562426,246,-0.6990049600893694,1,0,0,0,0,0,0,0,0,0,0,1,0,0,0,0,0,1,0,0,0,0,0
1.651101079779082,2.631836077763414,1.8981890251590285,361,-0.6990049600893694,1,0,0,0,0,0,0,0,0,0,0,0,0,1,0,0,0,0,1,0,0,0,0
1.651101079779082,2.631836077763414,2.5552303692402205,400,-0.6990049600893694,1,0,0,0,0,0,0,0,0,0,0,0,0,1,0,0,0,0,1,0,0,0,1
-0.844865398567706,-0.8846202186908425,0.4295083736834229,274,-0.6990049600893694,1,0,0,0,0,0,0,0,0,0,0,1,0,0,0,0,0,0,1,0,1,0,0
-0.06487587408433486,0.28753188012724307,1.4343951352193638,334,0.9676320203785437,1,0,0,0,0,0,0,0,0,0,0,0,1,0,0,0,0,0,1,0,1,0,0
-0.844865398567706,-0.8846202186908425,-0.3821309337109908,225,1.8009505106125,0,0,0,0,0,0,0,0,0,0,0,1,0,0,0,0,0,0,1,0,1,0,0
-0.844865398567706,-0.8846202186908425,-0.3821309337109908,225,1.8009505106125,0,0,0,0,0,0,0,0,0,0,0,1,0,0,0,0,0,0,1,0,1,0,0
1.4951031748824075,1.4596839789453286,1.7822405526741127,354,0.9676320203785437,1,0,0,0,0,0,0,0,0,0,0,0,1,0,0,0,0,0,1,0,1,0,0
1.4951031748824075,1.4596839789453286,1.666292080189196,347,0.9676320203785437,1,0,0,0,0,0,0,0,0,0,0,0,1,0,0,0,0,0,1,0,1,0,0
-0.06487587408433486,0.28753188012724307,0.62275582782495,285,0.9676320203785437,1,0,0,0,0,0,0,0,0,0,0,0,1,0,0,0,0,0,1,0,1,0,0
-0.06487587408433486,0.28753188012724307,0.62275582782495,285,0.9676320203785437,1,0,0,0,0,0,0,0,0,0,0,0,1,0,0,0,0,0,1,0,1,0,0
-0.06487587408433486,0.28753188012724307,2.5552303692402205,278,0.9676320203785437,1,0,0,0,0,0,0,0,0,0,0,0,1,0,0,0,1,0,0,0,1,0,0
1.4951031748824075,1.4596839789453286,1.6276425893608908,345,0.9676320203785437,1,0,0,0,0,0,0,0,0,0,0,0,1,0,0,0,0,0,1,0,1,0,0
1.4951031748824075,1.4596839789453286,1.5116941168759743,338,0.9676320203785437,1,0,0,0,0,0,0,0,0,0,0,0,1,0,0,0,0,0,1,0,1,0,0
-0.06487587408433486,0.28753188012724307,0.5841063369966447,283,0.9676320203785437,1,0,0,0,0,0,0,0,0,0,0,0,1,0,0,0,0,0,1,0,1,0,0
-0.06487587408433486,0.28753188012724307,0.5841063369966447,283,0.9676320203785437,1,0,0,0,0,0,0,0,0,0,0,0,1,0,0,0,0,0,1,0,1,0,0
-0.06487587408433486,0.28753188012724307,2.516580878411916,277,0.9676320203785437,1,0,0,0,0,0,0,0,0,0,0,0,1,0,0,0,1,0,0,0,1,0,0
1.4951031748824075,1.4596839789453286,1.7822405526741127,354,0.9676320203785437,1,0,0,0,0,0,0,0,0,0,0,0,1,0,0,0,0,0,1,0,1,0,0
1.4951031748824075,1.4596839789453286,1.666292080189196,347,0.9676320203785437,1,0,0,0,0,0,0,0,0,0,0,0,1,0,0,0,0,0,1,0,1,0,0
-1.0008633034643803,-0.8846202186908425,-2.005409548499819,129,-0.6990049600893694,0,0,0,0,0,0,0,0,0,0,0,0,0,0,0,0,0,1,0,0,0,1,0
-0.4548706363260205,-0.8846202186908425,-1.8508115851865972,138,-0.6990049600893694,0,0,1,0,0,0,0,0,0,0,0,0,0,0,0,0,0,1,0,0,0,1,0
0.32511888815735074,0.28753188012724307,-0.4594299153676021,221,-0.6990049600893694,0,0,1,0,0,0,0,0,0,0,0,0,0,0,0,0,0,1,0,0,1,0,0
0.32511888815735074,0.28753188012724307,-0.15023398874115845,239,0.9676320203785437,0,0,1,0,0,0,0,0,0,0,0,0,0,0,0,0,0,0,1,0,1,0,0
0.32511888815735074,0.28753188012724307,0.08166295622867395,253,-0.6990049600893694,1,0,1,0,0,0,0,0,0,0,0,0,0,0,0,0,0,0,1,0,1,0,0
0.32511888815735074,0.28753188012724307,-1.2324197319337105,175,0.9676320203785437,0,0,1,0,0,0,0,0,0,0,0,0,0,0,0,0,0,0,1,0,0,1,0
1.183107365089059,1.4596839789453286,1.2024981902495313,320,-0.6990049600893694,1,0,0,0,0,0,0,0,0,0,0,0,1,0,0,0,0,0,1,0,1,0,0
-0.4548706363260205,0.28753188012724307,-0.4207804245392968,223,-0.6990049600893694,0,0,0,0,0,0,0,0,0,0,0,0,0,0,0,0,0,0,1,0,1,0,0
-0.4548706363260205,0.28753188012724307,-0.15023398874115845,239,-0.6990049600893694,0,0,0,0,0,0,0,0,0,0,0,0,0,0,0,0,0,0,1,0,1,0,0
-0.4548706363260205,0.28753188012724307,-0.4207804245392968,223,-0.6990049600893694,0,0,0,0,0,0,0,0,0,0,1,0,0,0,0,0,0,0,1,0,1,0,0
0.32511888815735074,0.28753188012724307,-0.07293500708454788,244,0.9676320203785437,0,0,0,0,0,0,0,0,0,0,0,0,0,0,0,0,0,0,1,0,1,0,0
0.32511888815735074,0.28753188012724307,0.08166295622867395,253,-0.6990049600893694,1,0,0,0,0,0,0,0,0,0,0,0,0,0,0,0,0,0,1,0,1,0,0
0.32511888815735074,0.28753188012724307,-0.07293500708454788,244,-0.6990049600893694,0,0,0,0,0,0,0,0,0,0,1,0,0,0,0,0,0,0,1,0,1,0,0
1.4951031748824075,1.4596839789453286,0.7000548094815605,290,0.9676320203785437,1,0,0,0,0,0,0,0,0,0,1,0,0,0,0,0,0,0,1,0,1,0,0
1.183107365089059,1.4596839789453286,0.5841063369966447,283,0.9676320203785437,1,0,1,0,0,0,0,0,0,0,0,0,0,0,0,0,0,0,1,0,1,0,0
1.183107365089059,1.4596839789453286,0.8160032819664771,297,0.9676320203785437,1,0,1,0,0,0,0,0,0,0,0,0,0,0,0,0,0,0,1,0,1,0,0
1.183107365089059,1.4596839789453286,0.8160032819664771,297,0.9676320203785437,1,0,1,0,0,0,0,0,0,0,0,0,0,0,0,0,0,0,1,0,1,0,0
1.4951031748824075,1.4596839789453286,0.23626091954189576,262,0.9676320203785437,1,0,1,0,0,0,0,0,0,0,0,0,0,0,0,0,0,0,1,0,0,1,0
2.0410958420207677,1.4596839789453286,2.207384951785472,380,-0.6990049600893694,1,0,0,0,0,0,0,0,0,0,0,0,1,0,0,0,0,0,1,0,1,0,0
0.32511888815735074,0.28753188012724307,0.3522093920268116,269,-0.6990049600893694,1,0,0,0,0,0,0,0,0,0,0,1,0,0,0,0,0,1,0,0,1,0,0
0.32511888815735074,0.28753188012724307,0.12031244705697923,255,0.9676320203785437,1,0,0,0,0,0,0,0,0,0,0,1,0,0,0,0,0,1,0,0,1,0,0
0.32511888815735074,0.28753188012724307,-1.0005227869638782,189,-0.6990049600893694,0,0,0,0,0,0,0,0,0,0,0,1,0,0,0,0,0,0,1,0,0,1,0
0.32511888815735074,0.28753188012724307,0.3908588828551176,271,-0.6990049600893694,1,1,0,0,0,0,0,0,0,0,0,0,0,0,0,0,0,1,0,0,1,0,0
0.4811167930540251,0.28753188012724307,0.1976114287135905,260,-0.6990049600893694,1,1,0,0,0,0,0,0,0,0,0,0,0,0,0,0,0,1,0,0,1,0,0
0.32511888815735074,0.28753188012724307,0.7773537911381718,294,-0.6990049600893694,1,0,0,0,0,0,0,0,0,0,0,0,1,0,0,0,0,1,0,0,1,0,0
-0.844865398567706,-0.8846202186908425,-0.2275329703977697,235,-0.6990049600893694,0,0,0,0,0,0,0,1,0,0,0,0,0,0,0,0,0,1,0,0,1,0,0
0.4811167930540251,0.28753188012724307,0.5454568461683388,281,-0.6990049600893694,1,0,0,0,0,0,0,1,0,0,0,0,0,0,0,0,0,1,0,0,0,0,0
0.4811167930540251,0.28753188012724307,0.5454568461683388,281,-0.6990049600893694,1,0,0,0,0,0,0,0,0,0,0,1,0,0,0,0,0,1,0,0,1,0,0
-0.844865398567706,-0.8846202186908425,-0.6913268603374345,207,-0.6990049600893694,0,0,1,0,0,0,0,0,0,0,0,0,0,0,0,0,0,1,0,0,1,0,0
0.4811167930540251,0.28753188012724307,0.23626091954189576,262,-0.6990049600893694,1,0,1,0,0,0,0,0,0,0,0,0,0,0,0,0,0,1,0,0,1,0,0
-0.844865398567706,-0.8846202186908425,-1.734863112701681,145,-0.6990049600893694,0,0,1,0,0,0,0,0,0,0,0,0,0,0,0,0,0,1,0,0,0,1,0
1.8070989846757564,1.4596839789453286,2.014137497643945,368,-0.6990049600893694,1,0,0,0,0,0,0,0,0,0,0,0,1,0,0,0,0,1,0,0,0,0,0
-0.06487587408433486,0.28753188012724307,0.7387043003098659,292,0.9676320203785437,1,0,1,0,0,0,0,0,0,0,0,0,0,0,0,0,0,0,1,0,1,0,0
-0.06487587408433486,0.28753188012724307,0.7387043003098659,292,0.9676320203785437,1,0,1,0,0,0,0,0,0,0,0,0,0,0,0,0,0,0,1,0,1,0,0
1.2611063175373964,1.4596839789453286,1.666292080189196,347,-0.6990049600893694,1,0,0,0,0,0,0,0,0,0,1,0,0,0,0,0,0,0,1,0,1,0,0
1.2611063175373964,1.4596839789453286,1.7435910618458075,352,-0.6990049600893694,1,0,0,0,0,0,0,0,0,0,1,0,0,0,0,0,0,0,1,0,1,0,0
0.559115745502362,1.4596839789453286,1.4343951352193638,334,0.9676320203785437,1,1,0,0,0,0,0,0,0,0,0,0,0,0,0,0,0,0,1,0,1,0,0
-0.06487587408433486,0.28753188012724307,0.8933022636230876,301,0.9676320203785437,1,1,0,0,0,0,0,0,0,0,0,0,0,0,0,0,0,0,1,0,1,0,0
-0.844865398567706,-0.8846202186908425,-1.0005227869638782,189,-0.6990049600893694,0,0,0,0,0,0,0,0,0,0,0,1,0,0,0,0,0,1,0,0,1,0,0
-0.844865398567706,-0.8846202186908425,-1.0778217686204887,184,-0.6990049600893694,0,0,0,0,0,0,0,0,0,0,0,1,0,0,0,0,0,1,0,0,0,0,1
-0.4548706363260205,-0.8846202186908425,-0.8459248236506564,198,-0.6990049600893694,0,0,0,0,0,0,0,0,0,0,0,1,0,0,0,0,0,1,0,0,1,0,0
-0.844865398567706,-0.8846202186908425,-0.8845743144789616,196,-0.6990049600893694,0,0,0,0,0,0,0,0,0,0,0,1,0,0,0,0,0,1,0,0,1,0,0
-0.4548706363260205,-0.8846202186908425,-0.7299763511657398,205,-0.6990049600893694,0,0,0,0,0,0,0,0,0,0,0,1,0,0,0,0,0,1,0,0,1,0,0
0.4811167930540251,0.28753188012724307,0.5841063369966447,283,-0.6990049600893694,1,0,0,0,0,0,0,0,0,0,0,1,0,0,0,0,0,1,0,0,1,0,0
0.4811167930540251,0.28753188012724307,0.7000548094815605,290,-0.6990049600893694,1,0,0,0,0,0,0,0,0,0,0,1,0,0,0,0,0,1,0,0,1,0,0
-1.2348601608093916,-0.8846202186908425,-1.193770241105405,177,-2.3656419405572824,0,0,0,0,0,0,0,0,0,0,0,0,0,0,0,0,0,1,0,0,0,0,0
-1.2348601608093916,-0.8846202186908425,-1.3097187135903212,170,-1.532323450323326,0,0,0,0,0,0,0,0,0,0,0,0,0,0,0,0,0,1,0,0,0,0,1
-0.844865398567706,-0.8846202186908425,-1.5029661677318482,159,-0.6990049600893694,0,0,0,0,0,0,0,0,0,0,0,0,0,0,0,0,0,1,0,0,1,0,0
-0.844865398567706,-0.8846202186908425,-1.464316676903543,161,-0.6990049600893694,0,0,0,0,0,0,0,0,0,0,0,0,0,0,0,0,0,1,0,0,0,0,1
-0.4548706363260205,-0.8846202186908425,-1.3097187135903212,170,-0.6990049600893694,0,0,0,0,0,0,0,0,0,0,0,0,0,0,0,0,0,1,0,0,1,0,0
-0.4548706363260205,-0.8846202186908425,-1.3483682044186267,168,-0.6990049600893694,0,0,0,0,0,0,0,0,0,0,0,0,0,0,0,0,0,1,0,0,1,0,0
-0.844865398567706,-0.8846202186908425,-1.464316676903543,161,-0.6990049600893694,0,0,0,0,0,0,0,0,0,0,0,0,0,0,0,0,0,1,0,0,0,0,1
-0.844865398567706,-0.8846202186908425,-1.4256671860752377,163,-0.6990049600893694,0,0,1,0,0,0,0,0,0,0,0,0,0,0,0,0,0,1,0,0,1,0,0
-0.844865398567706,-0.8846202186908425,-1.387017695246932,166,-0.6990049600893694,0,0,1,0,0,0,0,0,0,0,0,0,0,0,0,0,0,1,0,0,0,0,1
-0.4548706363260205,-0.8846202186908425,-1.193770241105405,177,-0.6990049600893694,0,0,1,0,0,0,0,0,0,0,0,0,0,0,0,0,0,1,0,0,1,0,0
-0.4548706363260205,-0.8846202186908425,-1.3483682044186267,168,-0.6990049600893694,0,0,1,0,0,0,0,0,0,0,0,0,0,0,0,0,0,1,0,0,1,0,0
-0.844865398567706,-0.8846202186908425,-1.387017695246932,166,-0.6990049600893694,0,0,1,0,0,0,0,0,0,0,0,0,0,0,0,0,0,1,0,0,0,0,1
-0.4548706363260205,-0.8846202186908425,-0.4207804245392968,223,-1.532323450323326,0,0,0,0,1,0,0,0,0,0,0,0,0,0,0,0,0,1,0,0,1,0,0
-0.4548706363260205,-0.8846202186908425,-0.3821309337109908,225,-0.6990049600893694,0,0,0,0,1,0,0,0,0,0,0,0,0,0,0,0,0,1,0,0,0,0,1
-0.4548706363260205,-0.8846202186908425,-1.2324197319337105,175,-0.6990049600893694,0,0,1,0,0,0,0,0,0,0,0,0,0,0,0,0,0,1,0,0,1,0,0
-0.4548706363260205,-0.8846202186908425,-1.0391722777921835,186,-0.6990049600893694,0,0,1,0,0,0,0,0,0,0,0,0,0,0,0,0,0,1,0,0,0,0,1
-0.4548706363260205,-0.8846202186908425,-1.3483682044186267,168,-0.6990049600893694,0,0,1,0,0,0,0,0,0,0,0,0,0,0,0,0,0,1,0,0,1,0,0
-0.844865398567706,-0.8846202186908425,-0.2275329703977697,235,-0.6990049600893694,0,0,0,0,0,0,0,0,0,0,0,0,0,1,0,0,0,0,1,0,1,0,0
-0.844865398567706,-0.8846202186908425,-0.4594299153676021,221,-1.532323450323326,0,0,0,0,0,0,0,0,0,0,0,0,0,1,0,0,0,0,1,0,0,0,1
-0.844865398567706,-0.8846202186908425,-0.34348144288268556,228,-0.6990049600893694,0,0,0,0,0,0,0,0,0,0,0,0,0,1,0,0,0,0,1,0,0,0,1
-0.844865398567706,-0.8846202186908425,-1.0778217686204887,184,0.1343135301445871,0,0,0,0,0,0,0,0,0,1,0,0,0,0,0,0,0,0,1,0,1,0,0
-1.0008633034643803,-0.8846202186908425,-0.5367288970242127,216,0.1343135301445871,0,0,0,0,0,0,0,0,0,0,0,0,0,0,0,0,0,0,1,0,1,0,0
-1.0008633034643803,-0.8846202186908425,-0.5367288970242127,216,0.1343135301445871,0,0,0,0,0,0,0,0,0,0,1,0,0,0,0,0,0,0,1,0,1,0,0
0.32511888815735074,0.28753188012724307,-0.11158449791285317,242,0.1343135301445871,0,0,0,0,0,0,0,0,0,0,0,0,0,0,0,0,0,0,1,0,1,0,0
0.32511888815735074,0.28753188012724307,1.2411476810778366,224,0.1343135301445871,0,0,0,0,0,0,0,0,0,0,0,0,0,0,0,0,1,0,0,0,1,0,0
0.32511888815735074,0.28753188012724307,-0.11158449791285317,242,0.1343135301445871,0,0,0,0,0,0,0,0,0,0,0,0,0,0,0,0,0,0,1,0,1,0,0
0.32511888815735074,0.28753188012724307,-0.15023398874115845,239,0.1343135301445871,0,0,0,0,0,0,0,0,0,0,0,0,0,0,0,0,0,0,1,0,1,0,0
0.32511888815735074,0.28753188012724307,-0.07293500708454788,244,0.1343135301445871,0,0,0,0,0,0,0,0,0,0,1,0,0,0,0,0,0,0,1,0,1,0,0
0.32511888815735074,0.28753188012724307,-0.11158449791285317,242,0.1343135301445871,0,0,0,0,0,0,0,0,0,0,1,0,0,0,0,0,0,0,1,0,1,0,0
2.431090604262453,1.4596839789453286,1.666292080189196,347,0.1343135301445871,1,0,0,0,0,0,0,0,0,0,0,0,0,0,0,0,0,0,1,0,1,0,0
2.431090604262453,1.4596839789453286,1.7435910618458075,352,0.1343135301445871,1,0,0,0,0,0,0,0,0,0,1,0,0,0,0,0,0,0,1,0,1,0,0
1.2611063175373964,1.4596839789453286,0.931951754451393,304,0.1343135301445871,1,0,0,0,0,0,0,0,0,0,0,0,0,0,0,0,0,0,1,0,1,0,0
1.8850979371240932,1.4596839789453286,1.0092507361080043,308,0.1343135301445871,1,0,0,0,0,0,0,0,0,0,0,0,0,0,0,0,0,0,1,0,1,0,0
-0.844865398567706,-0.8846202186908425,-1.1551207502770997,179,0.1343135301445871,0,0,0,0,0,0,0,0,0,0,0,0,0,0,0,0,0,0,1,0,1,0,0
-0.844865398567706,-0.8846202186908425,-0.614027878680824,212,0.1343135301445871,0,0,0,0,0,0,0,0,0,0,0,0,0,0,0,0,0,0,1,0,1,0,0
1.2611063175373964,1.4596839789453286,0.27491041037020103,264,0.1343135301445871,1,0,0,0,0,0,0,0,0,0,0,0,0,0,0,0,0,0,1,0,1,0,0
1.8850979371240932,1.4596839789453286,0.8933022636230876,301,0.1343135301445871,1,0,0,0,0,0,0,0,0,0,0,0,0,0,0,0,0,0,1,0,1,0,0
1.8850979371240932,1.4596839789453286,0.8933022636230876,301,0.1343135301445871,1,0,0,0,0,0,0,0,0,0,0,0,0,0,0,0,0,0,1,0,1,0,0
-0.7668664461193689,-0.8846202186908425,-1.387017695246932,194,0.1343135301445871,0,0,1,0,0,0,0,0,0,0,0,0,0,0,0,0,0,0,0,0,1,0,0
0.32511888815735074,0.28753188012724307,-0.2275329703977697,235,0.1343135301445871,0,0,1,0,0,0,0,0,0,0,0,0,0,0,0,0,0,0,1,0,1,0,0
0.32511888815735074,0.28753188012724307,-0.3048319520543803,230,0.1343135301445871,0,0,1,0,0,0,0,0,0,0,0,0,0,0,0,0,0,0,1,0,1,0,0
0.32511888815735074,0.28753188012724307,-0.15023398874115845,239,0.1343135301445871,0,0,0,0,0,0,0,0,0,0,1,0,0,0,0,0,0,0,1,0,1,0,0
0.32511888815735074,0.28753188012724307,-0.11158449791285317,242,0.1343135301445871,0,0,0,0,0,0,0,0,1,0,0,0,0,0,0,0,0,0,1,0,1,0,0
0.32511888815735074,0.28753188012724307,-0.15023398874115845,239,0.1343135301445871,0,0,0,0,0,0,0,0,0,0,1,0,0,0,0,0,0,0,1,0,1,0,0
0.32511888815735074,0.28753188012724307,-0.2275329703977697,235,0.1343135301445871,0,0,0,0,0,0,0,0,0,0,1,0,0,0,0,0,0,0,1,0,1,0,0
0.32511888815735074,0.28753188012724307,-0.768625841994045,202,0.1343135301445871,0,0,1,0,0,0,0,0,0,0,0,0,0,0,0,0,0,0,1,0,1,0,0
1.2611063175373964,1.4596839789453286,0.31355990119850635,267,0.1343135301445871,1,0,1,0,0,0,0,0,0,0,0,0,0,0,0,0,0,0,1,0,1,0,0
1.2611063175373964,1.4596839789453286,0.3522093920268116,269,0.1343135301445871,1,0,0,0,0,0,0,0,0,0,1,0,0,0,0,0,0,0,1,0,1,0,0
1.2611063175373964,1.4596839789453286,0.23626091954189576,262,0.1343135301445871,1,0,0,0,0,0,0,0,0,0,1,0,0,0,0,0,0,0,1,0,1,0,0
1.8850979371240932,1.4596839789453286,0.8160032819664771,297,0.1343135301445871,1,0,1,0,0,0,0,0,0,0,0,0,0,0,0,0,0,0,1,0,1,0,0
1.8850979371240932,1.4596839789453286,1.0479002269363096,310,0.1343135301445871,1,0,0,0,0,0,0,0,1,0,0,0,0,0,0,0,0,0,1,0,1,0,0
1.8850979371240932,1.4596839789453286,0.8160032819664771,297,0.1343135301445871,1,0,1,0,0,0,0,0,0,0,0,0,0,0,0,0,0,0,1,0,1,0,0
1.8850979371240932,1.4596839789453286,1.0479002269363096,310,0.1343135301445871,1,0,0,0,0,0,0,0,1,0,0,0,0,0,0,0,0,0,1,0,1,0,0
1.8850979371240932,1.4596839789453286,2.671178841725137,407,0.1343135301445871,1,0,0,0,0,0,0,0,0,0,0,0,1,0,0,0,0,0,1,0,1,0,0
-0.06487587408433486,0.28753188012724307,0.4681578645117282,324,0.1343135301445871,1,0,0,0,0,0,0,0,0,0,0,0,1,0,0,0,0,0,0,0,1,0,0
1.2611063175373964,1.4596839789453286,1.7049415710175013,350,0.1343135301445871,1,0,0,0,0,0,0,0,0,0,0,0,1,0,0,0,0,0,1,0,1,0,0
1.2611063175373964,1.4596839789453286,1.8595395343307233,359,0.1343135301445871,1,0,0,0,0,0,0,0,0,0,0,0,1,0,0,0,0,0,1,0,1,0,0
1.8850979371240932,1.4596839789453286,1.9368385159873345,363,0.1343135301445871,1,0,0,0,0,0,0,0,0,0,0,0,1,0,0,0,0,0,1,0,1,0,0
-0.7668664461193689,-0.8846202186908425,-0.8845743144789616,230,0.1343135301445871,0,0,0,0,0,0,0,0,0,0,0,1,0,0,0,0,0,0,0,0,1,0,0
0.32511888815735074,0.28753188012724307,0.1976114287135905,260,0.1343135301445871,1,0,0,0,0,0,0,0,0,0,0,1,0,0,0,0,0,0,1,0,1,0,0
0.32511888815735074,0.28753188012724307,0.5068073553400334,278,0.1343135301445871,1,0,0,0,0,0,0,0,0,0,0,0,1,0,0,0,0,0,1,0,1,0,0
0.32511888815735074,0.28753188012724307,2.014137497643945,256,0.1343135301445871,1,0,0,0,0,0,0,0,0,0,0,0,1,0,0,0,1,0,0,0,1,0,0
-0.06487587408433486,0.28753188012724307,-0.18888347956946375,278,0.1343135301445871,1,0,0,0,0,0,0,0,0,0,0,0,1,0,0,0,0,0,0,0,1,0,0
1.2611063175373964,1.4596839789453286,1.318446662734447,327,0.1343135301445871,1,0,0,0,0,0,0,0,0,0,0,0,1,0,0,0,0,0,1,0,1,0,0
1.8850979371240932,1.4596839789453286,1.820890043502418,356,0.1343135301445871,1,0,0,0,0,0,0,0,0,0,0,0,1,0,0,0,0,0,1,0,1,0,0
1.2611063175373964,1.4596839789453286,0.5068073553400334,278,0.1343135301445871,1,1,0,0,0,0,0,0,0,0,0,0,0,0,0,0,0,0,1,0,1,0,0
1.2611063175373964,1.4596839789453286,0.4681578645117282,276,0.1343135301445871,1,1,0,0,0,0,0,0,0,0,0,0,0,0,0,0,0,0,1,0,1,0,0
1.8850979371240932,1.4596839789453286,0.931951754451393,304,0.1343135301445871,1,1,0,0,0,0,0,0,0,0,0,0,0,0,0,0,0,0,1,0,1,0,0
1.2611063175373964,1.4596839789453286,0.3522093920268116,269,0.1343135301445871,1,0,0,0,0,0,0,0,0,0,0,0,0,1,0,0,0,0,1,0,1,0,0
1.8850979371240932,1.4596839789453286,0.7387043003098659,292,0.1343135301445871,1,0,0,0,0,0,0,0,0,0,0,0,0,1,0,0,0,0,1,0,1,0,0
2.275092699365779,1.4596839789453286,1.318446662734447,327,0.1343135301445871,1,0,0,0,0,0,0,0,0,0,0,0,0,1,0,0,0,0,1,0,1,0,0
-1.0008633034643803,-0.8846202186908425,-0.7299763511657398,205,0.1343135301445871,0,0,0,0,0,0,0,0,0,0,0,0,0,1,0,0,0,0,1,0,1,0,0
-1.0008633034643803,-0.8846202186908425,-0.6913268603374345,207,-0.6990049600893694,0,0,0,0,0,0,0,0,0,0,0,0,0,1,0,0,0,0,1,0,0,0,1
0.32511888815735074,0.28753188012724307,-0.3821309337109908,225,0.1343135301445871,0,0,0,0,0,0,0,0,0,0,0,0,0,1,0,0,0,0,1,0,1,0,0
1.8850979371240932,1.4596839789453286,-0.0342855162562426,246,0.1343135301445871,1,0,0,0,0,0,0,0,0,0,0,0,0,1,0,0,0,0,1,0,1,0,0
2.431090604262453,1.4596839789453286,2.207384951785472,380,0.1343135301445871,1,0,0,0,0,0,0,0,0,0,0,0,0,1,0,0,0,0,1,0,1,0,0
2.431090604262453,1.4596839789453286,1.8981890251590285,361,0.1343135301445871,1,0,0,0,0,0,0,0,0,0,0,0,0,1,0,0,0,0,1,0,1,0,0
2.431090604262453,1.4596839789453286,1.8981890251590285,361,0.1343135301445871,1,0,0,0,0,0,0,0,0,0,0,0,0,1,0,0,0,0,1,0,1,0,0
-1.1568612083610545,-0.8846202186908425,-1.1551207502770997,179,-0.6990049600893694,0,0,0,0,0,0,0,0,0,0,1,0,0,0,0,0,0,0,1,0,0,0,0
-1.1568612083610545,-0.8846202186908425,-1.1551207502770997,179,-0.6990049600893694,0,0,0,0,0,0,0,0,0,0,1,0,0,0,0,0,0,0,1,0,0,0,1
-1.1568612083610545,-0.8846202186908425,-1.1551207502770997,179,-0.6990049600893694,0,0,0,1,0,0,0,0,0,0,0,0,0,0,0,0,0,0,1,0,0,0,0
-1.1568612083610545,-0.8846202186908425,-1.1551207502770997,179,-0.6990049600893694,0,0,0,1,0,0,0,0,0,0,0,0,0,0,0,0,0,0,1,0,0,0,1
-1.1568612083610545,-0.8846202186908425,-0.8072753328223511,200,-0.6990049600893694,0,0,0,0,0,0,0,0,0,0,0,0,0,0,0,0,0,0,1,0,0,0,0
-1.1568612083610545,-0.8846202186908425,-1.1551207502770997,179,-0.6990049600893694,0,0,0,0,0,0,0,0,0,0,0,0,0,0,0,0,0,0,1,0,0,0,1
-1.1568612083610545,-0.8846202186908425,-1.2324197319337105,175,-0.6990049600893694,0,0,0,0,0,0,0,0,0,0,0,0,0,1,0,0,0,0,1,0,0,0,0
-1.1568612083610545,-0.8846202186908425,-1.3483682044186267,168,-0.6990049600893694,0,0,0,0,0,0,0,0,0,0,0,0,0,1,0,0,0,0,1,0,0,0,1
-1.1568612083610545,-0.8846202186908425,-0.8072753328223511,200,-0.6990049600893694,0,0,0,0,0,0,0,0,0,0,0,0,0,0,0,0,0,0,1,0,0,0,0
-1.1568612083610545,-0.8846202186908425,-1.1551207502770997,179,-0.6990049600893694,0,0,0,0,0,0,0,0,0,0,0,0,0,0,0,0,0,0,1,0,0,0,1
-1.1568612083610545,-0.8846202186908425,-1.1551207502770997,179,-0.6990049600893694,0,0,0,0,0,0,0,0,0,0,0,0,0,1,0,0,0,0,1,0,0,0,0
-1.1568612083610545,-0.8846202186908425,-1.1551207502770997,179,-0.6990049600893694,0,0,0,0,0,0,0,0,0,0,0,0,0,1,0,0,0,0,1,0,0,0,1
-1.1568612083610545,-0.8846202186908425,-0.9618732961355722,191,-0.6990049600893694,0,0,0,0,0,0,0,0,0,0,1,0,0,0,0,0,0,0,1,0,0,0,0
-1.1568612083610545,-0.8846202186908425,-1.0778217686204887,184,-0.6990049600893694,0,0,0,0,0,0,0,0,0,0,1,0,0,0,0,0,0,0,1,0,0,0,1
-1.1568612083610545,-0.8846202186908425,-0.9618732961355722,191,-0.6990049600893694,0,0,0,1,0,0,0,0,0,0,0,0,0,0,0,0,0,0,1,0,0,0,0
-1.1568612083610545,-0.8846202186908425,-1.0778217686204887,184,-0.6990049600893694,0,0,0,1,0,0,0,0,0,0,0,0,0,0,0,0,0,0,1,0,0,0,1
-1.1568612083610545,-0.8846202186908425,-0.6913268603374345,207,-0.6990049600893694,0,0,0,0,0,0,0,0,0,0,0,0,0,0,0,0,0,0,1,0,0,0,0
-1.1568612083610545,-0.8846202186908425,-0.8845743144789616,196,-0.6990049600893694,0,0,0,0,0,0,0,0,0,0,0,0,0,0,0,0,0,0,1,0,0,0,1
-1.1568612083610545,-0.8846202186908425,-0.9618732961355722,191,-0.6990049600893694,0,0,0,0,0,0,0,0,0,0,0,0,0,1,0,0,0,0,1,0,0,0,0
-1.1568612083610545,-0.8846202186908425,-1.0778217686204887,184,-0.6990049600893694,0,0,0,0,0,0,0,0,0,0,0,0,0,1,0,0,0,0,1,0,0,0,1
-1.1568612083610545,-0.8846202186908425,-0.6913268603374345,207,-0.6990049600893694,0,0,0,0,0,0,0,0,0,0,0,0,0,0,0,0,0,0,1,0,0,0,0
-1.1568612083610545,-0.8846202186908425,-0.8845743144789616,196,-0.6990049600893694,0,0,0,0,0,0,0,0,0,0,0,0,0,0,0,0,0,0,1,0,0,0,1
-1.1568612083610545,-0.8846202186908425,-0.9618732961355722,191,-0.6990049600893694,0,0,0,0,0,0,0,0,0,0,0,0,0,1,0,0,0,0,1,0,0,0,0
-1.1568612083610545,-0.8846202186908425,-1.0778217686204887,184,-0.6990049600893694,0,0,0,0,0,0,0,0,0,0,0,0,0,1,0,0,0,0,1,0,0,0,1
-1.1568612083610545,-0.8846202186908425,-0.9618732961355722,191,-0.6990049600893694,0,0,0,0,0,0,0,0,0,0,1,0,0,0,0,0,0,0,1,0,0,0,0
-1.1568612083610545,-0.8846202186908425,-1.0778217686204887,184,-0.6990049600893694,0,0,0,0,0,0,0,0,0,0,1,0,0,0,0,0,0,0,1,0,0,0,1
-1.1568612083610545,-0.8846202186908425,-0.9618732961355722,191,-0.6990049600893694,0,0,0,1,0,0,0,0,0,0,0,0,0,0,0,0,0,0,1,0,0,0,0
-1.1568612083610545,-0.8846202186908425,-1.0778217686204887,184,-0.6990049600893694,0,0,0,1,0,0,0,0,0,0,0,0,0,0,0,0,0,0,1,0,0,0,1
-1.1568612083610545,-0.8846202186908425,-0.6913268603374345,207,-0.6990049600893694,0,0,0,0,0,0,0,0,0,0,0,0,0,0,0,0,0,0,1,0,0,0,0
-1.1568612083610545,-0.8846202186908425,-0.8845743144789616,196,-0.6990049600893694,0,0,0,0,0,0,0,0,0,0,0,0,0,0,0,0,0,0,1,0,0,0,1
-1.1568612083610545,-0.8846202186908425,-0.9618732961355722,191,-0.6990049600893694,0,0,0,0,0,0,0,0,0,0,0,0,0,1,0,0,0,0,1,0,0,0,0
-1.1568612083610545,-0.8846202186908425,-1.0778217686204887,184,-0.6990049600893694,0,0,0,0,0,0,0,0,0,0,0,0,0,1,0,0,0,0,1,0,0,0,1
-1.1568612083610545,-0.8846202186908425,-0.6913268603374345,207,-0.6990049600893694,0,0,0,0,0,0,0,0,0,0,0,0,0,0,0,0,0,0,1,0,0,0,0
-1.1568612083610545,-0.8846202186908425,-0.8845743144789616,196,-0.6990049600893694,0,0,0,0,0,0,0,0,0,0,0,0,0,0,0,0,0,0,1,0,0,0,1
-1.1568612083610545,-0.8846202186908425,-0.9618732961355722,191,-0.6990049600893694,0,0,0,0,0,0,0,0,0,0,0,0,0,1,0,0,0,0,1,0,0,0,0
-1.1568612083610545,-0.8846202186908425,-1.0778217686204887,184,-0.6990049600893694,0,0,0,0,0,0,0,0,0,0,0,0,0,1,0,0,0,0,1,0,0,0,1
-0.844865398567706,-0.8846202186908425,-1.0005227869638782,189,-0.6990049600893694,0,0,0,0,0,0,0,0,0,0,0,0,0,0,0,0,0,1,0,0,0,1,0
-0.844865398567706,-0.8846202186908425,-0.9618732961355722,191,-1.532323450323326,0,0,0,0,0,0,0,0,0,0,0,0,0,0,0,0,0,1,0,0,0,0,1
-0.5328695887743576,-0.8846202186908425,-0.4980794061959074,218,-0.6990049600893694,0,0,0,0,0,0,0,0,0,0,0,0,0,0,0,0,0,1,0,0,0,1,0
-0.844865398567706,-0.8846202186908425,0.6614053186532552,288,-0.6990049600893694,1,0,0,0,0,0,0,0,0,0,0,0,0,0,0,0,0,0,1,1,0,0,0
-0.844865398567706,-0.8846202186908425,0.5841063369966447,283,-1.532323450323326,1,0,0,0,0,0,0,0,0,0,0,0,0,0,0,0,0,0,1,0,0,0,1
-0.844865398567706,-0.8846202186908425,0.31355990119850635,267,-0.6990049600893694,1,0,0,0,0,0,0,0,0,0,0,0,0,0,0,0,0,0,1,1,0,0,0
-0.844865398567706,-0.8846202186908425,-0.8459248236506564,198,-0.6990049600893694,0,0,0,0,0,0,0,0,0,1,0,0,0,0,0,0,0,1,0,0,0,1,0
-0.844865398567706,-0.8846202186908425,-0.8459248236506564,198,-1.532323450323326,0,0,0,0,0,0,0,0,0,1,0,0,0,0,0,0,0,1,0,0,0,0,1
-1.4688570181544032,-1.4706962680998854,-1.8508115851865972,138,-0.6990049600893694,0,0,0,0,0,0,0,0,0,0,0,0,0,0,0,0,0,1,0,0,0,1,0
-1.4688570181544032,-1.4706962680998854,-1.6962136218733754,147,-1.532323450323326,0,0,0,0,0,0,0,0,0,0,0,0,0,0,0,0,0,1,0,0,0,0,1
-0.5328695887743576,-0.8846202186908425,-0.8459248236506564,198,-0.6990049600893694,0,0,0,0,0,0,0,0,0,0,0,1,0,0,0,0,0,1,0,0,0,1,0
-0.5328695887743576,-0.8846202186908425,-0.6526773695091292,209,-0.6990049600893694,0,0,0,0,0,0,0,0,0,0,0,1,0,0,0,0,0,1,0,0,0,1,0
-0.06487587408433486,0.28753188012724307,-0.2275329703977697,235,-0.6990049600893694,0,0,0,0,0,0,0,0,0,0,0,1,0,0,0,0,0,0,1,0,1,0,0
-0.844865398567706,-0.8846202186908425,-0.8072753328223511,200,-0.6990049600893694,0,0,0,0,0,0,0,0,0,0,0,1,0,0,0,0,0,1,0,0,0,1,0
-0.844865398567706,-0.8846202186908425,-0.768625841994045,202,-1.532323450323326,0,0,0,0,0,0,0,0,0,0,0,1,0,0,0,0,0,1,0,0,0,0,1
-0.844865398567706,-0.8846202186908425,-0.6913268603374345,207,-0.6990049600893694,0,0,0,0,0,0,0,0,0,0,0,1,0,0,0,0,0,1,0,0,0,1,0
0.4811167930540251,0.28753188012724307,0.08166295622867395,253,0.1343135301445871,1,0,0,0,0,0,0,0,0,0,0,0,0,1,0,0,0,0,1,0,1,0,0
0.4811167930540251,0.28753188012724307,0.27491041037020103,264,-0.6990049600893694,1,0,0,0,0,0,0,0,0,0,0,0,0,1,0,0,0,0,1,0,0,0,1
0.4811167930540251,0.28753188012724307,0.23626091954189576,262,0.1343135301445871,1,0,0,0,0,0,0,0,0,0,0,0,0,1,0,0,0,0,1,0,1,0,0
0.4811167930540251,0.28753188012724307,0.3522093920268116,269,-0.6990049600893694,1,0,0,0,0,0,0,0,0,0,0,0,0,1,0,0,0,0,1,0,0,0,1
-0.4548706363260205,-0.8846202186908425,-1.2324197319337105,175,-0.6990049600893694,0,0,1,0,0,0,0,0,0,0,0,0,0,0,0,0,0,1,0,0,0,1,0
0.32511888815735074,0.28753188012724307,-0.5753783878525179,214,-0.6990049600893694,0,0,1,0,0,0,0,0,0,0,0,0,0,0,0,0,0,1,0,0,0,1,0
1.9630968895724301,1.4596839789453286,2.207384951785472,380,-1.532323450323326,1,0,0,0,0,0,0,0,0,0,0,0,1,0,0,0,0,1,0,0,0,0,0
-0.4548706363260205,-0.8846202186908425,0.5841063369966447,283,-1.532323450323326,1,0,0,0,0,1,0,0,0,0,0,0,0,0,0,0,0,1,0,0,0,0,0
-0.4548706363260205,-0.8846202186908425,0.1976114287135905,260,-1.532323450323326,1,0,0,0,0,1,0,0,0,0,0,0,0,0,0,0,0,1,0,0,0,0,1
0.7151136503990364,0.28753188012724307,0.7387043003098659,292,-1.532323450323326,1,0,0,0,0,1,0,0,0,0,0,0,0,0,0,0,0,1,0,0,0,0,0
0.7151136503990364,0.28753188012724307,1.12519920859292,315,-1.532323450323326,1,0,0,0,0,1,0,0,0,0,0,0,0,0,0,0,0,1,0,0,0,0,0
0.7151136503990364,0.28753188012724307,0.8933022636230876,301,-0.6990049600893694,1,0,0,0,0,1,0,0,0,0,0,0,0,0,0,0,0,1,0,0,0,0,1
0.559115745502362,0.28753188012724307,0.8160032819664771,297,-0.6990049600893694,1,0,0,0,0,0,0,0,0,0,1,0,0,0,0,0,0,0,1,1,0,0,0
-1.1568612083610545,-0.8846202186908425,-1.0391722777921835,186,-0.6990049600893694,0,0,0,0,0,0,0,0,0,1,0,0,0,0,0,0,0,0,1,0,0,1,0
-1.1568612083610545,-0.8846202186908425,-0.8459248236506564,198,-0.6990049600893694,0,0,0,0,0,0,0,0,0,1,0,0,0,0,0,0,0,0,1,0,0,0,1
-1.1568612083610545,-0.8846202186908425,-0.8072753328223511,200,-0.6990049600893694,0,0,0,0,0,0,0,0,0,1,0,0,0,0,0,0,0,0,1,0,0,1,0
0.32511888815735074,0.28753188012724307,0.043013465400368656,251,-0.6990049600893694,1,0,1,0,0,0,0,0,0,0,0,0,0,0,0,0,0,0,1,0,0,1,0
0.32511888815735074,0.28753188012724307,0.3908588828551176,271,-0.6990049600893694,1,0,0,0,0,0,0,0,0,0,0,1,0,0,0,0,0,1,0,0,0,1,0
-0.844865398567706,-0.8846202186908425,-0.5753783878525179,214,-0.6990049600893694,0,0,0,0,0,0,0,1,0,0,0,0,0,0,0,0,0,1,0,0,0,1,0
0.32511888815735074,0.28753188012724307,-0.07293500708454788,244,-0.6990049600893694,0,0,0,0,0,0,0,0,0,0,0,1,0,0,0,0,0,1,0,0,0,1,0
0.32511888815735074,0.28753188012724307,0.08166295622867395,253,-0.6990049600893694,1,0,0,0,0,0,0,0,0,0,0,1,0,0,0,0,0,1,0,0,0,1,0
-0.4548706363260205,-0.8846202186908425,-0.768625841994045,202,-0.6990049600893694,0,0,0,0,0,0,0,0,0,0,0,0,1,0,0,0,0,1,0,0,0,1,0
0.32511888815735074,0.28753188012724307,0.12031244705697923,255,-0.6990049600893694,1,0,0,0,1,0,0,0,0,0,0,0,0,0,0,0,0,1,0,0,0,1,0
-0.4548706363260205,-0.8846202186908425,-0.9618732961355722,191,-0.6990049600893694,0,0,0,0,0,0,0,0,0,0,0,1,0,0,0,0,0,1,0,0,0,1,0
-0.4548706363260205,-0.8846202186908425,-0.8459248236506564,198,-0.6990049600893694,0,0,0,0,0,0,0,0,0,0,0,1,0,0,0,0,0,1,0,0,0,1,0
-1.0008633034643803,-0.8846202186908425,-1.464316676903543,161,-0.6990049600893694,0,0,1,0,0,0,0,0,0,0,0,0,0,0,0,0,0,1,0,0,0,1,0
-1.0008633034643803,-0.8846202186908425,-1.1551207502770997,179,-0.6990049600893694,0,0,1,0,0,0,0,0,0,0,0,0,0,0,0,0,0,1,0,0,0,0,1
1.9630968895724301,1.4596839789453286,1.8595395343307233,359,-1.532323450323326,1,0,0,0,0,0,1,0,0,0,0,0,0,0,0,0,0,1,0,0,0,0,0
1.9630968895724301,1.4596839789453286,2.516580878411916,398,-1.532323450323326,1,0,0,0,0,0,1,0,0,0,0,0,0,0,0,0,0,1,0,0,0,0,0
-1.1568612083610545,-0.8846202186908425,-1.6189146402167647,152,-0.6990049600893694,0,0,0,0,0,0,0,0,0,0,0,0,0,0,0,0,0,1,0,0,0,1,0
-1.1568612083610545,-0.8846202186908425,-1.193770241105405,177,-1.532323450323326,0,0,0,0,0,0,0,0,0,0,0,0,0,0,0,0,0,1,0,0,0,0,1
0.7151136503990364,0.28753188012724307,1.318446662734447,327,-1.532323450323326,1,0,0,0,0,0,0,0,0,0,0,1,0,0,0,0,0,1,0,0,0,0,0
0.7151136503990364,0.28753188012724307,1.12519920859292,315,-0.6990049600893694,1,0,0,0,0,0,0,0,0,0,0,1,0,0,0,0,0,1,0,0,0,0,1
0.24711993570901356,0.28753188012724307,-0.266182461226075,232,0.1343135301445871,0,0,0,1,0,0,0,0,0,0,0,0,0,0,0,0,0,0,1,1,0,0,0
0.24711993570901356,0.28753188012724307,-0.0342855162562426,246,0.1343135301445871,1,0,0,1,0,0,0,0,0,0,0,0,0,0,0,0,0,0,1,0,0,0,1
0.24711993570901356,0.28753188012724307,-0.18888347956946375,237,0.1343135301445871,0,0,0,1,0,0,0,0,0,0,0,0,0,0,0,0,0,0,1,1,0,0,0
0.24711993570901356,0.28753188012724307,-0.0342855162562426,246,0.1343135301445871,1,0,0,1,0,0,0,0,0,0,0,0,0,0,0,0,0,0,1,0,0,0,1
0.24711993570901356,0.28753188012724307,-0.11158449791285317,242,0.1343135301445871,0,0,0,1,0,0,0,0,0,0,0,0,0,0,0,0,0,0,1,1,0,0,0
0.24711993570901356,0.28753188012724307,0.08166295622867395,253,0.1343135301445871,1,0,0,1,0,0,0,0,0,0,0,0,0,0,0,0,0,0,1,0,0,0,1
0.559115745502362,0.28753188012724307,0.004363974572063373,248,0.1343135301445871,1,0,0,1,0,0,0,0,0,0,0,0,0,0,0,0,0,0,1,1,0,0,0
0.559115745502362,0.28753188012724307,0.08166295622867395,253,0.1343135301445871,1,0,0,1,0,0,0,0,0,0,0,0,0,0,0,0,0,0,1,0,0,0,1
0.559115745502362,0.28753188012724307,0.08166295622867395,253,0.1343135301445871,1,0,0,1,0,0,0,0,0,0,0,0,0,0,0,0,0,0,1,1,0,0,0
0.559115745502362,0.28753188012724307,0.1589619378852845,258,0.1343135301445871,1,0,0,1,0,0,0,0,0,0,0,0,0,0,0,0,0,0,1,0,0,0,1
0.24711993570901356,0.28753188012724307,-0.266182461226075,232,0.1343135301445871,0,0,0,1,0,0,0,0,0,0,0,0,0,0,0,0,0,0,1,1,0,0,0
0.24711993570901356,0.28753188012724307,-0.0342855162562426,246,0.1343135301445871,1,0,0,1,0,0,0,0,0,0,0,0,0,0,0,0,0,0,1,0,0,0,1
0.559115745502362,0.28753188012724307,-0.07293500708454788,244,0.1343135301445871,0,0,0,1,0,0,0,0,0,0,0,0,0,0,0,0,0,0,1,1,0,0,0
0.559115745502362,0.28753188012724307,0.004363974572063373,248,0.1343135301445871,1,0,0,1,0,0,0,0,0,0,0,0,0,0,0,0,0,0,1,0,0,0,1
0.559115745502362,0.28753188012724307,-0.0342855162562426,246,0.1343135301445871,1,0,0,1,0,0,0,0,0,0,0,0,0,0,0,0,0,0,1,1,0,0,0
0.559115745502362,0.28753188012724307,0.043013465400368656,251,0.1343135301445871,1,0,0,1,0,0,0,0,0,0,0,0,0,0,0,0,0,0,1,0,0,0,1
0.559115745502362,0.28753188012724307,1.2411476810778366,322,0.1343135301445871,1,0,0,0,0,0,0,0,0,0,0,0,0,1,0,0,0,0,1,1,0,0,0
0.559115745502362,0.28753188012724307,0.4295083736834229,274,0.1343135301445871,1,0,0,1,0,0,0,0,0,0,0,0,0,0,0,0,0,0,1,1,0,0,0
0.559115745502362,0.28753188012724307,0.4295083736834229,274,0.1343135301445871,1,0,0,1,0,0,0,0,0,0,0,0,0,0,0,0,0,0,1,1,0,0,0
0.559115745502362,0.28753188012724307,0.4295083736834229,274,0.1343135301445871,1,0,0,1,0,0,0,0,0,0,0,0,0,0,0,0,0,0,1,1,0,0,0
0.559115745502362,0.28753188012724307,0.4295083736834229,274,0.1343135301445871,1,0,0,1,0,0,0,0,0,0,0,0,0,0,0,0,0,0,1,1,0,0,0
-0.2988727314293461,0.28753188012724307,-0.614027878680824,212,0.1343135301445871,0,0,0,0,0,0,0,0,0,0,0,0,0,1,0,0,0,0,1,1,0,0,0
-0.2988727314293461,0.28753188012724307,-0.34348144288268556,228,-0.6990049600893694,0,0,0,0,0,0,0,0,0,0,0,0,0,1,0,0,0,0,1,0,0,0,1
0.24711993570901356,0.28753188012724307,-0.3821309337109908,225,0.1343135301445871,0,0,0,0,0,0,0,0,0,0,0,0,0,1,0,0,0,0,1,1,0,0,0
0.24711993570901356,0.28753188012724307,-0.15023398874115845,239,-0.6990049600893694,0,0,0,0,0,0,0,0,0,0,0,0,0,1,0,0,0,0,1,0,0,0,1
0.40311784060568795,0.28753188012724307,0.62275582782495,290,0.9676320203785437,1,0,0,0,0,0,0,0,0,0,0,0,1,0,0,0,0,0,1,0,0,0,0
0.40311784060568795,0.28753188012724307,1.0865497177646148,313,-0.6990049600893694,1,0,0,0,0,0,0,0,0,0,0,0,1,0,0,0,0,0,1,0,0,0,1
-0.06487587408433486,0.28753188012724307,-0.2275329703977697,277,0.9676320203785437,1,0,0,0,0,0,0,0,0,0,0,0,1,0,0,0,0,0,0,0,0,0,0
1.339105269985733,1.4596839789453286,1.3957456443910585,338,0.9676320203785437,1,0,0,0,0,0,0,0,0,0,0,0,1,0,0,0,0,0,1,0,0,0,0
1.339105269985733,1.4596839789453286,0.931951754451393,310,0.9676320203785437,1,0,0,0,0,0,0,0,0,0,0,0,1,0,0,0,0,0,1,0,0,0,0
-0.06487587408433486,0.28753188012724307,0.043013465400368656,251,0.9676320203785437,1,0,0,0,0,0,0,0,0,0,0,0,1,0,0,0,0,0,1,0,0,0,0
1.339105269985733,1.4596839789453286,1.2024981902495313,326,0.9676320203785437,1,0,0,0,0,0,0,0,0,0,0,0,1,0,0,0,0,0,1,0,0,0,0
1.339105269985733,1.4596839789453286,1.7049415710175013,358,0.9676320203785437,1,0,0,0,0,0,0,0,0,0,0,0,1,0,0,0,0,0,1,0,0,0,0
-0.2988727314293461,0.28753188012724307,-0.614027878680824,212,0.1343135301445871,0,0,0,0,0,0,0,0,0,0,0,0,0,1,0,0,0,0,1,1,0,0,0
-0.2988727314293461,0.28753188012724307,-0.34348144288268556,228,-0.6990049600893694,0,0,0,0,0,0,0,0,0,0,0,0,0,1,0,0,0,0,1,0,0,0,1
0.24711993570901356,0.28753188012724307,-0.3821309337109908,225,0.1343135301445871,0,0,0,0,0,0,0,0,0,0,0,0,0,1,0,0,0,0,1,1,0,0,0
0.24711993570901356,0.28753188012724307,-0.15023398874115845,239,-0.6990049600893694,0,0,0,0,0,0,0,0,0,0,0,0,0,1,0,0,0,0,1,0,0,0,1
0.40311784060568795,0.28753188012724307,0.043013465400368656,251,0.1343135301445871,1,1,0,0,0,0,0,0,0,0,0,0,0,0,0,0,0,0,1,1,0,0,0
0.40311784060568795,0.28753188012724307,0.12031244705697923,255,0.1343135301445871,1,1,0,0,0,0,0,0,0,0,0,0,0,0,0,0,0,0,1,1,0,0,0
-0.06487587408433486,0.28753188012724307,0.1976114287135905,260,0.1343135301445871,1,1,0,0,0,0,0,0,0,0,0,0,0,0,0,0,0,0,1,1,0,0,0
-0.06487587408433486,0.28753188012724307,0.27491041037020103,264,0.1343135301445871,1,1,0,0,0,0,0,0,0,0,0,0,0,0,0,0,0,0,1,1,0,0,0
1.339105269985733,1.4596839789453286,0.7387043003098659,292,0.1343135301445871,1,1,0,0,0,0,0,0,0,0,0,0,0,0,0,0,0,0,1,1,0,0,0
-0.06487587408433486,0.28753188012724307,0.1976114287135905,260,0.1343135301445871,1,1,0,0,0,0,0,0,0,0,0,0,0,0,0,0,0,0,1,1,0,0,0
1.339105269985733,1.4596839789453286,0.7773537911381718,294,0.1343135301445871,1,1,0,0,0,0,0,0,0,0,0,0,0,0,0,0,0,0,1,1,0,0,0
1.339105269985733,1.4596839789453286,0.8160032819664771,297,0.1343135301445871,1,1,0,0,0,0,0,0,0,0,0,0,0,0,0,0,0,0,1,1,0,0,0
2.0410958420207677,1.4596839789453286,1.5503436077042803,340,-0.6990049600893694,1,0,0,0,0,0,1,0,0,0,0,0,0,0,0,0,0,1,0,0,0,0,0
2.0410958420207677,1.4596839789453286,1.0865497177646148,313,0.9676320203785437,1,0,0,0,0,0,1,0,0,0,0,0,0,0,0,0,0,1,0,0,0,0,0
2.0410958420207677,1.4596839789453286,1.7822405526741127,354,-0.6990049600893694,1,0,0,0,0,0,1,0,0,0,0,0,0,0,0,0,0,1,0,0,0,0,0
2.0410958420207677,1.4596839789453286,1.2797971719061418,324,0.9676320203785437,1,0,0,0,0,0,1,0,0,0,0,0,0,0,0,0,0,1,0,0,0,0,0
-0.06487587408433486,0.28753188012724307,-0.07293500708454788,286,0.9676320203785437,1,0,0,0,0,0,1,0,0,0,0,0,0,0,0,0,0,0,0,0,0,0,0
0.40311784060568795,0.28753188012724307,0.7000548094815605,290,0.9676320203785437,1,0,0,0,0,0,1,0,0,0,0,0,0,0,0,0,0,1,0,0,0,0,0
0.40311784060568795,0.28753188012724307,2.709828332553443,285,0.9676320203785437,1,0,0,0,0,0,1,0,0,0,0,0,0,0,0,0,1,0,0,0,0,0,0
-0.06487587408433486,0.28753188012724307,-0.2275329703977697,275,0.9676320203785437,1,0,0,0,0,0,1,0,0,0,0,0,0,0,0,0,0,0,0,0,0,0,0
0.40311784060568795,0.28753188012724307,0.4295083736834229,274,0.9676320203785437,1,0,0,0,0,0,1,0,0,0,0,0,0,0,0,0,0,1,0,0,0,0,0
0.40311784060568795,0.28753188012724307,2.323333424270389,269,0.9676320203785437,1,0,0,0,0,0,1,0,0,0,0,0,0,0,0,0,1,0,0,0,0,0,0
0.40311784060568795,0.28753188012724307,0.1976114287135905,260,0.9676320203785437,1,0,0,0,0,0,1,0,0,0,0,0,0,0,0,0,0,1,0,0,0,0,0
0.40311784060568795,0.28753188012724307,0.23626091954189576,262,-0.6990049600893694,1,0,0,0,1,0,0,0,0,0,0,0,0,0,0,0,0,1,0,0,0,0,0
0.40311784060568795,0.28753188012724307,1.9754880068156397,254,-0.6990049600893694,1,0,0,0,1,0,0,0,0,0,0,0,0,0,0,0,1,0,0,0,0,0,0
-0.844865398567706,-0.8846202186908425,-0.9232238053072669,193,-0.6990049600893694,0,0,0,1,0,0,0,0,0,0,0,0,0,0,0,0,0,0,1,0,1,0,0
-0.844865398567706,-0.8846202186908425,-0.4980794061959074,218,-0.6990049600893694,0,0,0,1,0,0,0,0,0,0,0,0,0,0,0,0,0,0,1,0,0,0,1
-1.3908580657060658,-0.8846202186908425,-1.7735126035299862,143,-0.6990049600893694,0,0,0,1,0,0,0,0,0,0,0,0,0,0,0,0,0,1,0,0,0,1,0
-0.4548706363260205,-0.8846202186908425,-0.6913268603374345,207,-0.6990049600893694,0,0,0,0,0,0,0,0,0,0,0,0,0,0,0,0,0,1,0,0,1,0,0
-0.4548706363260205,-0.8846202186908425,-0.6913268603374345,207,-0.6990049600893694,0,0,0,0,0,0,0,0,0,0,0,0,0,0,0,0,0,1,0,0,0,0,1
-0.5328695887743576,-0.8846202186908425,-0.34348144288268556,228,-2.3656419405572824,0,0,0,0,0,0,0,0,0,1,0,0,0,0,0,0,0,1,0,0,1,0,0
-0.5328695887743576,-0.8846202186908425,-0.34348144288268556,228,-1.532323450323326,0,0,0,0,0,0,0,0,0,1,0,0,0,0,0,0,0,1,0,0,0,0,1
-1.0008633034643803,-0.8846202186908425,-1.0778217686204887,184,-2.3656419405572824,0,0,0,0,0,0,0,0,0,0,1,0,0,0,0,0,0,1,0,0,0,0,0
-1.0008633034643803,-0.8846202186908425,-1.116471259448794,182,-1.532323450323326,0,0,0,0,0,0,0,0,0,0,1,0,0,0,0,0,0,1,0,0,0,0,1
-1.6248549230510774,-1.4706962680998854,-1.6962136218733754,147,-1.532323450323326,0,0,0,0,0,0,0,0,0,0,0,0,0,1,0,0,0,0,1,1,0,0,0
-1.6248549230510774,-1.4706962680998854,-1.6962136218733754,147,-1.532323450323326,0,0,0,0,0,0,0,0,0,0,0,0,0,1,0,0,0,0,1,1,0,0,0
-0.844865398567706,-0.8846202186908425,-0.8845743144789616,196,-0.6990049600893694,0,0,0,1,0,0,0,0,0,0,0,0,0,0,0,0,0,0,1,0,1,0,0
-0.844865398567706,-0.8846202186908425,-0.4594299153676021,221,-0.6990049600893694,0,0,0,1,0,0,0,0,0,0,0,0,0,0,0,0,0,0,1,0,0,0,1
-0.844865398567706,-0.8846202186908425,-0.4980794061959074,218,-0.6990049600893694,0,0,0,0,0,0,0,0,0,0,0,1,0,0,0,0,0,0,1,0,0,1,0
-0.4548706363260205,-0.8846202186908425,-0.8459248236506564,198,-0.6990049600893694,0,0,0,0,0,0,0,0,0,0,0,1,0,0,0,0,0,1,0,0,0,1,0
-0.4548706363260205,-0.8846202186908425,-0.4207804245392968,223,-0.6990049600893694,0,0,0,0,0,0,0,0,0,0,0,1,0,0,0,0,0,1,0,0,0,0,1
-0.844865398567706,-0.8846202186908425,-1.1551207502770997,179,-0.6990049600893694,0,0,0,0,0,0,0,0,0,0,0,0,0,0,0,0,0,1,0,0,0,1,0
-0.844865398567706,-0.8846202186908425,-0.8845743144789616,196,-1.532323450323326,0,0,0,0,0,0,0,0,0,0,0,0,0,0,0,0,0,1,0,0,0,0,1
-0.4548706363260205,-0.8846202186908425,0.1589619378852845,258,-1.532323450323326,1,0,0,0,0,0,0,0,0,0,0,0,0,0,0,0,0,0,1,0,0,0,1
-0.4548706363260205,-0.8846202186908425,0.6614053186532552,288,-0.6990049600893694,1,0,0,0,0,0,0,0,0,0,0,0,0,0,0,0,0,0,1,0,0,0,1
-0.844865398567706,-0.8846202186908425,-1.1551207502770997,179,-0.6990049600893694,0,0,0,0,0,0,0,0,0,1,0,0,0,0,0,0,0,1,0,0,0,1,0
-0.844865398567706,-0.8846202186908425,-0.8845743144789616,196,-1.532323450323326,0,0,0,0,0,0,0,0,0,1,0,0,0,0,0,0,0,1,0,0,0,0,1
-0.4548706363260205,-0.8846202186908425,0.1589619378852845,258,-1.532323450323326,1,0,0,0,0,0,0,0,0,1,0,0,0,0,0,0,0,0,1,0,0,0,1
-0.4548706363260205,-0.8846202186908425,0.6614053186532552,288,-0.6990049600893694,1,0,0,0,0,0,0,0,0,1,0,0,0,0,0,0,0,0,1,0,0,0,1
-0.4548706363260205,-0.8846202186908425,-0.8459248236506564,198,-0.6990049600893694,0,0,1,0,0,0,0,0,0,0,0,0,0,0,0,0,0,1,0,0,0,1,0
-0.4548706363260205,-0.8846202186908425,-0.34348144288268556,228,-0.6990049600893694,0,0,1,0,0,0,0,0,0,0,0,0,0,0,0,0,0,1,0,0,0,0,1
0.40311784060568795,0.28753188012724307,0.31355990119850635,267,-1.532323450323326,1,0,1,0,0,0,0,0,0,0,0,0,0,0,0,0,0,1,0,0,1,0,0
-0.4548706363260205,-0.8846202186908425,-0.6913268603374345,207,-0.6990049600893694,0,0,0,0,0,0,0,0,0,0,0,1,0,0,0,0,0,1,0,0,0,1,0
-0.4548706363260205,-0.8846202186908425,-0.3821309337109908,225,-0.6990049600893694,0,0,0,0,0,0,0,0,0,0,0,1,0,0,0,0,0,1,0,0,0,0,1
0.40311784060568795,0.28753188012724307,0.3522093920268116,269,-1.532323450323326,1,0,0,0,0,0,0,0,0,0,0,1,0,0,0,0,0,1,0,0,1,0,0
0.40311784060568795,0.28753188012724307,0.8933022636230876,301,-1.532323450323326,1,0,0,0,0,0,0,0,0,0,0,1,0,0,0,0,0,1,0,0,1,0,0
-0.844865398567706,-0.8846202186908425,-0.8845743144789616,196,-0.6990049600893694,0,0,0,0,0,0,0,0,0,0,0,1,0,0,0,0,0,1,0,0,0,1,0
-0.844865398567706,-0.8846202186908425,-0.614027878680824,212,-1.532323450323326,0,0,0,0,0,0,0,0,0,0,0,1,0,0,0,0,0,1,0,0,0,0,1
-0.844865398567706,-0.8846202186908425,-1.193770241105405,177,-0.6990049600893694,0,0,0,0,0,0,0,0,0,0,0,1,0,0,0,0,0,1,0,0,0,1,0
0.7151136503990364,0.28753188012724307,0.8160032819664771,297,-1.532323450323326,1,0,0,0,0,0,0,0,0,0,0,0,1,0,0,0,0,1,0,0,1,0,0
0.7151136503990364,0.28753188012724307,0.8160032819664771,297,-1.532323450323326,1,0,0,0,0,0,0,0,0,0,0,0,1,0,0,0,0,1,0,0,1,0,0
0.32511888815735074,0.28753188012724307,-0.4594299153676021,221,-0.6990049600893694,0,0,1,0,0,0,0,0,0,0,0,0,0,0,0,0,0,1,0,0,1,0,0
-0.4548706363260205,-0.8846202186908425,-1.0005227869638782,189,-0.6990049600893694,0,0,1,0,0,0,0,0,0,0,0,0,0,0,0,0,0,1,0,0,1,0,0
0.32511888815735074,0.28753188012724307,-0.4594299153676021,221,-0.6990049600893694,0,0,1,0,0,0,0,0,0,0,0,0,0,0,0,0,0,1,0,0,1,0,0
-0.4548706363260205,-0.8846202186908425,-1.9667600576715134,131,-0.6990049600893694,0,0,1,0,0,0,0,0,0,0,0,0,0,0,0,0,0,1,0,0,0,1,0
-0.4548706363260205,-0.8846202186908425,-1.8508115851865972,138,-0.6990049600893694,0,0,1,0,0,0,0,0,0,0,0,0,0,0,0,0,0,1,0,0,0,1,0
-1.0008633034643803,-0.8846202186908425,-1.193770241105405,177,-2.3656419405572824,0,0,1,0,0,0,0,0,0,0,0,0,0,0,0,0,0,1,0,0,0,0,0
-1.0008633034643803,-0.8846202186908425,-1.3483682044186267,168,0.1343135301445871,0,0,1,0,0,0,0,0,0,0,0,0,0,0,0,0,0,1,0,0,0,1,0
-1.0008633034643803,-0.8846202186908425,-1.4256671860752377,163,-0.6990049600893694,0,0,1,0,0,0,0,0,0,0,0,0,0,0,0,0,0,1,0,0,0,1,0
-1.0008633034643803,-0.8846202186908425,-1.3097187135903212,170,-0.6990049600893694,0,0,1,0,0,0,0,0,0,0,0,0,0,0,0,0,0,1,0,0,0,0,1
-1.0008633034643803,-0.8846202186908425,-1.541615658560154,156,-0.6990049600893694,0,0,1,0,0,0,0,0,0,0,0,0,0,0,0,0,0,1,0,0,0,1,0
-1.0008633034643803,-0.8846202186908425,-1.5029661677318482,159,-0.6990049600893694,0,0,1,0,0,0,0,0,0,0,0,0,0,0,0,0,0,1,0,0,0,1,0
-1.0008633034643803,-0.8846202186908425,-0.8845743144789616,196,-2.3656419405572824,0,0,0,0,0,0,0,0,0,1,0,0,0,0,0,0,0,1,0,0,0,0,0
-1.0008633034643803,-0.8846202186908425,-1.0005227869638782,189,-1.532323450323326,0,0,0,0,0,0,0,0,0,1,0,0,0,0,0,0,0,1,0,0,0,0,1
0.7151136503990364,0.28753188012724307,0.8160032819664771,297,-1.532323450323326,1,0,0,0,0,0,0,0,0,0,0,1,0,0,0,0,0,1,0,0,0,0,0
0.7151136503990364,0.28753188012724307,1.2024981902495313,320,-0.6990049600893694,1,0,0,0,0,0,0,0,0,0,0,1,0,0,0,0,0,1,0,0,0,0,1
-0.2988727314293461,-0.8846202186908425,-0.18888347956946375,237,-0.6990049600893694,0,0,0,0,0,0,0,0,0,0,0,1,0,0,0,0,0,1,0,0,1,0,0
0.32511888815735074,0.28753188012724307,0.1589619378852845,258,-0.6990049600893694,1,0,0,0,0,0,0,0,0,0,0,1,0,0,0,0,0,1,0,0,1,0,0
0.32511888815735074,0.28753188012724307,0.27491041037020103,264,-0.6990049600893694,1,0,0,0,0,0,0,0,0,0,0,0,1,0,0,0,0,1,0,0,1,0,0
0.32511888815735074,0.28753188012724307,-0.9618732961355722,191,-0.6990049600893694,0,0,0,0,0,0,0,0,0,0,0,0,1,0,0,0,0,1,0,0,0,1,0
0.32511888815735074,0.28753188012724307,-1.0005227869638782,189,-0.6990049600893694,0,0,0,0,0,0,0,0,0,0,0,0,1,0,0,0,0,1,0,0,0,1,0
-1.0008633034643803,-0.8846202186908425,-2.314605475126262,110,-0.6990049600893694,0,0,1,0,0,0,0,0,0,0,0,0,0,0,0,0,0,1,0,0,0,1,0
-1.2348601608093916,-0.8846202186908425,-2.3532549659545676,108,-0.6990049600893694,0,0,0,0,0,0,0,0,0,0,0,0,0,0,0,0,0,1,0,0,0,1,0
-1.0008633034643803,-0.8846202186908425,-2.044059039328124,126,-0.6990049600893694,0,0,0,0,0,0,0,0,1,0,0,0,0,0,0,0,0,1,0,0,0,1,0
-0.4548706363260205,-0.8846202186908425,-0.7299763511657398,205,-0.6990049600893694,0,0,0,0,0,0,0,0,0,0,0,1,0,0,0,0,0,1,0,0,1,0,0
-0.4548706363260205,-0.8846202186908425,-0.5367288970242127,216,-0.6990049600893694,0,0,0,0,0,0,0,0,0,0,0,1,0,0,0,0,0,1,0,0,1,0,0
-0.4548706363260205,-0.8846202186908425,-0.4980794061959074,218,-0.6990049600893694,0,0,0,0,0,0,0,0,0,0,0,1,0,0,0,0,0,1,0,0,1,0,0
2.0410958420207677,1.4596839789453286,2.2846839334420825,384,-0.6990049600893694,1,0,0,0,0,0,0,0,0,0,0,0,1,0,0,0,0,1,0,0,1,0,0
0.32511888815735074,0.28753188012724307,0.1976114287135905,260,-0.6990049600893694,1,0,0,0,1,0,0,0,0,0,0,0,0,0,0,0,0,1,0,0,1,0,0
0.32511888815735074,0.28753188012724307,0.62275582782495,285,-0.6990049600893694,1,0,0,0,1,0,0,0,0,0,0,0,0,0,0,0,0,1,0,0,1,0,0
-0.2988727314293461,-0.8846202186908425,0.043013465400368656,251,-2.3656419405572824,1,0,0,0,0,1,0,0,0,0,0,0,0,0,0,0,0,1,0,0,0,0,0
-0.2988727314293461,-0.8846202186908425,-0.2275329703977697,235,-1.532323450323326,0,0,0,0,0,1,0,0,0,0,0,0,0,0,0,0,0,1,0,0,0,0,1
0.7151136503990364,0.28753188012724307,0.8933022636230876,301,-0.6990049600893694,1,0,0,0,0,1,0,0,0,0,0,0,0,0,0,0,0,1,0,0,0,0,1
-0.2988727314293461,-0.8846202186908425,0.4295083736834229,274,-2.3656419405572824,1,0,0,0,0,1,0,0,0,0,0,0,0,0,0,0,0,1,0,0,0,0,0
-0.2988727314293461,-0.8846202186908425,0.3908588828551176,271,-1.532323450323326,1,0,0,0,0,1,0,0,0,0,0,0,0,0,0,0,0,1,0,0,0,0,1
0.7151136503990364,0.28753188012724307,0.9706012452796989,306,-1.532323450323326,1,0,0,0,0,1,0,0,0,0,0,0,0,0,0,0,0,1,0,0,0,0,0
0.7151136503990364,0.28753188012724307,1.2411476810778366,322,-0.6990049600893694,1,0,0,0,0,1,0,0,0,0,0,0,0,0,0,0,0,1,0,0,0,0,1
0.7151136503990364,0.28753188012724307,1.0479002269363096,310,-1.532323450323326,1,0,0,0,0,0,1,0,0,0,0,0,0,0,0,0,0,1,0,0,1,0,0
1.183107365089059,1.4596839789453286,1.3570961535627533,329,-0.6990049600893694,1,0,0,0,0,0,1,0,0,0,0,0,0,0,0,0,0,1,0,0,1,0,0
2.0410958420207677,1.4596839789453286,1.820890043502418,356,-0.6990049600893694,1,0,0,0,0,0,1,0,0,0,0,0,0,0,0,0,0,1,0,0,1,0,0
1.183107365089059,1.4596839789453286,1.666292080189196,347,-0.6990049600893694,1,0,0,0,0,0,1,0,0,0,0,0,0,0,0,0,0,1,0,0,1,0,0
2.0410958420207677,1.4596839789453286,2.0914364793005555,373,-0.6990049600893694,1,0,0,0,0,0,1,0,0,0,0,0,0,0,0,0,0,1,0,0,1,0,0
-0.2988727314293461,-0.8846202186908425,-0.3048319520543803,230,-0.6990049600893694,0,0,0,0,0,0,0,0,0,0,0,1,0,0,0,0,0,1,0,0,1,0,0
0.32511888815735074,0.28753188012724307,0.08166295622867395,253,-0.6990049600893694,1,0,0,0,0,0,0,0,0,0,0,1,0,0,0,0,0,1,0,0,1,0,0
-0.2988727314293461,-0.8846202186908425,-0.2275329703977697,235,-0.6990049600893694,0,0,0,0,0,0,0,0,0,0,0,1,0,0,0,0,0,1,0,0,1,0,0
0.32511888815735074,0.28753188012724307,0.1976114287135905,260,-0.6990049600893694,1,0,0,0,0,0,0,0,0,0,0,1,0,0,0,0,0,1,0,0,1,0,0
-1.2348601608093916,-0.8846202186908425,-1.3483682044186267,168,-2.3656419405572824,0,0,0,0,0,0,0,0,0,0,0,0,0,0,0,0,0,1,0,0,0,0,0
-1.2348601608093916,-0.8846202186908425,-1.4256671860752377,163,-1.532323450323326,0,0,0,0,0,0,0,0,0,0,0,0,0,0,0,0,0,1,0,0,0,0,1
-1.0008633034643803,-0.8846202186908425,-0.8845743144789616,196,-0.6990049600893694,0,0,0,0,0,0,0,0,0,0,0,0,0,0,0,0,0,1,0,0,0,0,0
-1.0008633034643803,-0.8846202186908425,-0.8072753328223511,200,-1.532323450323326,0,0,0,0,0,0,0,0,0,0,0,0,0,0,0,0,0,1,0,0,0,0,1
-0.844865398567706,-0.8846202186908425,-0.6526773695091292,209,-0.6990049600893694,0,0,0,0,0,0,0,0,0,0,0,0,0,0,0,0,0,0,1,0,0,0,0
-0.844865398567706,-0.8846202186908425,-0.5367288970242127,216,-0.6990049600893694,0,0,0,0,0,0,0,0,0,0,0,0,0,0,0,0,0,0,1,0,0,0,1
-0.4548706363260205,-0.2985441692817997,-0.3821309337109908,225,-0.6990049600893694,0,0,0,0,0,0,0,0,0,0,0,0,0,0,0,0,0,1,0,0,0,0,0
-0.4548706363260205,-0.2985441692817997,-0.4594299153676021,221,-1.532323450323326,0,0,0,0,0,0,0,0,0,0,0,0,0,0,0,0,0,1,0,0,0,0,1
-0.844865398567706,-0.8846202186908425,-1.3097187135903212,200,-0.6990049600893694,0,0,0,0,0,0,0,0,0,0,0,0,0,0,0,0,0,0,0,0,0,0,0
-0.844865398567706,-0.8846202186908425,-1.193770241105405,208,-0.6990049600893694,0,0,0,0,0,0,0,0,0,0,0,0,0,0,0,0,0,0,0,0,0,0,1
-1.0008633034643803,-0.8846202186908425,-0.8072753328223511,200,-0.6990049600893694,0,0,0,0,0,0,0,0,0,0,1,0,0,0,0,0,0,1,0,0,0,0,0
-0.844865398567706,-0.8846202186908425,-0.5753783878525179,214,-0.6990049600893694,0,0,0,0,0,0,0,0,0,0,1,0,0,0,0,0,0,0,1,0,0,0,0
-0.844865398567706,-0.8846202186908425,-0.5367288970242127,216,-0.6990049600893694,0,0,0,0,0,0,0,0,0,0,1,0,0,0,0,0,0,0,1,0,0,0,1
-0.4548706363260205,-0.2985441692817997,-0.266182461226075,232,-0.6990049600893694,0,0,0,0,0,0,0,0,0,0,1,0,0,0,0,0,0,1,0,0,0,0,0
-0.844865398567706,-0.8846202186908425,-0.4207804245392968,223,-0.6990049600893694,0,0,0,0,0,0,0,0,0,0,0,0,0,0,0,0,0,0,1,0,0,0,0
-0.844865398567706,-0.8846202186908425,-0.3821309337109908,225,-0.6990049600893694,0,0,0,0,0,0,0,0,0,0,0,0,0,0,0,0,0,0,1,0,0,0,1
0.40311784060568795,0.28753188012724307,0.5841063369966447,283,-0.6990049600893694,1,0,0,0,0,0,0,0,0,0,0,0,0,0,0,0,0,0,1,0,0,0,0
-0.844865398567706,-0.8846202186908425,-0.4594299153676021,221,-0.6990049600893694,0,0,0,0,0,0,0,0,0,0,1,0,0,0,0,0,0,0,1,0,0,0,0
-0.4548706363260205,-0.2985441692817997,-0.4980794061959074,218,-0.6990049600893694,0,0,0,0,0,0,0,0,0,1,0,0,0,0,0,0,0,1,0,0,0,0,0
-0.4548706363260205,-0.2985441692817997,-0.5367288970242127,216,-1.532323450323326,0,0,0,0,0,0,0,0,0,1,0,0,0,0,0,0,0,1,0,0,0,0,1
-0.844865398567706,-0.8846202186908425,-1.3097187135903212,198,-0.6990049600893694,0,0,0,0,0,0,0,0,0,1,0,0,0,0,0,0,0,0,0,0,0,0,0
-0.844865398567706,-0.8846202186908425,-1.3483682044186267,196,-0.6990049600893694,0,0,0,0,0,0,0,0,0,1,0,0,0,0,0,0,0,0,0,0,0,0,1
-1.0008633034643803,-0.8846202186908425,-1.0005227869638782,189,-0.6990049600893694,0,0,0,0,0,0,0,0,0,0,0,0,0,0,0,0,0,1,0,0,0,0,0
-1.0008633034643803,-0.8846202186908425,-1.0005227869638782,189,-1.532323450323326,0,0,0,0,0,0,0,0,0,0,0,0,0,0,0,0,0,1,0,0,0,0,1
-0.844865398567706,-0.8846202186908425,-0.5367288970242127,216,-0.6990049600893694,0,0,0,0,0,0,0,0,0,0,0,0,0,0,0,0,0,1,0,0,0,0,0
-0.844865398567706,-0.8846202186908425,-0.6913268603374345,207,-1.532323450323326,0,0,0,0,0,0,0,0,0,0,0,0,0,0,0,0,0,1,0,0,0,0,1
-0.844865398567706,-0.8846202186908425,-1.3097187135903212,198,-0.6990049600893694,0,0,0,0,0,0,0,0,0,0,0,0,0,0,0,0,0,0,0,0,0,0,0
-0.844865398567706,-0.8846202186908425,-1.3483682044186267,196,-0.6990049600893694,0,0,0,0,0,0,0,0,0,0,0,0,0,0,0,0,0,0,0,0,0,0,1
-0.844865398567706,-0.8846202186908425,-0.6913268603374345,207,-0.6990049600893694,0,0,0,0,0,0,0,0,0,0,0,0,0,0,0,0,0,0,1,0,0,0,0
-0.844865398567706,-0.8846202186908425,-0.614027878680824,212,-0.6990049600893694,0,0,0,0,0,0,0,0,0,0,0,0,0,0,0,0,0,0,1,0,0,0,1
-1.312859113257729,-0.8846202186908425,-2.0827085301564296,124,0.1343135301445871,0,0,0,0,0,0,0,0,0,0,0,0,0,0,0,0,0,0,1,1,0,0,0
-1.0008633034643803,-0.8846202186908425,-0.8459248236506564,198,-0.6990049600893694,0,0,1,0,0,0,0,0,0,0,0,0,0,0,0,0,0,1,0,0,0,0,0
-1.0008633034643803,-0.8846202186908425,-0.8459248236506564,198,-1.532323450323326,0,0,1,0,0,0,0,0,0,0,0,0,0,0,0,0,0,1,0,0,0,0,1
-0.4548706363260205,-0.2985441692817997,-0.4207804245392968,223,-0.6990049600893694,0,0,1,0,0,0,0,0,0,0,0,0,0,0,0,0,0,1,0,0,0,0,0
-0.4548706363260205,-0.2985441692817997,-0.3821309337109908,225,-1.532323450323326,0,0,1,0,0,0,0,0,0,0,0,0,0,0,0,0,0,1,0,0,0,0,1
0.40311784060568795,0.28753188012724307,0.004363974572063373,248,-0.6990049600893694,1,0,1,0,0,0,0,0,0,0,0,0,0,0,0,0,0,0,1,0,0,0,0
-0.844865398567706,-0.8846202186908425,-1.5029661677318482,180,-0.6990049600893694,0,0,1,0,0,0,0,0,0,0,0,0,0,0,0,0,0,0,0,0,0,0,0
0.40311784060568795,0.28753188012724307,0.5068073553400334,278,-0.6990049600893694,1,0,0,0,1,0,0,0,0,0,0,0,0,0,0,0,0,1,0,0,0,0,0
-0.844865398567706,-0.8846202186908425,-0.0342855162562426,246,-0.6990049600893694,1,0,0,0,0,0,0,0,0,0,0,1,0,0,0,0,0,0,1,0,0,0,0
-0.844865398567706,-0.8846202186908425,0.31355990119850635,267,-0.6990049600893694,1,0,0,0,0,0,0,0,0,0,0,1,0,0,0,0,0,0,1,0,0,0,1
-0.844865398567706,-0.8846202186908425,-0.0342855162562426,246,-0.6990049600893694,1,0,0,0,0,0,0,0,0,0,0,1,0,0,0,0,0,0,1,0,0,0,0
0.40311784060568795,0.28753188012724307,0.7000548094815605,296,0.9676320203785437,1,0,0,0,0,0,0,0,0,0,0,0,1,0,0,0,0,0,1,0,1,0,0
-0.06487587408433486,0.28753188012724307,-0.2275329703977697,277,0.9676320203785437,1,0,0,0,0,0,0,0,0,0,0,0,1,0,0,0,0,0,0,0,1,0,0
-0.4548706363260205,-0.2985441692817997,-0.4207804245392968,223,-0.6990049600893694,0,0,0,0,0,0,0,0,0,0,0,0,0,0,0,0,0,1,0,0,1,0,0
-0.4548706363260205,-0.2985441692817997,-0.266182461226075,232,-0.6990049600893694,0,0,0,0,0,0,0,0,0,0,0,0,0,0,0,0,0,1,0,0,1,0,0
-0.06487587408433486,0.28753188012724307,0.27491041037020103,264,-0.6990049600893694,1,0,0,0,0,0,0,0,0,0,0,0,0,0,0,0,0,1,0,0,1,0,0
0.09112203081233952,0.28753188012724307,-0.2275329703977697,235,-0.6990049600893694,0,0,1,0,0,0,0,0,0,0,0,0,0,0,0,0,0,1,0,0,1,0,0
-0.06487587408433486,0.28753188012724307,0.27491041037020103,264,-0.6990049600893694,1,0,1,0,0,0,0,0,0,0,0,0,0,0,0,0,0,1,0,0,1,0,0
0.09112203081233952,0.28753188012724307,0.1589619378852845,258,-0.6990049600893694,1,0,0,0,0,0,0,0,0,0,0,1,0,0,0,0,0,1,0,0,1,0,0
-0.06487587408433486,0.28753188012724307,0.3908588828551176,271,-0.6990049600893694,1,0,0,0,0,0,0,0,0,0,0,1,0,0,0,0,0,1,0,0,1,0,0
0.09112203081233952,0.28753188012724307,0.27491041037020103,264,-0.6990049600893694,1,0,0,0,0,0,0,0,0,0,0,1,0,0,0,0,0,1,0,0,1,0,0
-0.06487587408433486,0.28753188012724307,0.3908588828551176,271,-0.6990049600893694,1,0,0,0,0,0,0,0,0,0,0,1,0,0,0,0,0,1,0,0,1,0,0
0.09112203081233952,0.28753188012724307,0.1976114287135905,260,-0.6990049600893694,1,0,0,0,0,0,0,0,0,0,0,1,0,0,0,0,0,1,0,0,1,0,0
0.09112203081233952,0.28753188012724307,0.7773537911381718,294,-0.6990049600893694,1,0,0,0,0,0,0,0,0,0,0,0,1,0,0,0,0,1,0,0,1,0,0
-0.844865398567706,-0.8846202186908425,-0.9618732961355722,191,-1.532323450323326,0,0,0,0,0,0,0,0,0,0,0,0,0,0,0,0,0,0,1,0,1,0,0
-0.5328695887743576,-0.8846202186908425,-0.5753783878525179,214,-0.6990049600893694,0,0,0,0,0,0,0,0,0,0,0,0,0,0,0,0,0,0,1,0,0,0,1
-1.2348601608093916,-0.8846202186908425,-1.812162094358292,140,0.1343135301445871,0,0,0,0,0,0,0,0,0,0,0,0,0,0,0,0,0,0,1,0,0,1,0
0.32511888815735074,0.28753188012724307,0.12031244705697923,255,-0.6990049600893694,1,0,0,0,0,0,0,0,0,0,0,1,0,0,0,0,0,0,1,0,1,0,0
0.32511888815735074,0.28753188012724307,-1.193770241105405,177,0.1343135301445871,0,0,1,0,0,0,0,0,0,0,0,0,0,0,0,0,0,0,1,1,0,0,0
-0.5328695887743576,-0.8846202186908425,-0.9618732961355722,191,0.9676320203785437,0,0,0,0,0,0,0,0,0,0,0,0,0,0,0,0,0,0,1,1,0,0,0
0.32511888815735074,0.28753188012724307,-0.614027878680824,212,1.8009505106125,0,0,0,0,0,0,0,0,0,0,0,0,0,0,0,0,0,0,1,0,1,0,0
0.32511888815735074,0.28753188012724307,-0.4594299153676021,221,1.8009505106125,0,0,0,0,0,0,0,0,0,0,0,0,0,0,0,0,0,0,1,0,1,0,0
2.275092699365779,3.8039881765815,1.318446662734447,327,0.9676320203785437,1,0,0,0,0,0,0,0,0,0,1,0,0,0,0,0,0,0,1,0,0,0,0
1.2611063175373964,1.4596839789453286,1.820890043502418,356,-0.6990049600893694,1,0,0,0,0,0,0,0,0,0,0,0,0,1,0,0,0,0,1,0,0,0,1
1.2611063175373964,1.4596839789453286,1.820890043502418,356,-0.6990049600893694,1,0,0,0,0,0,0,0,0,0,0,0,0,1,0,0,0,0,1,0,0,0,1
2.275092699365779,3.8039881765815,2.207384951785472,379,0.1343135301445871,1,0,0,0,0,0,0,0,0,0,0,0,0,1,0,0,0,0,1,1,0,0,0
1.2611063175373964,1.4596839789453286,1.5116941168759743,338,0.1343135301445871,1,0,0,0,0,0,0,0,0,0,0,0,0,1,0,0,0,0,1,1,0,0,0
1.2611063175373964,1.4596839789453286,1.820890043502418,356,-0.6990049600893694,1,0,0,0,0,0,0,0,0,0,0,0,0,1,0,0,0,0,1,0,0,0,1
2.275092699365779,3.8039881765815,1.5503436077042803,340,0.9676320203785437,1,0,0,1,0,0,0,0,0,0,0,0,0,0,0,0,0,0,1,0,0,0,0
-1.0008633034643803,-0.8846202186908425,-0.8072753328223511,200,-0.6990049600893694,0,0,0,0,0,0,0,0,0,0,1,0,0,0,0,0,0,0,1,1,0,0,0
-0.844865398567706,-0.8846202186908425,-1.6575641310450702,177,-0.6990049600893694,0,0,0,0,0,0,0,0,0,0,1,0,0,0,0,0,0,0,0,1,0,0,0
-0.844865398567706,-0.8846202186908425,-0.8459248236506564,198,-0.6990049600893694,0,0,0,0,0,0,0,0,0,0,1,0,0,0,0,0,0,0,1,1,0,0,0
-0.844865398567706,-0.8846202186908425,-0.7299763511657398,205,-0.6990049600893694,0,0,0,0,0,0,0,0,0,0,1,0,0,0,0,0,0,0,1,1,0,0,0
-0.844865398567706,-0.8846202186908425,-0.7299763511657398,205,0.9676320203785437,0,0,0,0,0,0,0,0,0,0,0,0,0,0,0,0,0,0,1,0,0,1,0
-0.844865398567706,-0.8846202186908425,-0.4594299153676021,221,0.9676320203785437,0,0,0,0,0,0,0,0,0,0,0,0,0,0,0,0,0,0,1,0,1,0,0
-0.844865398567706,-0.8846202186908425,-0.6526773695091292,209,-0.6990049600893694,0,0,0,0,0,0,0,0,0,0,0,0,0,0,0,0,0,0,1,0,0,0,1
-0.844865398567706,-0.8846202186908425,-0.34348144288268556,228,0.9676320203785437,0,0,0,0,0,0,0,0,0,1,0,0,0,0,0,0,0,0,1,0,1,0,0
-0.844865398567706,-0.8846202186908425,-0.4594299153676021,221,0.9676320203785437,0,0,0,0,0,0,0,0,0,0,1,0,0,0,0,0,0,0,1,0,1,0,0
-0.844865398567706,-0.8846202186908425,-0.6526773695091292,209,-0.6990049600893694,0,0,0,0,0,0,0,0,0,0,1,0,0,0,0,0,0,0,1,0,0,0,1
-0.844865398567706,-0.8846202186908425,-0.3821309337109908,225,0.9676320203785437,0,0,0,0,0,0,0,0,0,0,1,0,0,0,0,0,0,0,1,0,1,0,0
-0.844865398567706,-0.8846202186908425,-0.18888347956946375,237,0.9676320203785437,0,0,1,0,0,0,0,0,0,0,0,0,0,0,0,0,0,0,1,0,1,0,0
-0.06487587408433486,0.28753188012724307,0.08166295622867395,253,0.9676320203785437,1,0,1,0,0,0,0,0,0,0,0,0,0,0,0,0,0,0,1,0,1,0,0
-0.06487587408433486,0.28753188012724307,-0.11158449791285317,242,0.9676320203785437,0,0,1,0,0,0,0,0,0,0,0,0,0,0,0,0,0,0,1,0,1,0,0
0.7151136503990364,1.4596839789453286,-0.0342855162562426,246,0.9676320203785437,1,0,1,0,0,0,0,0,0,0,0,0,0,0,0,0,0,0,1,0,1,0,0
-0.06487587408433486,0.28753188012724307,-0.11158449791285317,242,0.9676320203785437,0,1,0,0,0,0,0,0,0,0,0,0,0,0,0,0,0,0,1,0,1,0,0
0.7151136503990364,1.4596839789453286,0.08166295622867395,258,0.9676320203785437,1,1,0,0,0,0,0,0,0,0,0,0,0,0,0,0,0,0,1,0,1,0,0
2.50908955671079,3.8039881765815,1.473044626047669,344,0.9676320203785437,1,1,0,0,0,0,0,0,0,0,0,0,0,0,0,0,0,0,1,0,1,0,0
-0.844865398567706,-0.8846202186908425,-0.18888347956946375,237,-0.6990049600893694,0,0,0,0,0,0,0,0,0,0,0,0,0,0,0,0,0,0,1,0,1,0,0
-0.844865398567706,-0.8846202186908425,-0.18888347956946375,237,-0.6990049600893694,0,0,0,0,0,0,0,0,0,0,0,0,0,0,0,0,0,0,1,0,1,0,0
-0.06487587408433486,0.28753188012724307,0.23626091954189576,262,0.9676320203785437,1,0,0,0,0,0,0,0,0,0,0,1,0,0,0,0,0,0,1,0,1,0,0
-0.844865398567706,-0.8846202186908425,-0.7299763511657398,205,0.9676320203785437,0,0,0,0,0,0,0,0,0,0,0,1,0,0,0,0,0,0,1,0,1,0,0
-0.06487587408433486,0.28753188012724307,0.9706012452796989,306,0.9676320203785437,1,0,0,0,0,0,0,0,0,0,0,0,1,0,0,0,0,0,1,0,1,0,0
0.8711115552957107,1.4596839789453286,1.318446662734447,327,0.1343135301445871,1,0,0,0,0,0,0,0,0,0,0,0,0,1,0,0,0,0,1,1,0,0,0
0.8711115552957107,1.4596839789453286,2.246034442613778,382,-0.6990049600893694,1,0,0,0,0,0,0,0,0,0,0,0,0,1,0,0,0,0,1,0,0,0,1
1.651101079779082,2.631836077763414,1.5503436077042803,347,0.1343135301445871,1,0,0,0,0,0,0,0,0,0,0,0,0,1,0,0,0,0,1,1,0,0,0
1.651101079779082,2.631836077763414,2.168735460957166,377,-0.6990049600893694,1,0,0,0,0,0,0,0,0,0,0,0,0,1,0,0,0,0,1,0,0,0,1
0.8711115552957107,1.4596839789453286,1.318446662734447,327,0.1343135301445871,1,0,0,0,0,0,0,0,0,0,0,0,0,1,0,0,0,0,1,1,0,0,0
0.8711115552957107,1.4596839789453286,2.246034442613778,382,-0.6990049600893694,1,0,0,0,0,0,0,0,0,0,0,0,0,1,0,0,0,0,1,0,0,0,1
1.651101079779082,2.631836077763414,1.5503436077042803,347,0.1343135301445871,1,0,0,0,0,0,0,0,0,0,0,0,0,1,0,0,0,0,1,1,0,0,0
1.651101079779082,2.631836077763414,2.168735460957166,377,-0.6990049600893694,1,0,0,0,0,0,0,0,0,0,0,0,0,1,0,0,0,0,1,0,0,0,1
0.8711115552957107,1.4596839789453286,0.7773537911381718,294,0.1343135301445871,1,0,0,0,0,0,0,0,0,0,1,0,0,0,0,0,0,0,1,1,0,0,0
0.8711115552957107,1.4596839789453286,0.8160032819664771,297,0.1343135301445871,1,0,0,0,0,0,0,0,0,0,1,0,0,0,0,0,0,0,1,1,0,0,0
0.7151136503990364,1.4596839789453286,0.9706012452796989,313,0.9676320203785437,1,0,1,0,0,0,0,0,0,0,0,0,0,0,0,0,0,0,1,0,1,0,0
-0.844865398567706,-0.8846202186908425,-0.6913268603374345,207,-0.6990049600893694,0,0,0,0,0,0,0,0,0,0,1,0,0,0,0,0,0,0,1,1,0,0,0
-0.06487587408433486,0.28753188012724307,0.08166295622867395,253,0.1343135301445871,1,0,0,0,0,0,0,0,0,0,0,0,0,0,0,0,0,0,1,1,0,0,0
-0.06487587408433486,0.28753188012724307,0.3522093920268116,269,-0.6990049600893694,1,0,0,0,0,0,0,0,0,0,0,0,0,0,0,0,0,0,1,0,0,0,1
-0.06487587408433486,0.28753188012724307,0.08166295622867395,253,0.1343135301445871,1,0,0,0,0,0,0,0,0,0,1,0,0,0,0,0,0,0,1,1,0,0,0
-0.06487587408433486,0.28753188012724307,0.3522093920268116,269,-0.6990049600893694,1,0,0,0,0,0,0,0,0,0,1,0,0,0,0,0,0,0,1,0,0,0,1
-0.06487587408433486,0.28753188012724307,0.23626091954189576,262,0.1343135301445871,1,0,0,0,0,0,0,0,0,0,1,0,0,0,0,0,0,0,1,1,0,0,0
0.7151136503990364,1.4596839789453286,0.3522093920268116,269,0.1343135301445871,1,0,1,0,0,0,0,0,0,0,0,0,0,0,0,0,0,0,1,1,0,0,0
0.7151136503990364,1.4596839789453286,0.3522093920268116,269,0.1343135301445871,1,0,1,0,0,0,0,0,0,0,0,0,0,0,0,0,0,0,1,1,0,0,0
0.7151136503990364,1.4596839789453286,0.4295083736834229,281,0.9676320203785437,1,0,1,0,0,0,0,0,0,0,0,0,0,0,0,0,0,0,1,0,1,0,0
-0.06487587408433486,0.28753188012724307,0.5454568461683388,281,0.9676320203785437,1,0,0,0,0,0,0,0,0,0,0,1,0,0,0,0,0,0,1,0,1,0,0
-0.844865398567706,-0.8846202186908425,-0.6526773695091292,209,-0.6990049600893694,0,0,0,0,0,0,0,0,0,0,1,0,0,0,0,0,0,0,1,1,0,0,0
-0.844865398567706,-0.8846202186908425,-0.614027878680824,212,-0.6990049600893694,0,0,0,0,0,0,0,0,0,0,0,0,0,1,0,0,0,0,1,1,0,0,0
-0.844865398567706,-0.8846202186908425,-0.2275329703977697,235,-0.6990049600893694,0,0,0,0,0,0,0,0,0,0,1,0,0,0,0,0,0,0,1,1,0,0,0
-0.844865398567706,-0.8846202186908425,-0.2275329703977697,235,-0.6990049600893694,0,0,0,0,0,0,0,0,0,0,0,0,0,1,0,0,0,0,1,1,0,0,0
0.7151136503990364,1.4596839789453286,0.8933022636230876,307,0.9676320203785437,1,0,0,0,0,0,0,0,0,0,0,0,0,0,0,0,0,0,1,0,1,0,0
2.275092699365779,3.8039881765815,1.7822405526741127,354,0.9676320203785437,1,0,0,0,0,0,0,0,0,0,0,0,0,0,0,0,0,0,1,0,1,0,0
0.7151136503990364,1.4596839789453286,1.3957456443910585,337,0.9676320203785437,1,0,0,0,0,0,0,0,0,0,1,0,0,0,0,0,0,0,1,0,1,0,0
2.275092699365779,3.8039881765815,2.014137497643945,368,0.9676320203785437,1,0,0,0,0,0,0,0,0,0,1,0,0,0,0,0,0,0,1,0,1,0,0
0.7151136503990364,1.4596839789453286,1.318446662734447,327,0.9676320203785437,1,0,0,0,0,0,0,0,0,0,0,0,0,1,0,0,0,0,1,0,1,0,0
0.7151136503990364,1.4596839789453286,1.318446662734447,334,0.9676320203785437,1,0,1,0,0,0,0,0,0,0,0,0,0,0,0,0,0,0,1,0,1,0,0
-0.844865398567706,-0.8846202186908425,-0.7299763511657398,205,0.9676320203785437,0,0,0,0,0,0,0,0,0,0,1,0,0,0,0,0,0,0,1,0,1,0,0
-0.844865398567706,-0.8846202186908425,-0.9232238053072669,193,0.9676320203785437,0,0,0,0,0,0,0,0,0,0,1,0,0,0,0,0,0,0,1,0,1,0,0
-0.844865398567706,-0.8846202186908425,-0.6913268603374345,207,-0.6990049600893694,0,0,0,0,0,0,0,0,0,0,1,0,0,0,0,0,0,0,1,0,0,0,1
-0.844865398567706,-0.8846202186908425,-0.6526773695091292,209,0.9676320203785437,0,0,0,0,0,0,0,0,0,0,1,0,0,0,0,0,0,0,1,0,1,0,0
-0.844865398567706,-0.8846202186908425,-0.8072753328223511,200,0.9676320203785437,0,0,0,0,0,0,0,0,0,0,1,0,0,0,0,0,0,0,1,0,1,0,0
-0.844865398567706,-0.8846202186908425,-0.9232238053072669,193,0.9676320203785437,0,0,0,0,0,0,0,0,0,0,0,0,0,0,0,0,0,0,1,0,1,0,0
-0.844865398567706,-0.8846202186908425,-0.6913268603374345,207,-0.6990049600893694,0,0,0,0,0,0,0,0,0,0,0,0,0,0,0,0,0,0,1,0,0,0,1
-0.844865398567706,-0.8846202186908425,-0.8072753328223511,200,0.9676320203785437,0,0,0,0,0,0,0,0,0,0,0,0,0,0,0,0,0,0,1,0,1,0,0
-0.844865398567706,-0.8846202186908425,-1.5802651493884592,181,0.9676320203785437,0,0,0,0,0,0,0,0,0,0,0,0,0,0,0,0,0,0,0,0,1,0,0
-0.844865398567706,-0.8846202186908425,-1.5802651493884592,181,0.9676320203785437,0,0,0,0,0,0,0,0,0,1,0,0,0,0,0,0,0,0,0,0,1,0,0
-0.844865398567706,-0.8846202186908425,-0.9232238053072669,193,0.9676320203785437,0,0,0,0,0,0,0,0,0,0,0,0,0,0,0,0,0,0,1,0,1,0,0
-0.844865398567706,-0.8846202186908425,-0.6913268603374345,207,-0.6990049600893694,0,0,0,0,0,0,0,0,0,0,0,0,0,0,0,0,0,0,1,0,0,0,1
-0.844865398567706,-0.8846202186908425,-0.6526773695091292,209,0.9676320203785437,0,0,0,0,0,0,0,0,0,0,0,0,0,0,0,0,0,0,1,0,1,0,0
-0.844865398567706,-0.8846202186908425,-0.6526773695091292,209,0.9676320203785437,0,1,0,0,0,0,0,0,0,0,0,0,0,0,0,0,0,0,1,0,1,0,0
-0.844865398567706,-0.8846202186908425,-0.6526773695091292,209,0.9676320203785437,0,0,0,0,0,0,0,0,0,1,0,0,0,0,0,0,0,0,1,0,1,0,0
-0.06487587408433486,0.28753188012724307,-0.4594299153676021,221,0.9676320203785437,0,0,0,0,0,0,0,0,0,0,0,0,0,0,0,0,0,0,1,0,1,0,0
-0.06487587408433486,0.28753188012724307,-0.3821309337109908,225,-0.6990049600893694,0,0,0,0,0,0,0,0,0,0,0,0,0,0,0,0,0,0,1,0,0,0,1
-0.06487587408433486,0.28753188012724307,-0.3048319520543803,230,0.9676320203785437,0,0,0,0,0,0,0,0,0,0,0,0,0,0,0,0,0,0,1,0,1,0,0
-0.06487587408433486,0.28753188012724307,-0.18888347956946375,237,-0.6990049600893694,0,0,0,0,0,0,0,0,0,0,0,0,0,0,0,0,0,0,1,0,0,0,1
-0.06487587408433486,0.28753188012724307,-0.3048319520543803,230,0.9676320203785437,0,1,0,0,0,0,0,0,0,0,0,0,0,0,0,0,0,0,1,0,1,0,0
-0.844865398567706,-0.8846202186908425,-0.7299763511657398,205,0.9676320203785437,0,0,0,0,0,0,0,0,0,0,1,0,0,0,0,0,0,0,1,0,1,0,0
-0.844865398567706,-0.8846202186908425,-0.9232238053072669,193,0.9676320203785437,0,0,0,0,0,0,0,0,0,0,0,0,0,0,0,0,0,0,1,0,1,0,0
-0.844865398567706,-0.8846202186908425,-0.6913268603374345,207,-0.6990049600893694,0,0,0,0,0,0,0,0,0,0,0,0,0,0,0,0,0,0,1,0,0,0,1
-0.844865398567706,-0.8846202186908425,-0.7299763511657398,205,0.9676320203785437,0,0,0,0,0,0,0,0,0,0,0,0,0,0,0,0,0,0,1,0,1,0,0
-0.844865398567706,-0.8846202186908425,-0.6913268603374345,207,-0.6990049600893694,0,0,0,0,0,0,0,0,0,0,0,0,0,0,0,0,0,0,1,0,0,0,1
-0.844865398567706,-0.8846202186908425,-0.4594299153676021,221,0.9676320203785437,0,0,0,0,0,0,0,0,0,0,1,0,0,0,0,0,0,0,1,0,1,0,0
-0.844865398567706,-0.8846202186908425,-0.6526773695091292,209,0.9676320203785437,0,0,0,0,0,0,0,0,0,0,0,0,0,0,0,0,0,0,1,0,1,0,0
-0.844865398567706,-0.8846202186908425,-0.6526773695091292,209,0.9676320203785437,0,0,0,0,0,0,0,0,0,0,0,0,0,0,0,0,0,0,1,0,1,0,0
-0.06487587408433486,0.28753188012724307,-0.34348144288268556,228,0.9676320203785437,0,0,0,0,0,0,0,0,0,0,1,0,0,0,0,0,0,0,1,0,1,0,0
-0.06487587408433486,0.28753188012724307,-0.4594299153676021,221,0.9676320203785437,0,0,0,0,0,0,0,0,0,0,0,0,0,0,0,0,0,0,1,0,1,0,0
-0.06487587408433486,0.28753188012724307,-0.3821309337109908,225,-0.6990049600893694,0,0,0,0,0,0,0,0,0,0,0,0,0,0,0,0,0,0,1,0,0,0,1
-0.06487587408433486,0.28753188012724307,-0.4594299153676021,221,0.9676320203785437,0,0,0,0,0,0,0,0,0,0,0,0,0,0,0,0,0,0,1,0,1,0,0
-0.06487587408433486,0.28753188012724307,-0.18888347956946375,237,0.9676320203785437,0,0,0,0,0,0,0,0,0,0,1,0,0,0,0,0,0,0,1,0,1,0,0
-0.06487587408433486,0.28753188012724307,-0.3048319520543803,230,0.9676320203785437,0,0,0,0,0,0,0,0,0,0,0,0,0,0,0,0,0,0,1,0,1,0,0
-0.06487587408433486,0.28753188012724307,-0.18888347956946375,237,-0.6990049600893694,0,0,0,0,0,0,0,0,0,0,0,0,0,0,0,0,0,0,1,0,0,0,1
-0.06487587408433486,0.28753188012724307,-0.3048319520543803,230,0.9676320203785437,0,0,0,0,0,0,0,0,0,0,0,0,0,0,0,0,0,0,1,0,1,0,0
-0.844865398567706,-0.8846202186908425,-0.7299763511657398,205,0.9676320203785437,0,0,1,0,0,0,0,0,0,0,0,0,0,0,0,0,0,0,1,0,1,0,0
-0.844865398567706,-0.8846202186908425,-0.6526773695091292,209,0.9676320203785437,0,0,1,0,0,0,0,0,0,0,0,0,0,0,0,0,0,0,1,0,1,0,0
-0.06487587408433486,0.28753188012724307,-1.116471259448794,213,0.9676320203785437,0,0,1,0,0,0,0,0,0,0,0,0,0,0,0,0,0,0,0,0,1,0,0
-0.06487587408433486,0.28753188012724307,-0.18888347956946375,237,0.9676320203785437,0,0,1,0,0,0,0,0,0,0,0,0,0,0,0,0,0,0,1,0,1,0,0
-0.06487587408433486,0.28753188012724307,0.08166295622867395,253,0.9676320203785437,1,1,0,0,0,0,0,0,0,0,0,0,0,0,0,0,0,0,1,0,1,0,0
1.0271094601923851,1.4596839789453286,0.5841063369966447,283,0.9676320203785437,1,0,1,0,0,0,0,0,0,0,0,0,0,0,0,0,0,0,1,0,1,0,0
1.0271094601923851,1.4596839789453286,0.7773537911381718,294,0.9676320203785437,1,1,0,0,0,0,0,0,0,0,0,0,0,0,0,0,0,0,1,0,1,0,0
-0.06487587408433486,0.28753188012724307,-0.18888347956946375,237,0.9676320203785437,0,0,0,0,0,0,0,0,0,0,1,0,0,0,0,0,0,0,1,0,1,0,0
-0.06487587408433486,0.28753188012724307,-0.18888347956946375,237,0.9676320203785437,0,0,0,0,0,0,0,0,0,0,0,0,0,0,0,0,0,0,1,0,1,0,0
1.0271094601923851,1.4596839789453286,0.7773537911381718,294,0.9676320203785437,1,0,0,0,0,0,0,0,0,0,1,0,0,0,0,0,0,0,1,0,1,0,0
1.0271094601923851,1.4596839789453286,0.5841063369966447,283,0.9676320203785437,1,0,0,0,0,0,0,0,0,0,0,0,0,0,0,0,0,0,1,0,1,0,0
1.0271094601923851,1.4596839789453286,0.7773537911381718,294,0.9676320203785437,1,0,0,0,0,0,0,0,0,0,0,0,0,0,0,0,0,0,1,0,1,0,0
-0.06487587408433486,0.28753188012724307,-0.768625841994045,238,0.9676320203785437,0,1,0,0,0,0,0,0,0,0,0,0,0,0,0,0,0,0,0,0,1,0,0
-0.06487587408433486,0.28753188012724307,-0.18888347956946375,237,0.9676320203785437,0,1,0,0,0,0,0,0,0,0,0,0,0,0,0,0,0,0,1,0,1,0,0
1.0271094601923851,1.4596839789453286,0.7773537911381718,294,0.9676320203785437,1,1,0,0,0,0,0,0,0,0,0,0,0,0,0,0,0,0,1,0,1,0,0
1.0271094601923851,1.4596839789453286,0.7773537911381718,294,0.9676320203785437,1,1,0,0,0,0,0,0,0,0,0,0,0,0,0,0,0,0,1,0,1,0,0
2.275092699365779,3.8039881765815,1.820890043502418,356,0.9676320203785437,1,1,0,0,0,0,0,0,0,0,0,0,0,0,0,0,0,0,1,0,1,0,0
-0.06487587408433486,0.28753188012724307,-0.8072753328223511,200,0.9676320203785437,0,0,0,0,0,0,0,0,0,0,0,0,0,0,0,0,0,0,1,0,1,0,0
-0.06487587408433486,0.28753188012724307,-0.5367288970242127,216,0.9676320203785437,0,0,1,0,0,0,0,0,0,0,0,0,0,0,0,0,0,0,1,0,1,0,0
-0.06487587408433486,0.28753188012724307,-0.5753783878525179,214,0.9676320203785437,0,1,0,0,0,0,0,0,0,0,0,0,0,0,0,0,0,0,1,0,1,0,0
1.0271094601923851,1.4596839789453286,0.7773537911381718,294,0.9676320203785437,1,0,0,0,0,0,0,0,0,0,0,0,0,0,0,0,0,0,1,0,1,0,0
1.0271094601923851,1.4596839789453286,0.7773537911381718,294,0.9676320203785437,1,1,0,0,0,0,0,0,0,0,0,0,0,0,0,0,0,0,1,0,1,0,0
1.0271094601923851,1.4596839789453286,0.7773537911381718,294,0.9676320203785437,1,1,0,0,0,0,0,0,0,0,0,0,0,0,0,0,0,0,1,0,1,0,0
-0.06487587408433486,0.28753188012724307,-0.2275329703977697,235,0.9676320203785437,0,0,0,0,0,0,0,0,0,0,1,0,0,0,0,0,0,0,1,0,1,0,0
-0.06487587408433486,0.28753188012724307,0.004363974572063373,248,-0.6990049600893694,1,0,0,0,0,0,0,0,0,0,1,0,0,0,0,0,0,0,1,0,0,0,1
-0.06487587408433486,0.28753188012724307,-0.2275329703977697,235,0.9676320203785437,0,0,0,0,0,0,0,0,0,0,1,0,0,0,0,0,0,0,1,0,1,0,0
-0.06487587408433486,0.28753188012724307,-0.15023398874115845,239,-0.6990049600893694,0,0,0,0,0,0,0,0,0,0,1,0,0,0,0,0,0,0,1,0,0,0,1
-0.06487587408433486,0.28753188012724307,-0.3048319520543803,230,0.9676320203785437,0,0,0,0,0,0,0,0,0,0,1,0,0,0,0,0,0,0,1,0,1,0,0
-0.06487587408433486,0.28753188012724307,0.5068073553400334,278,0.1343135301445871,1,0,0,0,0,0,0,0,0,0,0,0,0,0,0,0,0,0,1,1,0,0,0
-0.06487587408433486,0.28753188012724307,0.31355990119850635,267,-0.6990049600893694,1,0,0,0,0,0,0,0,0,0,0,0,0,0,0,0,0,0,1,0,0,0,1
-0.06487587408433486,0.28753188012724307,0.5068073553400334,278,0.1343135301445871,1,0,0,0,0,0,0,0,0,0,1,0,0,0,0,0,0,0,1,1,0,0,0
-0.06487587408433486,0.28753188012724307,0.3908588828551176,271,-0.6990049600893694,1,0,0,0,0,0,0,0,0,0,1,0,0,0,0,0,0,0,1,0,0,0,1
-0.06487587408433486,0.28753188012724307,0.5068073553400334,278,0.1343135301445871,1,0,0,0,0,0,0,0,0,0,0,0,0,0,0,0,0,0,1,1,0,0,0
-0.06487587408433486,0.28753188012724307,0.31355990119850635,267,-0.6990049600893694,1,0,0,0,0,0,0,0,0,0,0,0,0,0,0,0,0,0,1,0,0,0,1
1.0271094601923851,1.4596839789453286,1.5116941168759743,338,0.1343135301445871,1,0,1,0,0,0,0,0,0,0,0,0,0,0,0,0,0,0,1,1,0,0,0
1.0271094601923851,1.4596839789453286,1.12519920859292,315,-0.6990049600893694,1,0,1,0,0,0,0,0,0,0,0,0,0,0,0,0,0,0,1,0,0,0,1
1.0271094601923851,1.4596839789453286,1.12519920859292,315,-0.6990049600893694,1,0,0,0,0,0,0,0,0,0,1,0,0,0,0,0,0,0,1,0,0,0,1
1.0271094601923851,1.4596839789453286,1.5116941168759743,338,0.1343135301445871,1,0,0,0,0,0,0,0,0,0,0,0,0,0,0,0,0,0,1,1,0,0,0
1.0271094601923851,1.4596839789453286,1.12519920859292,315,-0.6990049600893694,1,0,0,0,0,0,0,0,0,0,0,0,0,0,0,0,0,0,1,0,0,0,1
1.0271094601923851,1.4596839789453286,1.12519920859292,315,-0.6990049600893694,1,0,0,0,0,0,0,0,0,0,0,0,0,0,0,0,0,0,1,0,0,0,1
-0.844865398567706,-0.8846202186908425,-0.6526773695091292,209,0.9676320203785437,0,0,0,0,0,0,0,0,0,0,0,1,0,0,0,0,0,0,1,0,1,0,0
-0.06487587408433486,0.28753188012724307,0.1589619378852845,258,0.9676320203785437,1,0,0,0,0,0,0,0,0,0,0,1,0,0,0,0,0,0,1,0,1,0,0
-0.844865398567706,-0.8846202186908425,-1.116471259448794,213,0.9676320203785437,0,0,0,0,0,0,0,0,0,0,0,1,0,0,0,0,0,0,0,0,1,0,0
-0.844865398567706,-0.8846202186908425,-0.34348144288268556,228,0.9676320203785437,0,0,0,0,0,0,0,0,0,0,0,1,0,0,0,0,0,0,1,0,1,0,0
-0.06487587408433486,0.28753188012724307,0.043013465400368656,251,0.9676320203785437,1,0,0,0,0,0,0,0,0,0,0,1,0,0,0,0,0,0,1,0,1,0,0
-0.844865398567706,-0.8846202186908425,-0.2275329703977697,235,0.9676320203785437,0,0,0,0,0,0,0,0,0,0,0,1,0,0,0,0,0,0,1,0,1,0,0
-0.06487587408433486,0.28753188012724307,0.043013465400368656,251,0.9676320203785437,1,0,0,0,0,0,0,0,0,0,0,1,0,0,0,0,0,0,1,0,1,0,0
1.0271094601923851,1.4596839789453286,1.473044626047669,336,0.9676320203785437,1,0,0,0,0,0,0,0,0,0,0,0,1,0,0,0,0,0,1,0,1,0,0
-0.06487587408433486,0.28753188012724307,-0.8072753328223511,235,0.9676320203785437,0,0,0,0,0,0,0,0,0,0,0,0,1,0,0,0,0,0,0,0,1,0,0
-0.06487587408433486,0.28753188012724307,0.12031244705697923,255,0.9676320203785437,1,0,0,0,0,0,0,0,0,0,0,0,1,0,0,0,0,0,1,0,1,0,0
1.0271094601923851,1.4596839789453286,1.163848699421226,317,0.9676320203785437,1,0,0,0,0,0,0,0,0,0,0,0,1,0,0,0,0,0,1,0,1,0,0
1.0271094601923851,1.4596839789453286,1.473044626047669,336,0.9676320203785437,1,0,0,0,0,0,0,0,0,0,0,0,1,0,0,0,0,0,1,0,1,0,0
-0.06487587408433486,0.28753188012724307,0.12031244705697923,255,0.9676320203785437,1,0,0,0,0,0,0,0,0,0,0,0,1,0,0,0,0,0,1,0,1,0,0
1.0271094601923851,1.4596839789453286,1.163848699421226,317,0.9676320203785437,1,0,0,0,0,0,0,0,0,0,0,0,1,0,0,0,0,0,1,0,1,0,0
-0.844865398567706,-0.8846202186908425,-0.6526773695091292,209,0.9676320203785437,0,0,0,0,0,0,0,0,0,0,0,0,0,1,0,0,0,0,1,0,1,0,0
-0.844865398567706,-0.8846202186908425,-0.6913268603374345,207,-0.6990049600893694,0,0,0,0,0,0,0,0,0,0,0,0,0,1,0,0,0,0,1,0,0,0,1
-0.06487587408433486,0.28753188012724307,0.5068073553400334,278,0.1343135301445871,1,0,0,0,0,0,0,0,0,0,0,0,0,1,0,0,0,0,1,1,0,0,0
-0.06487587408433486,0.28753188012724307,0.5068073553400334,278,0.1343135301445871,1,0,0,0,0,0,0,0,0,0,0,0,0,1,0,0,0,0,1,1,0,0,0
0.40311784060568795,0.28753188012724307,0.5841063369966447,283,-0.6990049600893694,1,0,0,0,0,0,0,0,0,0,0,0,1,0,0,0,0,1,0,0,0,0,0
0.40311784060568795,0.28753188012724307,0.23626091954189576,262,-0.6990049600893694,1,0,1,0,0,0,0,0,0,0,0,0,0,0,0,0,0,1,0,0,1,0,0
0.40311784060568795,0.28753188012724307,1.9368385159873345,253,-0.6990049600893694,1,0,1,0,0,0,0,0,0,0,0,0,0,0,0,0,1,0,0,0,1,0,0
0.40311784060568795,0.28753188012724307,0.3522093920268116,269,-0.6990049600893694,1,0,1,0,0,0,0,0,0,0,0,0,0,0,0,0,0,1,0,0,1,0,0
0.40311784060568795,0.28753188012724307,1.9754880068156397,254,-0.6990049600893694,1,0,1,0,0,0,0,0,0,0,0,0,0,0,0,0,1,0,0,0,1,0,0
-0.844865398567706,-0.8846202186908425,-0.3821309337109908,225,-0.6990049600893694,0,0,1,0,0,0,0,0,0,0,0,0,0,0,0,0,0,0,1,0,1,0,0
-0.844865398567706,-0.8846202186908425,-0.3821309337109908,225,-0.6990049600893694,0,0,1,0,0,0,0,0,0,0,0,0,0,0,0,0,0,0,1,0,0,0,1
-0.844865398567706,-0.8846202186908425,-0.0342855162562426,246,-0.6990049600893694,1,0,1,0,0,0,0,0,0,0,0,0,0,0,0,0,0,0,1,0,1,0,0
-0.844865398567706,-0.8846202186908425,-0.3821309337109908,225,-0.6990049600893694,0,0,0,0,0,0,0,0,0,0,0,0,0,0,0,0,0,0,1,0,1,0,0
-0.844865398567706,-0.8846202186908425,-0.3821309337109908,225,-0.6990049600893694,0,0,0,0,0,0,0,0,0,0,0,0,0,0,0,0,0,0,1,0,0,0,1
-0.5328695887743576,-0.8846202186908425,-0.5367288970242127,216,-0.6990049600893694,0,0,0,0,0,0,0,0,0,0,0,0,0,0,0,0,0,1,0,0,1,0,0
-0.844865398567706,-0.8846202186908425,-0.4207804245392968,223,-0.6990049600893694,0,0,0,0,0,0,0,0,0,0,0,0,0,0,0,0,0,0,1,0,1,0,0
-0.844865398567706,-0.8846202186908425,-0.18888347956946375,237,-0.6990049600893694,0,0,0,0,0,0,0,0,0,0,0,0,0,0,0,0,0,0,1,0,0,0,1
-0.4548706363260205,-0.8846202186908425,-0.5753783878525179,214,-0.6990049600893694,0,0,0,0,0,0,0,0,0,0,0,0,0,0,0,0,0,1,0,0,1,0,0
0.40311784060568795,0.28753188012724307,0.004363974572063373,248,-0.6990049600893694,1,0,0,0,0,0,0,0,0,0,0,0,0,0,0,0,0,1,0,0,1,0,0
-0.844865398567706,-0.8846202186908425,-0.2275329703977697,235,-0.6990049600893694,0,0,0,0,0,0,0,0,0,0,0,0,0,0,0,0,0,0,1,0,1,0,0
0.40311784060568795,0.28753188012724307,0.08166295622867395,253,-0.6990049600893694,1,0,0,0,0,0,0,0,0,0,0,0,0,0,0,0,0,1,0,0,1,0,0
-0.844865398567706,-0.8846202186908425,-0.34348144288268556,228,-0.6990049600893694,0,0,1,0,0,0,0,0,0,0,0,0,0,0,0,0,0,0,1,0,1,0,0
0.40311784060568795,0.28753188012724307,-0.0342855162562426,246,0.9676320203785437,1,0,1,0,0,0,0,0,0,0,0,0,0,0,0,0,0,1,0,0,1,0,0
-0.844865398567706,-0.8846202186908425,-0.07293500708454788,244,-0.6990049600893694,0,0,1,0,0,0,0,0,0,0,0,0,0,0,0,0,0,0,1,0,1,0,0
0.40311784060568795,0.28753188012724307,0.08166295622867395,253,-0.6990049600893694,1,0,1,0,0,0,0,0,0,0,0,0,0,0,0,0,0,1,0,0,1,0,0
0.40311784060568795,0.28753188012724307,0.7387043003098659,292,0.9676320203785437,1,0,1,0,0,0,0,0,0,0,0,0,0,0,0,0,0,0,1,0,1,0,0
2.431090604262453,1.4596839789453286,1.2411476810778366,322,-0.6990049600893694,1,0,0,0,0,0,0,0,0,0,0,0,1,0,0,0,0,0,1,0,0,0,0
2.431090604262453,1.4596839789453286,1.163848699421226,317,0.9676320203785437,1,0,0,0,0,0,0,0,0,0,0,0,1,0,0,0,0,0,1,0,0,0,0
2.431090604262453,1.4596839789453286,1.4343951352193638,334,-0.6990049600893694,1,0,0,0,0,0,0,0,0,0,0,0,1,0,0,0,0,0,1,0,0,0,0
2.431090604262453,1.4596839789453286,1.3570961535627533,329,0.9676320203785437,1,0,0,0,0,0,0,0,0,0,0,0,1,0,0,0,0,0,1,0,0,0,0
0.40311784060568795,0.28753188012724307,0.5841063369966447,283,-0.6990049600893694,1,0,0,0,0,0,0,0,0,0,0,0,1,0,0,0,0,1,0,0,1,0,0
0.40311784060568795,0.28753188012724307,0.1976114287135905,260,-0.6990049600893694,1,1,0,0,0,0,0,0,0,0,0,0,0,0,0,0,0,1,0,0,1,0,0
0.40311784060568795,0.28753188012724307,0.31355990119850635,267,-0.6990049600893694,1,1,0,0,0,0,0,0,0,0,0,0,0,0,0,0,0,1,0,0,1,0,0
0.40311784060568795,0.28753188012724307,0.7000548094815605,290,-0.6990049600893694,1,1,0,0,0,0,0,0,0,0,0,0,0,0,0,0,0,0,1,0,1,0,0
0.40311784060568795,0.28753188012724307,0.1976114287135905,260,-0.6990049600893694,1,0,0,0,0,0,0,0,0,0,0,0,0,0,0,0,0,1,0,0,1,0,0
0.40311784060568795,0.28753188012724307,0.27491041037020103,265,-0.6990049600893694,1,0,0,0,0,0,0,0,0,0,0,0,0,0,0,0,0,1,0,0,0,0,1
2.431090604262453,1.4596839789453286,0.7773537911381718,294,-0.6990049600893694,1,0,0,0,0,0,0,0,0,0,0,0,0,0,0,0,0,0,1,0,1,0,0
2.431090604262453,1.4596839789453286,0.7387043003098659,292,-0.6990049600893694,1,0,0,0,0,0,0,0,0,0,0,0,0,0,0,0,0,0,1,0,0,0,1
0.40311784060568795,0.28753188012724307,-0.11158449791285317,242,-0.6990049600893694,0,0,0,0,0,0,0,0,0,0,0,0,0,0,0,0,0,1,0,0,1,0,0
2.431090604262453,1.4596839789453286,1.820890043502418,357,-0.6990049600893694,1,0,0,0,0,0,0,0,0,0,0,0,0,0,0,0,0,0,1,0,0,0,1
2.431090604262453,1.4596839789453286,2.323333424270389,386,-0.6990049600893694,1,0,0,0,0,0,0,0,0,0,0,0,0,0,0,0,0,0,1,0,1,0,0
2.431090604262453,1.4596839789453286,1.5116941168759743,338,-0.6990049600893694,1,0,0,0,0,0,0,0,0,0,0,0,0,0,0,0,0,0,1,0,0,0,1
-0.844865398567706,-0.8846202186908425,-0.5367288970242127,216,-0.6990049600893694,0,0,0,0,0,0,0,1,0,0,0,0,0,0,0,0,0,1,0,0,0,1,0
-0.4548706363260205,-0.8846202186908425,-0.11158449791285317,242,-0.6990049600893694,0,0,0,0,0,1,0,0,0,0,0,0,0,0,0,0,0,1,0,0,0,0,0
-0.4548706363260205,-0.8846202186908425,0.004363974572063373,248,-0.6990049600893694,1,0,0,0,0,1,0,0,0,0,0,0,0,0,0,0,0,1,0,0,0,0,1
0.40311784060568795,0.28753188012724307,0.1976114287135905,260,-0.6990049600893694,1,0,0,0,0,1,0,0,0,0,0,0,0,0,0,0,0,1,0,0,0,0,0
-0.4548706363260205,-0.8846202186908425,0.1976114287135905,260,-0.6990049600893694,1,0,0,0,0,1,0,0,0,0,0,0,0,0,0,0,0,1,0,0,0,0,0
0.40311784060568795,0.28753188012724307,0.3908588828551176,271,-0.6990049600893694,1,0,0,0,0,1,0,0,0,0,0,0,0,0,0,0,0,1,0,0,0,0,0
2.431090604262453,1.4596839789453286,0.3522093920268116,269,0.9676320203785437,1,0,0,0,0,0,0,0,0,0,0,0,0,1,0,0,0,0,1,0,1,0,0
2.431090604262453,1.4596839789453286,1.3570961535627533,329,0.9676320203785437,1,0,0,0,0,0,0,0,0,0,0,0,0,1,0,0,0,0,1,0,1,0,0
2.431090604262453,1.4596839789453286,1.0092507361080043,308,0.1343135301445871,1,0,0,0,0,0,0,0,0,0,0,0,0,1,0,0,0,0,1,0,0,0,1
-1.312859113257729,-0.8846202186908425,-1.1551207502770997,179,-0.6990049600893694,0,0,1,0,0,0,0,0,0,0,0,0,0,0,0,0,0,1,0,0,0,0,1
-1.0008633034643803,-0.8846202186908425,-0.768625841994045,202,-0.6990049600893694,0,0,1,0,0,0,0,0,0,0,0,0,0,0,0,0,0,1,0,0,1,0,0
-1.0008633034643803,-0.8846202186908425,-1.0391722777921835,186,-0.6990049600893694,0,0,1,0,0,0,0,0,0,0,0,0,0,0,0,0,0,1,0,0,0,0,1
-1.312859113257729,-0.8846202186908425,-1.193770241105405,177,-0.6990049600893694,0,0,1,0,0,0,0,0,0,0,0,0,0,0,0,0,0,1,0,0,0,0,0
-0.5328695887743576,-0.8846202186908425,-0.6526773695091292,209,-0.6990049600893694,0,0,0,0,0,0,0,0,0,0,0,1,0,0,0,0,0,1,0,0,0,0,0
-0.5328695887743576,-0.8846202186908425,1.0092507361080043,214,-0.6990049600893694,0,0,0,0,0,0,0,0,0,0,0,1,0,0,0,0,1,0,0,0,0,0,0
0.40311784060568795,0.28753188012724307,0.5068073553400334,278,-0.6990049600893694,1,0,0,0,0,0,0,0,0,0,0,1,0,0,0,0,0,1,0,0,0,0,0
-0.5328695887743576,-0.8846202186908425,-0.3048319520543803,230,-0.6990049600893694,0,0,0,0,0,0,0,0,0,0,0,1,0,0,0,0,0,1,0,0,0,0,0
-0.5328695887743576,-0.8846202186908425,1.318446662734447,227,-0.6990049600893694,0,0,0,0,0,0,0,0,0,0,0,1,0,0,0,0,1,0,0,0,0,0,0
-0.4548706363260205,-0.8846202186908425,-0.614027878680824,212,-0.6990049600893694,0,1,0,0,0,0,0,0,0,0,0,0,0,0,0,0,0,1,0,0,1,0,0
0.40311784060568795,0.28753188012724307,-0.07293500708454788,244,-0.6990049600893694,0,1,0,0,0,0,0,0,0,0,0,0,0,0,0,0,0,1,0,0,1,0,0
0.40311784060568795,0.28753188012724307,1.4343951352193638,232,-0.6990049600893694,0,1,0,0,0,0,0,0,0,0,0,0,0,0,0,0,1,0,0,0,1,0,0
-0.844865398567706,-0.8846202186908425,-0.3821309337109908,225,-0.6990049600893694,0,0,1,0,0,0,0,0,0,0,0,0,0,0,0,0,0,0,1,0,1,0,0
0.9491105077440476,0.28753188012724307,0.4295083736834229,274,-0.6990049600893694,1,0,0,0,0,0,1,0,0,0,0,0,0,0,0,0,0,1,0,0,0,0,0
0.9491105077440476,0.28753188012724307,2.4392818967553054,274,-0.6990049600893694,1,0,0,0,0,0,1,0,0,0,0,0,0,0,0,0,1,0,0,0,0,0,0
1.7291000322274188,1.4596839789453286,2.47793138758361,275,-0.6990049600893694,1,0,0,0,0,0,1,0,0,0,0,0,0,0,0,0,1,0,0,0,0,0,0
2.431090604262453,1.4596839789453286,1.2411476810778366,322,0.9676320203785437,1,0,0,0,0,0,1,0,0,0,0,0,0,0,0,0,0,0,1,0,0,0,0
0.9491105077440476,0.28753188012724307,0.6614053186532552,288,-0.6990049600893694,1,0,0,0,0,0,1,0,0,0,0,0,0,0,0,0,0,1,0,0,0,0,0
0.9491105077440476,0.28753188012724307,2.7871273142100534,288,-0.6990049600893694,1,0,0,0,0,0,1,0,0,0,0,0,0,0,0,0,1,0,0,0,0,0,0
1.7291000322274188,1.4596839789453286,0.8546527727947824,299,-0.6990049600893694,1,0,0,0,0,0,1,0,0,0,0,0,0,0,0,0,0,1,0,0,0,0,0
1.7291000322274188,1.4596839789453286,2.5938798600685264,280,-0.6990049600893694,1,0,0,0,0,0,1,0,0,0,0,0,0,0,0,0,1,0,0,0,0,0,0
2.431090604262453,1.4596839789453286,1.318446662734447,327,0.9676320203785437,1,0,0,0,0,0,1,0,0,0,0,0,0,0,0,0,0,0,1,0,0,0,0
-1.312859113257729,-0.8846202186908425,-1.0778217686204887,184,-0.6990049600893694,0,0,0,0,0,0,0,0,0,0,0,0,0,0,0,0,0,1,0,0,1,0,0
-1.0008633034643803,-0.8846202186908425,-0.9618732961355722,191,-0.6990049600893694,0,0,0,0,0,0,0,0,0,0,0,0,0,0,0,0,0,1,0,0,1,0,0
-1.0008633034643803,-0.8846202186908425,-1.0778217686204887,184,-1.532323450323326,0,0,0,0,0,0,0,0,0,0,0,0,0,0,0,0,0,1,0,0,0,0,1
-1.312859113257729,-0.8846202186908425,-1.0778217686204887,184,-0.6990049600893694,0,0,0,0,0,0,0,0,0,0,0,0,0,0,0,0,0,1,0,0,0,0,1
-1.312859113257729,-0.8846202186908425,-1.0778217686204887,184,-0.6990049600893694,0,0,1,0,0,0,0,0,0,0,0,0,0,0,0,0,0,1,0,0,1,0,0
-1.312859113257729,-0.8846202186908425,-1.271069222762016,173,-0.6990049600893694,0,0,1,0,0,0,0,0,0,0,0,0,0,0,0,0,0,1,0,0,0,0,1
-1.0008633034643803,-0.8846202186908425,-0.9618732961355722,191,-0.6990049600893694,0,0,1,0,0,0,0,0,0,0,0,0,0,0,0,0,0,1,0,0,1,0,0
-1.0008633034643803,-0.8846202186908425,-1.0778217686204887,184,-1.532323450323326,0,0,1,0,0,0,0,0,0,0,0,0,0,0,0,0,0,1,0,0,0,0,1
-1.312859113257729,-0.8846202186908425,-1.0778217686204887,184,-0.6990049600893694,0,0,1,0,0,0,0,0,0,0,0,0,0,0,0,0,0,1,0,0,0,0,1
-1.4688570181544032,-0.8846202186908425,-1.464316676903543,161,-0.6990049600893694,0,0,0,0,0,0,0,0,0,0,1,0,0,0,0,0,0,1,0,0,0,1,0
-1.4688570181544032,-0.8846202186908425,-1.541615658560154,156,-1.532323450323326,0,0,0,0,0,0,0,0,0,0,1,0,0,0,0,0,0,1,0,0,0,0,1
1.7291000322274188,1.4596839789453286,0.7387043003098659,292,-0.6990049600893694,1,0,0,0,0,0,0,0,0,0,0,0,1,0,0,0,0,1,0,0,0,0,0
1.7291000322274188,1.4596839789453286,2.47793138758361,275,-0.6990049600893694,1,0,0,0,0,0,0,0,0,0,0,0,1,0,0,0,1,0,0,0,0,0,0
1.7291000322274188,1.4596839789453286,0.9706012452796989,306,-0.6990049600893694,1,0,0,0,0,0,0,0,0,0,0,0,1,0,0,0,0,1,0,0,0,0,0
1.7291000322274188,1.4596839789453286,0.7387043003098659,292,-0.6990049600893694,1,0,0,0,0,0,0,0,0,0,0,0,1,0,0,0,0,1,0,0,0,0,0
1.7291000322274188,1.4596839789453286,2.47793138758361,275,-0.6990049600893694,1,0,0,0,0,0,0,0,0,0,0,0,1,0,0,0,1,0,0,0,0,0,0
1.7291000322274188,1.4596839789453286,0.8546527727947824,299,-0.6990049600893694,1,0,0,0,0,0,0,0,0,0,0,0,1,0,0,0,0,1,0,0,0,0,0
1.7291000322274188,1.4596839789453286,2.6325293508968324,282,-0.6990049600893694,1,0,0,0,0,0,0,0,0,0,0,0,1,0,0,0,1,0,0,0,0,0,0
0.40311784060568795,0.28753188012724307,0.5841063369966447,283,-0.6990049600893694,1,0,0,0,0,0,0,0,0,0,0,0,1,0,0,0,0,1,0,0,0,0,0
-1.312859113257729,-0.8846202186908425,-1.0005227869638782,189,-0.6990049600893694,0,0,0,0,0,0,0,0,0,0,0,1,0,0,0,0,0,1,0,0,1,0,0
-1.312859113257729,-0.8846202186908425,-1.0391722777921835,186,-0.6990049600893694,0,0,0,0,0,0,0,0,0,0,0,1,0,0,0,0,0,1,0,0,0,0,1
-1.312859113257729,-0.8846202186908425,-0.8072753328223511,200,-0.6990049600893694,0,0,0,0,0,0,0,0,0,0,0,1,0,0,0,0,0,1,0,0,1,0,0
-0.5328695887743576,-0.8846202186908425,-0.8845743144789616,196,1.8009505106125,0,0,1,0,0,0,0,0,0,0,0,0,0,0,0,0,0,1,0,0,0,0,0
-0.5328695887743576,-0.8846202186908425,-0.8845743144789616,196,1.8009505106125,0,0,1,0,0,0,0,0,0,0,0,0,0,0,0,0,0,1,0,0,0,0,0
-0.5328695887743576,-0.8846202186908425,0.1976114287135905,181,1.8009505106125,0,0,1,0,0,0,0,0,0,0,0,0,0,0,0,0,1,0,0,0,0,0,0
0.40311784060568795,0.28753188012724307,-0.2275329703977697,235,1.8009505106125,0,0,1,0,0,0,0,0,0,0,0,0,0,0,0,0,0,1,0,0,0,0,0
0.40311784060568795,0.28753188012724307,-0.2275329703977697,235,1.8009505106125,0,0,1,0,0,0,0,0,0,0,0,0,0,0,0,0,0,1,0,0,0,0,0
0.40311784060568795,0.28753188012724307,1.0865497177646148,218,1.8009505106125,0,0,1,0,0,0,0,0,0,0,0,0,0,0,0,0,1,0,0,0,0,0,0
0.40311784060568795,0.28753188012724307,-0.0342855162562426,246,1.8009505106125,1,0,1,0,0,0,0,0,0,0,0,0,0,0,0,0,0,1,0,0,0,0,0
0.40311784060568795,0.28753188012724307,-0.0342855162562426,246,1.8009505106125,1,0,1,0,0,0,0,0,0,0,0,0,0,0,0,0,0,1,0,0,0,0,0
0.40311784060568795,0.28753188012724307,1.2797971719061418,226,1.8009505106125,0,0,1,0,0,0,0,0,0,0,0,0,0,0,0,0,1,0,0,0,0,0,0
2.0410958420207677,1.4596839789453286,0.5841063369966447,283,0.9676320203785437,1,1,0,0,0,0,0,0,0,0,0,0,0,0,0,0,0,1,0,0,0,0,0
0.40311784060568795,0.28753188012724307,-0.18888347956946375,237,0.9676320203785437,0,0,1,0,0,0,0,0,0,0,0,0,0,0,0,0,0,1,0,0,0,0,0
2.5870885091591274,1.4596839789453286,1.2024981902495313,320,-0.6990049600893694,1,0,1,0,0,0,0,0,0,0,0,0,0,0,0,0,0,0,1,0,0,0,1
2.0410958420207677,1.4596839789453286,0.5841063369966447,283,0.9676320203785437,1,0,1,0,0,0,0,0,0,0,0,0,0,0,0,0,0,1,0,0,0,0,0
2.5870885091591274,1.4596839789453286,0.8160032819664771,297,0.9676320203785437,1,0,1,0,0,0,0,0,0,0,0,0,0,0,0,0,0,0,1,0,0,0,0
2.5870885091591274,1.4596839789453286,0.8160032819664771,297,0.9676320203785437,1,0,1,0,0,0,0,0,0,0,0,0,0,0,0,0,0,0,1,0,0,0,0
2.431090604262453,1.4596839789453286,1.5116941168759743,338,0.9676320203785437,1,0,1,0,0,0,0,0,0,0,0,0,0,0,0,0,0,0,1,0,0,0,0
2.431090604262453,1.4596839789453286,1.666292080189196,347,-0.6990049600893694,1,0,1,0,0,0,0,0,0,0,0,0,0,0,0,0,0,0,1,0,0,0,1
0.40311784060568795,0.28753188012724307,0.27491041037020103,264,-1.532323450323326,1,1,0,0,0,0,0,0,0,0,0,0,0,0,0,0,0,1,0,0,0,0,0
0.40311784060568795,0.28753188012724307,0.27491041037020103,264,-1.532323450323326,1,1,0,0,0,0,0,0,0,0,0,0,0,0,0,0,0,1,0,0,0,0,0
0.40311784060568795,0.28753188012724307,1.9754880068156397,254,-1.532323450323326,1,1,0,0,0,0,0,0,0,0,0,0,0,0,0,0,1,0,0,0,0,0,0
0.40311784060568795,0.28753188012724307,-0.18888347956946375,237,0.9676320203785437,0,1,0,0,0,0,0,0,0,0,0,0,0,0,0,0,0,1,0,0,0,0,0
2.0410958420207677,1.4596839789453286,0.8160032819664771,297,-1.532323450323326,1,1,0,0,0,0,0,0,0,0,0,0,0,0,0,0,0,1,0,0,0,0,0
2.0410958420207677,1.4596839789453286,0.5841063369966447,283,0.9676320203785437,1,1,0,0,0,0,0,0,0,0,0,0,0,0,0,0,0,1,0,0,0,0,0
2.5870885091591274,1.4596839789453286,0.8160032819664771,297,0.9676320203785437,1,1,0,0,0,0,0,0,0,0,0,0,0,0,0,0,0,0,1,0,0,0,0
2.431090604262453,1.4596839789453286,1.5116941168759743,338,0.9676320203785437,1,1,0,0,0,0,0,0,0,0,0,0,0,0,0,0,0,0,1,0,0,0,0
-0.844865398567706,-0.8846202186908425,0.27491041037020103,184,-0.6990049600893694,0,0,1,0,0,0,0,0,0,0,0,0,0,0,0,0,1,0,0,0,0,0,0
2.0410958420207677,1.4596839789453286,1.5116941168759743,338,0.9676320203785437,1,0,0,0,0,0,0,0,0,0,0,0,1,0,0,0,0,1,0,0,0,0,0
0.40311784060568795,0.28753188012724307,2.168735460957166,262,-0.6990049600893694,1,0,0,0,1,0,0,0,0,0,0,0,0,0,0,0,1,0,0,0,0,0,0
0.40311784060568795,0.28753188012724307,0.5068073553400334,278,-0.6990049600893694,1,0,0,0,0,0,0,0,0,0,0,1,0,0,0,0,0,1,0,0,0,0,0
-1.312859113257729,-0.8846202186908425,-0.8459248236506564,198,-0.6990049600893694,0,0,0,1,0,0,0,0,0,0,0,0,0,0,0,0,0,1,0,0,0,0,0
-1.312859113257729,-0.8846202186908425,-0.8459248236506564,198,-0.6990049600893694,0,0,0,1,0,0,0,0,0,0,0,0,0,0,0,0,0,1,0,0,0,0,0
-1.312859113257729,-0.8846202186908425,-0.8459248236506564,198,-0.6990049600893694,0,0,0,1,0,0,0,0,0,0,0,0,0,0,0,0,0,1,0,0,0,0,0
-1.312859113257729,-0.8846202186908425,-0.5367288970242127,216,-0.6990049600893694,0,0,0,0,0,0,0,0,0,1,0,0,0,0,0,0,0,1,0,0,0,0,0
-1.312859113257729,-0.8846202186908425,-0.8072753328223511,200,-0.6990049600893694,0,0,0,0,0,0,0,0,0,1,0,0,0,0,0,0,0,1,0,1,0,0,0
-1.312859113257729,-0.8846202186908425,-0.9618732961355722,191,-0.6990049600893694,0,0,0,0,0,0,0,0,0,1,0,0,0,0,0,0,0,1,0,0,0,0,1
-0.844865398567706,-0.8846202186908425,-0.3821309337109908,225,-0.6990049600893694,0,0,0,0,0,0,0,0,0,0,0,1,0,0,0,0,0,1,0,0,1,0,0
-0.844865398567706,-0.8846202186908425,-0.3821309337109908,225,-0.6990049600893694,0,0,0,0,0,0,0,0,0,0,0,1,0,0,0,0,0,1,0,0,1,0,0
0.32511888815735074,0.28753188012724307,0.1976114287135905,260,-0.6990049600893694,1,0,0,0,0,0,0,0,0,0,0,1,0,0,0,0,0,1,0,0,1,0,0
-0.844865398567706,-0.8846202186908425,-0.18888347956946375,237,-0.6990049600893694,0,0,0,0,0,0,0,0,0,0,0,1,0,0,0,0,0,1,0,0,1,0,0
0.32511888815735074,0.28753188012724307,0.3908588828551176,271,-0.6990049600893694,1,0,0,0,0,0,0,0,0,0,0,1,0,0,0,0,0,1,0,0,1,0,0
-0.2988727314293461,0.28753188012724307,0.4295083736834229,274,-0.6990049600893694,1,0,0,0,0,0,0,0,0,0,0,1,0,0,0,0,0,1,0,0,1,0,0
-1.1568612083610545,-0.8846202186908425,-0.6913268603374345,207,-0.6990049600893694,0,0,0,0,0,0,0,0,0,0,0,1,0,0,0,0,0,1,0,0,1,0,0
-0.4548706363260205,-0.8846202186908425,-0.4980794061959074,218,-0.6990049600893694,0,0,0,0,0,0,0,0,0,0,0,1,0,0,0,0,0,1,0,0,1,0,0
-1.1568612083610545,-0.8846202186908425,-0.5367288970242127,216,-0.6990049600893694,0,0,0,0,0,0,0,0,0,0,0,1,0,0,0,0,0,1,0,0,1,0,0
-0.844865398567706,-0.8846202186908425,-0.266182461226075,232,-0.6990049600893694,0,0,0,0,0,0,0,0,0,0,0,1,0,0,0,0,0,1,0,0,1,0,0
0.32511888815735074,0.28753188012724307,1.318446662734447,327,-0.6990049600893694,1,0,0,0,0,0,0,0,0,0,0,0,1,0,0,0,0,1,0,0,1,0,0
0.32511888815735074,0.28753188012724307,1.3957456443910585,331,-0.6990049600893694,1,0,0,0,0,0,0,0,0,0,0,0,1,0,0,0,0,1,0,0,1,0,0
-0.844865398567706,-0.8846202186908425,-0.15023398874115845,239,-0.6990049600893694,0,0,0,0,0,0,0,0,0,0,0,0,1,0,0,0,0,1,0,0,0,0,0
0.32511888815735074,0.28753188012724307,2.052786988472251,258,-0.6990049600893694,1,0,0,0,0,0,0,0,0,0,0,0,1,0,0,0,1,0,0,0,1,0,0
0.32511888815735074,0.28753188012724307,0.8546527727947824,299,-0.6990049600893694,1,0,0,0,0,0,0,0,0,0,0,0,1,0,0,0,0,1,0,0,1,0,0
0.32511888815735074,0.28753188012724307,0.6614053186532552,288,-0.6990049600893694,1,0,0,0,0,0,0,0,0,0,0,0,1,0,0,0,0,1,0,0,1,0,0
0.32511888815735074,0.28753188012724307,2.3619829150986935,270,-0.6990049600893694,1,0,0,0,0,0,0,0,0,0,0,0,1,0,0,0,1,0,0,0,1,0,0
-0.2988727314293461,0.28753188012724307,0.004363974572063373,248,-0.6990049600893694,1,0,0,0,0,0,1,0,0,0,0,0,0,0,0,0,0,1,0,0,1,0,0
0.32511888815735074,0.28753188012724307,0.4681578645117282,276,-0.6990049600893694,1,0,0,0,0,0,1,0,0,0,0,0,0,0,0,0,0,1,0,0,1,0,0
0.32511888815735074,0.28753188012724307,0.27491041037020103,264,-0.6990049600893694,1,0,0,0,0,0,1,0,0,0,0,0,0,0,0,0,0,1,0,0,0,0,0
0.32511888815735074,0.28753188012724307,1.8981890251590285,251,-0.6990049600893694,1,0,0,0,0,0,1,0,0,0,0,0,0,0,0,0,1,0,0,0,0,0,0
1.4951031748824075,1.4596839789453286,0.9706012452796989,306,-0.6990049600893694,1,0,0,0,0,0,1,0,0,0,0,0,0,0,0,0,0,1,0,0,1,0,0
1.4951031748824075,1.4596839789453286,2.7484778233817475,286,-0.6990049600893694,1,0,0,0,0,0,1,0,0,0,0,0,0,0,0,0,1,0,0,0,1,0,0
-0.2988727314293461,0.28753188012724307,0.4681578645117282,276,-0.6990049600893694,1,0,0,0,0,0,1,0,0,0,0,0,0,0,0,0,0,1,0,0,1,0,0
0.32511888815735074,0.28753188012724307,0.6614053186532552,288,-0.6990049600893694,1,0,0,0,0,0,1,0,0,0,0,0,0,0,0,0,0,1,0,0,1,0,0
0.32511888815735074,0.28753188012724307,0.62275582782495,285,-0.6990049600893694,1,0,0,0,0,0,1,0,0,0,0,0,0,0,0,0,0,1,0,0,0,0,0
0.32511888815735074,0.28753188012724307,2.323333424270389,269,-0.6990049600893694,1,0,0,0,0,0,1,0,0,0,0,0,0,0,0,0,1,0,0,0,0,0,0
1.4951031748824075,1.4596839789453286,1.2024981902495313,320,-0.6990049600893694,1,0,0,0,0,0,1,0,0,0,0,0,0,0,0,0,0,1,0,0,1,0,0
-1.1568612083610545,-0.8846202186908425,-1.2324197319337105,175,-0.6990049600893694,0,0,0,0,0,0,0,0,0,0,1,0,0,0,0,0,0,1,0,0,1,0,0
-1.1568612083610545,-0.8846202186908425,-1.2324197319337105,175,-1.532323450323326,0,0,0,0,0,0,0,0,0,0,1,0,0,0,0,0,0,1,0,0,0,0,1
-1.6248549230510774,-1.4706962680998854,-1.6189146402167647,152,-1.532323450323326,0,0,0,0,0,0,0,0,0,0,1,0,0,0,0,0,0,1,0,0,0,0,1
-1.1568612083610545,-0.8846202186908425,-1.3097187135903212,170,-0.6990049600893694,0,0,0,0,0,0,0,0,0,0,1,0,0,0,0,0,0,1,0,0,1,0,0
-1.1568612083610545,-0.8846202186908425,-1.0778217686204887,184,-0.6990049600893694,0,0,0,0,0,0,0,0,0,0,1,0,0,0,0,0,0,1,0,0,0,0,1
0.32511888815735074,0.28753188012724307,0.31355990119850635,267,-0.6990049600893694,1,0,0,0,0,0,0,0,0,0,0,0,1,0,0,0,0,1,0,0,1,0,0
0.32511888815735074,0.28753188012724307,0.5068073553400334,278,-0.6990049600893694,1,0,0,0,0,0,0,0,0,0,0,0,1,0,0,0,0,1,0,0,1,0,0
0.32511888815735074,0.28753188012724307,0.7773537911381718,294,-0.6990049600893694,1,0,0,0,0,0,0,0,0,0,0,0,1,0,0,0,0,1,0,0,1,0,0
-1.6248549230510774,-1.4706962680998854,-1.4256671860752377,163,-0.6990049600893694,0,0,0,0,0,0,0,0,0,0,0,0,0,0,0,0,0,1,0,0,0,0,1
-0.844865398567706,-0.8846202186908425,-0.7299763511657398,205,-0.6990049600893694,0,0,0,0,0,0,0,0,0,0,0,0,0,0,0,0,0,1,0,0,0,0,1
-0.844865398567706,-0.8846202186908425,-1.193770241105405,177,-0.6990049600893694,0,0,0,0,0,0,0,0,0,0,0,0,0,0,0,0,0,1,0,1,0,0,0
-0.844865398567706,-0.8846202186908425,-0.15023398874115845,166,-0.6990049600893694,0,0,0,0,0,0,0,0,0,0,0,0,0,0,0,0,1,0,0,1,0,0,0
-0.844865398567706,-0.8846202186908425,-1.1551207502770997,179,-0.6990049600893694,0,0,0,0,0,0,0,0,0,0,0,0,0,0,0,0,0,1,0,0,1,0,0
-0.844865398567706,-0.8846202186908425,-0.07293500708454788,170,-0.6990049600893694,0,0,0,0,0,0,0,0,0,0,0,0,0,0,0,0,1,0,0,0,1,0,0
-0.844865398567706,-0.8846202186908425,-1.0391722777921835,186,-1.532323450323326,0,0,0,0,0,0,0,0,0,0,0,0,0,0,0,0,0,1,0,0,0,0,1
-0.844865398567706,-0.8846202186908425,0.043013465400368656,174,-1.532323450323326,0,0,0,0,0,0,0,0,0,0,0,0,0,0,0,0,1,0,0,0,0,0,1
-1.2348601608093916,-0.8846202186908425,-0.9232238053072669,193,-0.6990049600893694,0,0,1,0,0,0,0,0,0,0,0,0,0,0,0,0,0,1,0,0,1,0,0
-1.2348601608093916,-0.8846202186908425,-1.0778217686204887,184,-0.6990049600893694,0,0,1,0,0,0,0,0,0,0,0,0,0,0,0,0,0,1,0,0,1,0,0
-0.844865398567706,-0.8846202186908425,-0.7299763511657398,205,-0.6990049600893694,0,0,1,0,0,0,0,0,0,0,0,0,0,0,0,0,0,1,0,0,1,0,0
-0.4548706363260205,-0.8846202186908425,-0.7299763511657398,205,-0.6990049600893694,0,0,1,0,0,0,0,0,0,0,0,0,0,0,0,0,0,1,0,0,1,0,0
-0.844865398567706,-0.8846202186908425,-0.5753783878525179,214,-0.6990049600893694,0,0,1,0,0,0,0,0,0,0,0,0,0,0,0,0,0,1,0,0,1,0,0
-0.844865398567706,-0.8846202186908425,-2.044059039328124,126,-0.6990049600893694,0,0,1,0,0,0,0,0,0,0,0,0,0,0,0,0,0,1,0,0,0,1,0
-0.6108685412226948,-0.8846202186908425,-0.5367288970242127,216,-0.6990049600893694,0,0,0,0,0,0,0,0,0,0,1,0,0,0,0,0,0,1,0,0,1,0,0
-0.6108685412226948,-0.8846202186908425,-0.614027878680824,212,-0.6990049600893694,0,0,0,0,0,0,0,0,0,0,1,0,0,0,0,0,0,1,0,0,0,0,1
0.4811167930540251,0.28753188012724307,-0.0342855162562426,246,-0.6990049600893694,1,0,0,0,0,0,0,0,0,0,1,0,0,0,0,0,0,1,0,0,1,0,0
0.4811167930540251,0.28753188012724307,0.1589619378852845,258,-0.6990049600893694,1,0,0,0,0,0,0,0,0,0,1,0,0,0,0,0,0,1,0,0,0,0,1
1.4951031748824075,1.4596839789453286,0.62275582782495,285,-0.6990049600893694,1,0,0,0,0,0,0,0,0,0,1,0,0,0,0,0,0,1,0,0,1,0,0
1.4951031748824075,1.4596839789453286,0.6614053186532552,288,-0.6990049600893694,1,0,0,0,0,0,0,0,0,0,1,0,0,0,0,0,0,1,0,0,0,0,1
-0.6108685412226948,-0.8846202186908425,-0.34348144288268556,228,-0.6990049600893694,0,0,0,0,0,0,0,0,0,0,1,0,0,0,0,0,0,1,0,0,1,0,0
1.4951031748824075,1.4596839789453286,0.8546527727947824,299,-0.6990049600893694,1,0,0,0,0,0,0,0,0,0,1,0,0,0,0,0,0,1,0,0,1,0,0
0.32511888815735074,0.28753188012724307,1.5116941168759743,338,-0.6990049600893694,1,0,0,0,0,0,0,0,0,0,0,0,0,0,0,1,0,1,0,0,1,0,0
0.4811167930540251,0.28753188012724307,1.5503436077042803,340,-0.6990049600893694,1,0,0,0,0,0,0,0,0,0,0,0,0,0,0,1,0,1,0,0,1,0,0
-0.844865398567706,-0.8846202186908425,-0.6526773695091292,209,-0.6990049600893694,0,1,0,0,0,0,0,0,0,0,0,0,0,0,0,0,0,1,0,0,1,0,0
0.32511888815735074,0.28753188012724307,0.4295083736834229,274,-0.6990049600893694,1,1,0,0,0,0,0,0,0,0,0,0,0,0,0,0,0,1,0,0,1,0,0
0.32511888815735074,0.28753188012724307,-0.15023398874115845,239,-0.6990049600893694,0,1,0,0,0,0,0,0,0,0,0,0,0,0,0,0,0,1,0,0,1,0,0
0.32511888815735074,0.28753188012724307,1.5116941168759743,235,-0.6990049600893694,0,1,0,0,0,0,0,0,0,0,0,0,0,0,0,0,1,0,0,0,1,0,0
0.32511888815735074,0.28753188012724307,0.1976114287135905,260,-0.6990049600893694,1,1,0,0,0,0,0,0,0,0,0,0,0,0,0,0,0,1,0,0,1,0,0
0.32511888815735074,0.28753188012724307,2.014137497643945,256,-0.6990049600893694,1,1,0,0,0,0,0,0,0,0,0,0,0,0,0,0,1,0,0,0,1,0,0
-1.1568612083610545,-0.8846202186908425,-0.5367288970242127,216,-0.6990049600893694,0,0,0,0,0,0,0,1,0,0,0,0,0,0,0,0,0,1,0,0,1,0,0
-0.4548706363260205,-0.8846202186908425,-0.34348144288268556,228,-0.6990049600893694,0,0,0,0,0,0,0,1,0,0,0,0,0,0,0,0,0,1,0,0,1,0,0
-0.4548706363260205,-0.8846202186908425,-0.2275329703977697,235,-0.6990049600893694,0,0,0,0,0,0,0,1,0,0,0,0,0,0,0,0,0,1,0,0,1,0,0
-0.4548706363260205,-0.8846202186908425,-0.15023398874115845,239,-0.6990049600893694,0,0,0,0,0,0,0,1,0,0,0,0,0,0,0,0,0,1,0,0,1,0,0
0.40311784060568795,0.28753188012724307,0.5841063369966447,283,-0.6990049600893694,1,0,0,0,0,0,0,0,0,0,0,0,1,0,0,0,0,1,0,0,0,0,0
0.40311784060568795,0.28753188012724307,0.7000548094815605,290,-0.6990049600893694,1,0,0,0,0,0,0,0,0,0,0,0,1,0,0,0,0,1,0,0,0,0,0
-0.4548706363260205,-0.8846202186908425,-0.11158449791285317,242,-0.6990049600893694,0,0,0,0,0,1,0,0,0,0,0,0,0,0,0,0,0,1,0,0,0,0,0
-0.4548706363260205,-0.8846202186908425,0.004363974572063373,248,-0.6990049600893694,1,0,0,0,0,1,0,0,0,0,0,0,0,0,0,0,0,1,0,0,0,0,1
0.40311784060568795,0.28753188012724307,0.1976114287135905,260,-0.6990049600893694,1,0,0,0,0,1,0,0,0,0,0,0,0,0,0,0,0,1,0,0,0,0,0
-0.4548706363260205,-0.8846202186908425,0.1976114287135905,260,-0.6990049600893694,1,0,0,0,0,1,0,0,0,0,0,0,0,0,0,0,0,1,0,0,0,0,0
0.40311784060568795,0.28753188012724307,0.3908588828551176,271,-0.6990049600893694,1,0,0,0,0,1,0,0,0,0,0,0,0,0,0,0,0,1,0,0,0,0,0
0.9491105077440476,0.28753188012724307,0.4295083736834229,274,-0.6990049600893694,1,0,0,0,0,0,1,0,0,0,0,0,0,0,0,0,0,1,0,0,0,0,0
0.9491105077440476,0.28753188012724307,2.4392818967553054,274,-0.6990049600893694,1,0,0,0,0,0,1,0,0,0,0,0,0,0,0,0,1,0,0,0,0,0,0
1.7291000322274188,1.4596839789453286,2.47793138758361,275,-0.6990049600893694,1,0,0,0,0,0,1,0,0,0,0,0,0,0,0,0,1,0,0,0,0,0,0
2.431090604262453,1.4596839789453286,1.2411476810778366,322,0.9676320203785437,1,0,0,0,0,0,1,0,0,0,0,0,0,0,0,0,0,0,1,0,0,0,0
0.9491105077440476,0.28753188012724307,0.6614053186532552,288,-0.6990049600893694,1,0,0,0,0,0,1,0,0,0,0,0,0,0,0,0,0,1,0,0,0,0,0
0.9491105077440476,0.28753188012724307,2.7871273142100534,288,-0.6990049600893694,1,0,0,0,0,0,1,0,0,0,0,0,0,0,0,0,1,0,0,0,0,0,0
1.7291000322274188,1.4596839789453286,0.8546527727947824,299,-0.6990049600893694,1,0,0,0,0,0,1,0,0,0,0,0,0,0,0,0,0,1,0,0,0,0,0
1.7291000322274188,1.4596839789453286,2.5938798600685264,280,-0.6990049600893694,1,0,0,0,0,0,1,0,0,0,0,0,0,0,0,0,1,0,0,0,0,0,0
2.431090604262453,1.4596839789453286,1.318446662734447,327,0.9676320203785437,1,0,0,0,0,0,1,0,0,0,0,0,0,0,0,0,0,0,1,0,0,0,0
-0.5328695887743576,-0.8846202186908425,-0.6526773695091292,209,-0.6990049600893694,0,0,0,0,0,0,0,0,0,0,0,1,0,0,0,0,0,1,0,0,0,0,0
-0.5328695887743576,-0.8846202186908425,1.0092507361080043,214,-0.6990049600893694,0,0,0,0,0,0,0,0,0,0,0,1,0,0,0,0,1,0,0,0,0,0,0
0.40311784060568795,0.28753188012724307,0.5068073553400334,278,-0.6990049600893694,1,0,0,0,0,0,0,0,0,0,0,1,0,0,0,0,0,1,0,0,0,0,0
1.7291000322274188,1.4596839789453286,0.7387043003098659,292,-0.6990049600893694,1,0,0,0,0,0,0,0,0,0,0,0,1,0,0,0,0,1,0,0,0,0,0
1.7291000322274188,1.4596839789453286,2.47793138758361,275,-0.6990049600893694,1,0,0,0,0,0,0,0,0,0,0,0,1,0,0,0,1,0,0,0,0,0,0
1.7291000322274188,1.4596839789453286,0.8546527727947824,299,-0.6990049600893694,1,0,0,0,0,0,0,0,0,0,0,0,1,0,0,0,0,1,0,0,0,0,0
1.7291000322274188,1.4596839789453286,2.6325293508968324,282,-0.6990049600893694,1,0,0,0,0,0,0,0,0,0,0,0,1,0,0,0,1,0,0,0,0,0,0
2.431090604262453,1.4596839789453286,1.2411476810778366,322,-0.6990049600893694,1,0,0,0,0,0,0,0,0,0,0,0,1,0,0,0,0,0,1,0,0,0,0
2.431090604262453,1.4596839789453286,1.163848699421226,317,0.9676320203785437,1,0,0,0,0,0,0,0,0,0,0,0,1,0,0,0,0,0,1,0,0,0,0
1.7291000322274188,1.4596839789453286,0.7387043003098659,292,-0.6990049600893694,1,0,0,0,0,0,0,0,0,0,0,0,1,0,0,0,0,1,0,0,0,0,0
1.7291000322274188,1.4596839789453286,2.47793138758361,275,-0.6990049600893694,1,0,0,0,0,0,0,0,0,0,0,0,1,0,0,0,1,0,0,0,0,0,0
1.7291000322274188,1.4596839789453286,0.9706012452796989,306,-0.6990049600893694,1,0,0,0,0,0,0,0,0,0,0,0,1,0,0,0,0,1,0,0,0,0,0
2.431090604262453,1.4596839789453286,1.4343951352193638,334,-0.6990049600893694,1,0,0,0,0,0,0,0,0,0,0,0,1,0,0,0,0,0,1,0,0,0,0
2.431090604262453,1.4596839789453286,1.3570961535627533,329,0.9676320203785437,1,0,0,0,0,0,0,0,0,0,0,0,1,0,0,0,0,0,1,0,0,0,0
-0.5328695887743576,-0.8846202186908425,-1.1551207502770997,179,-0.6990049600893694,0,0,1,0,0,0,0,0,0,0,0,0,0,0,0,0,0,1,0,0,0,1,0
-0.5328695887743576,-0.8846202186908425,-1.0778217686204887,184,0.1343135301445871,0,0,1,0,0,0,0,0,0,0,0,0,0,0,0,0,0,1,0,0,0,1,0
0.32511888815735074,0.28753188012724307,-0.4980794061959074,219,-0.6990049600893694,0,0,1,0,0,0,0,0,0,0,0,0,0,0,0,0,0,1,0,0,1,0,0
-0.844865398567706,-0.8846202186908425,-2.2373064934696516,115,-0.6990049600893694,0,0,1,0,0,0,0,0,0,0,0,0,0,0,0,0,0,1,0,0,0,1,0
-1.0008633034643803,-0.8846202186908425,-1.4256671860752377,163,-0.6990049600893694,0,0,0,0,0,0,0,0,0,0,0,0,0,0,0,0,0,1,0,0,0,1,0
-1.0008633034643803,-0.8846202186908425,-1.193770241105405,177,-1.532323450323326,0,0,0,0,0,0,0,0,0,0,0,0,0,0,0,0,0,1,0,0,0,0,1
-0.5328695887743576,-0.8846202186908425,-0.5367288970242127,216,-0.6990049600893694,0,0,0,0,0,0,0,0,0,0,0,0,0,0,0,0,0,0,1,0,0,0,1
-1.2348601608093916,-0.8846202186908425,-2.1600075118130406,120,-0.6990049600893694,0,0,0,0,0,0,0,0,0,0,0,0,0,0,0,0,0,1,0,0,0,1,0
-0.5328695887743576,-0.8846202186908425,-1.1551207502770997,179,-0.6990049600893694,0,0,0,0,0,0,0,0,0,0,0,1,0,0,0,0,0,1,0,0,0,1,0
-0.5328695887743576,-0.8846202186908425,-0.9618732961355722,191,-0.6990049600893694,0,0,0,0,0,0,0,0,0,0,0,1,0,0,0,0,0,1,0,0,0,1,0
-1.2348601608093916,-0.8846202186908425,-1.6962136218733754,147,-0.6990049600893694,0,0,0,0,0,0,0,0,0,1,0,0,0,0,0,0,0,1,0,0,0,1,0
-1.2348601608093916,-0.8846202186908425,-1.541615658560154,156,0.1343135301445871,0,0,0,0,0,0,0,0,0,1,0,0,0,0,0,0,0,1,0,0,0,1,0
-1.2348601608093916,-0.8846202186908425,-1.3483682044186267,168,-0.6990049600893694,0,0,0,0,0,0,0,0,0,1,0,0,0,0,0,0,0,1,0,0,0,0,1
0.32511888815735074,0.28753188012724307,0.27491041037020103,264,-1.532323450323326,1,0,0,0,0,0,0,0,0,0,0,1,0,0,0,0,0,1,0,0,0,0,0
0.32511888815735074,0.28753188012724307,0.4681578645117282,276,-1.532323450323326,1,0,0,0,0,0,0,0,0,0,0,1,0,0,0,0,0,1,0,0,0,0,0
-1.1568612083610545,-0.8846202186908425,-1.193770241105405,177,-0.6990049600893694,0,0,0,0,0,0,0,0,0,0,0,0,0,0,0,0,0,1,0,0,1,0,0
-1.1568612083610545,-0.8846202186908425,-1.2324197319337105,175,-0.6990049600893694,0,0,0,0,0,0,0,0,0,0,0,0,0,0,0,0,0,1,0,0,0,0,1
-1.0008633034643803,-0.8846202186908425,-1.271069222762016,172,-0.6990049600893694,0,0,1,0,0,0,0,0,0,0,0,0,0,0,0,0,0,1,0,0,1,0,0
-1.0008633034643803,-0.8846202186908425,-1.193770241105405,177,-0.6990049600893694,0,0,1,0,0,0,0,0,0,0,0,0,0,0,0,0,0,1,0,0,0,0,1
-0.844865398567706,-0.8846202186908425,-0.9618732961355722,191,-0.6990049600893694,0,0,1,0,0,0,0,0,0,0,0,0,0,0,0,0,0,1,0,0,1,0,0
-0.844865398567706,-0.8846202186908425,-0.8845743144789616,196,-0.6990049600893694,0,0,1,0,0,0,0,0,0,0,0,0,0,0,0,0,0,1,0,0,0,0,1
-0.844865398567706,-0.8846202186908425,-0.9618732961355722,191,-0.6990049600893694,0,0,1,0,0,0,0,0,0,0,0,0,0,0,0,0,0,1,0,0,1,0,0
-0.844865398567706,-0.8846202186908425,-0.9618732961355722,191,-0.6990049600893694,0,0,1,0,0,0,0,0,0,0,0,0,0,0,0,0,0,1,0,0,0,0,1
-0.844865398567706,-0.8846202186908425,-0.8459248236506564,198,-0.6990049600893694,0,0,1,0,0,0,0,0,0,0,0,0,0,0,0,0,0,1,0,0,1,0,0
-0.844865398567706,-0.8846202186908425,-0.8845743144789616,196,-0.6990049600893694,0,0,1,0,0,0,0,0,0,0,0,0,0,0,0,0,0,1,0,0,0,0,1
1.4951031748824075,1.4596839789453286,0.9706012452796989,306,0.9676320203785437,1,1,0,0,0,0,0,0,0,0,0,0,0,0,0,0,0,0,1,0,1,0,0
0.559115745502362,0.28753188012724307,0.5068073553400334,278,0.9676320203785437,1,1,0,0,0,0,0,0,0,0,0,0,0,0,0,0,0,1,0,0,1,0,0
1.4951031748824075,1.4596839789453286,1.318446662734447,327,0.9676320203785437,1,1,0,0,0,0,0,0,0,0,0,0,0,0,0,0,0,0,1,0,1,0,0
0.559115745502362,0.28753188012724307,0.5841063369966447,283,0.9676320203785437,1,0,0,0,0,0,0,0,0,0,1,0,0,0,0,0,0,0,1,0,1,0,0
0.559115745502362,0.28753188012724307,0.62275582782495,285,-0.6990049600893694,1,0,0,0,0,0,0,0,0,0,1,0,0,0,0,0,0,0,1,0,0,0,1
0.16912098326067637,0.28753188012724307,0.1976114287135905,260,-0.6990049600893694,1,0,0,0,0,0,0,0,0,0,0,1,0,0,0,0,0,1,0,0,1,0,0
0.16912098326067637,0.28753188012724307,0.27491041037020103,264,-0.6990049600893694,1,0,0,0,0,0,0,0,0,0,0,1,0,0,0,0,0,1,0,0,1,0,0
-0.5328695887743576,-0.8846202186908425,-0.18888347956946375,237,-0.6990049600893694,0,0,0,0,0,0,0,0,0,0,0,1,0,0,0,0,0,1,0,0,1,0,0
-0.844865398567706,-0.8846202186908425,0.27491041037020103,264,-0.6990049600893694,1,0,0,0,0,0,0,0,0,0,0,1,0,0,0,0,0,1,0,0,1,0,0
-0.5328695887743576,-0.8846202186908425,0.12031244705697923,255,-0.6990049600893694,1,0,0,0,0,0,0,0,0,0,0,1,0,0,0,0,0,1,0,0,1,0,0
0.16912098326067637,0.28753188012724307,0.6614053186532552,287,-0.6990049600893694,1,0,0,0,0,0,0,0,0,0,0,1,0,0,0,0,0,1,0,0,1,0,0
-0.844865398567706,-0.8846202186908425,-0.6526773695091292,209,-0.6990049600893694,0,1,0,0,0,0,0,0,0,0,0,0,0,0,0,0,0,1,0,0,1,0,0
-0.5328695887743576,-0.8846202186908425,-0.9232238053072669,193,-0.6990049600893694,0,1,0,0,0,0,0,0,0,0,0,0,0,0,0,0,0,1,0,0,1,0,0
-0.5328695887743576,-0.8846202186908425,-0.9232238053072669,193,-0.6990049600893694,0,1,0,0,0,0,0,0,0,0,0,0,0,0,0,0,0,1,0,0,1,0,0
-0.5328695887743576,-0.8846202186908425,-1.734863112701681,145,-0.6990049600893694,0,0,1,0,0,0,0,0,0,0,0,0,0,0,0,0,0,1,0,0,1,0,0
-0.844865398567706,-0.8846202186908425,-0.5753783878525179,214,-0.6990049600893694,0,0,0,0,0,0,0,0,0,0,0,1,0,0,0,0,0,1,0,0,1,0,0
-0.844865398567706,-0.8846202186908425,-0.266182461226075,232,-0.6990049600893694,0,0,0,0,0,0,0,0,0,0,0,1,0,0,0,0,0,1,0,0,0,0,1
-0.5328695887743576,-0.8846202186908425,-0.3048319520543803,230,-0.6990049600893694,0,0,0,0,0,0,0,0,0,0,0,1,0,0,0,0,0,1,0,0,1,0,0
-0.844865398567706,-0.8846202186908425,-0.15023398874115845,239,-0.6990049600893694,0,0,0,0,0,0,0,0,0,0,0,1,0,0,0,0,0,1,0,0,1,0,0
-0.5328695887743576,-0.8846202186908425,-0.07293500708454788,244,-0.6990049600893694,0,0,0,0,0,0,0,0,0,0,0,1,0,0,0,0,0,1,0,0,1,0,0
-1.1568612083610545,-0.8846202186908425,-1.0778217686204887,184,-0.6990049600893694,0,0,0,0,0,0,0,0,0,0,0,0,0,0,0,0,0,1,0,0,0,0,1
-1.1568612083610545,-0.8846202186908425,-0.768625841994045,202,-0.6990049600893694,0,0,0,0,0,0,0,0,0,0,0,0,0,0,0,0,0,1,0,0,1,0,0
-1.1568612083610545,-0.8846202186908425,-0.8845743144789616,196,-0.6990049600893694,0,0,0,0,0,0,0,0,0,0,0,0,0,0,0,0,0,1,0,0,0,0,1
0.4811167930540251,0.28753188012724307,-0.18888347956946375,237,0.1343135301445871,0,0,1,0,0,0,0,0,0,0,0,0,0,0,0,0,0,0,1,0,1,0,0
0.4811167930540251,0.28753188012724307,0.004363974572063373,248,0.1343135301445871,1,0,1,0,0,0,0,0,0,0,0,0,0,0,0,0,0,0,1,0,1,0,0
0.4811167930540251,0.28753188012724307,-0.0342855162562426,246,0.1343135301445871,1,0,0,0,0,0,0,0,0,0,1,0,0,0,0,0,0,0,1,0,1,0,0
0.4811167930540251,0.28753188012724307,0.31355990119850635,267,-0.6990049600893694,1,0,0,0,0,0,0,0,0,0,1,0,0,0,0,0,0,0,1,0,0,0,1
0.4811167930540251,0.28753188012724307,0.27491041037020103,264,0.1343135301445871,1,0,0,0,0,0,0,0,0,0,1,0,0,0,0,0,0,0,1,0,1,0,0
1.9630968895724301,1.4596839789453286,0.62275582782495,285,0.1343135301445871,1,0,1,0,0,0,0,0,0,0,0,0,0,0,0,0,0,0,1,0,1,0,0
1.9630968895724301,1.4596839789453286,0.8160032819664771,297,0.1343135301445871,1,0,1,0,0,0,0,0,0,0,0,0,0,0,0,0,0,0,1,0,1,0,0
0.32511888815735074,0.28753188012724307,-1.271069222762016,172,0.1343135301445871,0,0,1,0,0,0,0,0,0,0,0,0,0,0,0,0,0,0,1,0,1,0,0
0.4811167930540251,0.28753188012724307,0.4295083736834229,274,0.1343135301445871,1,0,0,0,0,0,0,0,0,1,0,0,0,0,0,0,0,0,1,0,1,0,0
0.32511888815735074,0.28753188012724307,-0.266182461226075,232,0.1343135301445871,0,0,0,0,0,0,0,0,0,0,0,1,0,0,0,0,0,0,1,0,0,1,0
0.32511888815735074,0.28753188012724307,-0.0342855162562426,246,0.1343135301445871,1,0,0,0,0,0,0,0,0,0,0,1,0,0,0,0,0,0,1,0,0,1,0
-0.4548706363260205,-0.8846202186908425,-0.8072753328223511,200,0.1343135301445871,0,0,0,0,0,0,0,0,0,0,0,0,1,0,0,0,0,1,0,0,0,1,0
0.4811167930540251,0.28753188012724307,0.7773537911381718,294,0.1343135301445871,1,0,0,0,0,0,0,0,0,0,0,1,0,0,0,0,0,0,1,0,1,0,0
1.9630968895724301,1.4596839789453286,1.5116941168759743,338,0.1343135301445871,1,0,0,0,0,0,0,0,0,0,0,0,1,0,0,0,0,0,1,0,1,0,0
-0.06487587408433486,0.28753188012724307,-0.18888347956946375,237,0.9676320203785437,0,0,0,0,0,0,0,0,0,0,0,0,0,1,0,0,0,0,1,0,1,0,0
-0.06487587408433486,0.28753188012724307,-0.07293500708454788,244,0.9676320203785437,0,0,0,0,0,0,0,0,0,0,0,0,0,1,0,0,0,0,1,0,1,0,0
1.4951031748824075,1.4596839789453286,0.7773537911381718,294,0.9676320203785437,1,0,0,0,0,0,0,0,0,0,0,0,0,1,0,0,0,0,1,0,1,0,0
-0.06487587408433486,0.28753188012724307,0.31355990119850635,267,0.9676320203785437,1,0,1,0,0,0,0,0,0,0,0,0,0,0,0,0,0,0,1,0,1,0,0
1.4951031748824075,1.4596839789453286,0.931951754451393,304,0.9676320203785437,1,0,1,0,0,0,0,0,0,0,0,0,0,0,0,0,0,0,1,0,1,0,0
1.4951031748824075,1.4596839789453286,0.931951754451393,304,0.9676320203785437,1,0,1,0,0,0,0,0,0,0,0,0,0,0,0,0,0,0,1,0,1,0,0
-0.06487587408433486,0.28753188012724307,0.6614053186532552,288,0.9676320203785437,1,1,0,0,0,0,0,0,0,0,0,0,0,0,0,0,0,0,1,0,1,0,0
1.4951031748824075,1.4596839789453286,1.0865497177646148,313,-0.6990049600893694,1,0,0,1,0,0,0,0,0,0,0,0,0,0,0,0,0,0,1,0,1,0,0
1.4951031748824075,1.4596839789453286,1.0092507361080043,308,-0.6990049600893694,1,0,0,1,0,0,0,0,0,0,0,0,0,0,0,0,0,0,1,0,1,0,0
1.4951031748824075,1.4596839789453286,1.0865497177646148,313,-0.6990049600893694,1,0,0,1,0,0,0,0,0,0,0,0,0,0,0,0,0,0,1,0,1,0,0
1.4951031748824075,1.4596839789453286,1.0092507361080043,308,-0.6990049600893694,1,0,0,1,0,0,0,0,0,0,0,0,0,0,0,0,0,0,1,0,1,0,0
-0.5328695887743576,-0.8846202186908425,-0.4980794061959074,218,1.8009505106125,0,0,0,0,0,0,0,0,0,0,0,1,0,0,0,0,0,1,0,0,0,0,0
-0.5328695887743576,-0.8846202186908425,0.8160032819664771,206,1.8009505106125,0,0,0,0,0,0,0,0,0,0,0,1,0,0,0,0,1,0,0,0,0,0,0
0.09112203081233952,0.28753188012724307,-0.34348144288268556,228,1.8009505106125,0,0,0,0,0,0,0,0,0,0,0,1,0,0,0,0,0,1,0,0,0,0,0
-0.5328695887743576,-0.8846202186908425,-0.3048319520543803,230,1.8009505106125,0,0,0,0,0,0,0,0,0,0,0,1,0,0,0,0,0,1,0,0,0,0,0
-0.5328695887743576,-0.8846202186908425,1.12519920859292,219,1.8009505106125,0,0,0,0,0,0,0,0,0,0,0,1,0,0,0,0,1,0,0,0,0,0,0
0.09112203081233952,0.28753188012724307,-0.2275329703977697,235,1.8009505106125,0,0,0,0,0,0,0,0,0,0,0,1,0,0,0,0,0,1,0,0,0,0,0
0.09112203081233952,0.28753188012724307,0.043013465400368656,251,1.8009505106125,1,0,0,0,0,0,0,0,0,0,0,1,0,0,0,0,0,1,0,0,0,0,0
0.09112203081233952,0.28753188012724307,0.004363974572063373,248,1.8009505106125,1,0,0,0,0,0,0,0,0,0,0,1,0,0,0,0,0,1,0,0,0,0,0
-0.844865398567706,-0.8846202186908425,-0.614027878680824,212,-1.532323450323326,0,0,0,0,0,0,0,0,0,0,0,1,0,0,0,0,0,1,0,0,0,0,1
-0.5328695887743576,-0.8846202186908425,-0.3048319520543803,230,-0.6990049600893694,0,0,0,0,0,0,0,0,0,0,0,1,0,0,0,0,0,1,0,0,0,0,0
-0.5328695887743576,-0.8846202186908425,-0.5753783878525179,214,-1.532323450323326,0,0,0,0,0,0,0,0,0,0,0,1,0,0,0,0,0,1,0,0,0,0,1
-0.5328695887743576,-0.8846202186908425,-0.4207804245392968,223,-1.532323450323326,0,0,0,0,0,0,0,0,0,0,0,1,0,0,0,0,0,1,0,0,0,0,1
2.0410958420207677,1.4596839789453286,1.5116941168759743,338,0.9676320203785437,1,0,0,0,0,0,0,0,0,0,0,0,1,0,0,0,0,1,0,0,0,0,0
-0.844865398567706,-0.8846202186908425,-0.614027878680824,212,-1.532323450323326,0,0,0,0,0,0,0,0,0,0,0,1,0,0,0,0,0,1,0,0,0,0,1
-0.5328695887743576,-0.8846202186908425,-0.3048319520543803,230,-0.6990049600893694,0,0,0,0,0,0,0,0,0,0,0,1,0,0,0,0,0,1,0,0,0,0,0
-0.5328695887743576,-0.8846202186908425,-0.5753783878525179,214,-1.532323450323326,0,0,0,0,0,0,0,0,0,0,0,1,0,0,0,0,0,1,0,0,0,0,1
-0.5328695887743576,-0.8846202186908425,-0.4207804245392968,223,-1.532323450323326,0,0,0,0,0,0,0,0,0,0,0,1,0,0,0,0,0,1,0,0,0,0,1
-1.312859113257729,-0.8846202186908425,-0.768625841994045,202,-0.6990049600893694,0,0,0,0,0,0,0,0,0,0,0,1,0,0,0,0,0,1,0,0,0,0,1
-0.5328695887743576,-0.8846202186908425,-0.5367288970242127,216,1.8009505106125,0,0,0,0,0,0,0,0,0,0,0,1,0,0,0,0,0,1,0,0,0,0,0
-0.5328695887743576,-0.8846202186908425,0.5454568461683388,195,1.8009505106125,0,0,0,0,0,0,0,0,0,0,0,1,0,0,0,0,1,0,0,0,0,0,0
-1.312859113257729,-0.8846202186908425,-0.768625841994045,202,-0.6990049600893694,0,0,0,0,0,0,0,0,0,0,0,1,0,0,0,0,0,1,0,0,0,0,1
-0.5328695887743576,-0.8846202186908425,-0.3821309337109908,225,1.8009505106125,0,0,0,0,0,0,0,0,0,0,0,1,0,0,0,0,0,1,0,0,0,0,0
0.40311784060568795,0.28753188012724307,0.7773537911381718,294,-1.532323450323326,1,0,0,0,0,0,0,0,0,0,0,1,0,0,0,0,0,1,0,0,0,0,0
0.40311784060568795,0.28753188012724307,0.7773537911381718,294,-0.6990049600893694,1,0,0,0,0,0,0,0,0,0,0,1,0,0,0,0,0,1,0,0,0,0,1
0.40311784060568795,0.28753188012724307,1.0092507361080043,308,-1.532323450323326,1,0,0,0,0,0,0,0,0,0,0,1,0,0,0,0,0,1,0,0,0,0,0
0.40311784060568795,0.28753188012724307,1.0092507361080043,308,-0.6990049600893694,1,0,0,0,0,0,0,0,0,0,0,1,0,0,0,0,0,1,0,0,0,0,1
0.16912098326067637,0.28753188012724307,-0.0342855162562426,246,-0.6990049600893694,1,1,0,0,0,0,0,0,0,0,0,0,0,0,0,0,0,1,0,0,1,0,0
-1.0008633034643803,-0.8846202186908425,-1.2324197319337105,175,-0.6990049600893694,0,0,1,0,0,0,0,0,0,0,0,0,0,0,0,0,0,1,0,0,1,0,0
-1.0008633034643803,-0.8846202186908425,-1.116471259448794,182,-0.6990049600893694,0,0,1,0,0,0,0,0,0,0,0,0,0,0,0,0,0,1,0,0,0,0,1
-0.844865398567706,-0.8846202186908425,-0.9618732961355722,191,-0.6990049600893694,0,0,1,0,0,0,0,0,0,0,0,0,0,0,0,0,0,1,0,0,1,0,0
-0.844865398567706,-0.8846202186908425,-0.8845743144789616,196,-0.6990049600893694,0,0,1,0,0,0,0,0,0,0,0,0,0,0,0,0,0,1,0,0,0,0,1
-1.1568612083610545,-0.8846202186908425,-0.4207804245392968,223,-0.6990049600893694,0,1,0,0,0,0,0,0,0,0,0,0,0,0,0,0,0,1,0,0,1,0,0
-0.844865398567706,-0.8846202186908425,-0.8845743144789616,196,-0.6990049600893694,0,1,0,0,0,0,0,0,0,0,0,0,0,0,0,0,0,1,0,0,1,0,0
-0.844865398567706,-0.8846202186908425,-0.9232238053072669,193,-0.6990049600893694,0,1,0,0,0,0,0,0,0,0,0,0,0,0,0,0,0,1,0,0,0,0,1
-1.1568612083610545,-0.8846202186908425,-0.5367288970242127,216,-0.6990049600893694,0,0,0,0,0,0,0,0,0,0,0,0,0,0,0,0,0,1,0,0,1,0,0
-0.844865398567706,-0.8846202186908425,-0.8459248236506564,198,-0.6990049600893694,0,0,0,0,0,0,0,0,0,0,0,0,0,0,0,0,0,1,0,0,1,0,0
-0.844865398567706,-0.8846202186908425,-0.768625841994045,202,-0.6990049600893694,0,0,0,0,0,0,0,0,0,0,0,0,0,0,0,0,0,1,0,0,0,0,1
0.559115745502362,0.28753188012724307,0.1976114287135905,260,0.9676320203785437,1,1,0,0,0,0,0,0,0,0,0,0,0,0,0,0,0,1,0,0,1,0,0
1.4951031748824075,1.4596839789453286,0.9706012452796989,306,0.9676320203785437,1,1,0,0,0,0,0,0,0,0,0,0,0,0,0,0,0,0,1,0,1,0,0
-0.844865398567706,-0.8846202186908425,-0.34348144288268556,228,-0.6990049600893694,0,0,1,0,0,0,0,0,0,0,0,0,0,0,0,0,0,1,0,0,1,0,0
-0.5328695887743576,-0.8846202186908425,-0.8072753328223511,200,-0.6990049600893694,0,0,1,0,0,0,0,0,0,0,0,0,0,0,0,0,0,1,0,0,1,0,0
-0.5328695887743576,-0.8846202186908425,-1.734863112701681,145,-0.6990049600893694,0,0,1,0,0,0,0,0,0,0,0,0,0,0,0,0,0,1,0,0,1,0,0
-0.5328695887743576,-0.8846202186908425,-1.6962136218733754,147,-0.6990049600893694,0,0,1,0,0,0,0,0,0,0,0,0,0,0,0,0,0,1,0,0,1,0,0
-1.1568612083610545,-0.8846202186908425,-1.193770241105405,177,-0.6990049600893694,0,0,0,0,0,0,0,0,0,0,0,0,0,0,0,0,0,1,0,0,1,0,0
-1.1568612083610545,-0.8846202186908425,-1.2324197319337105,175,-0.6990049600893694,0,0,0,0,0,0,0,0,0,0,0,0,0,0,0,0,0,1,0,0,1,0,0
-0.844865398567706,-0.8846202186908425,-0.5753783878525179,214,-0.6990049600893694,0,0,0,0,0,0,0,0,1,0,0,0,0,0,0,0,0,1,0,0,1,0,0
0.16912098326067637,0.28753188012724307,0.31355990119850635,267,-0.6990049600893694,1,0,0,0,1,0,0,0,0,0,0,0,0,0,0,0,0,1,0,0,1,0,0
0.16912098326067637,0.28753188012724307,0.23626091954189576,262,-0.6990049600893694,1,0,0,0,1,0,0,0,0,0,0,0,0,0,0,0,0,1,0,0,1,0,0
0.16912098326067637,0.28753188012724307,0.6614053186532552,288,-0.6990049600893694,1,0,0,0,1,0,0,0,0,0,0,0,0,0,0,0,0,1,0,0,1,0,0
-0.5328695887743576,-0.8846202186908425,-0.15023398874115845,239,-0.6990049600893694,0,0,0,0,0,0,0,0,0,0,0,1,0,0,0,0,0,1,0,0,1,0,0
0.16912098326067637,0.28753188012724307,0.12031244705697923,255,-0.6990049600893694,1,0,0,0,0,0,0,0,0,0,0,1,0,0,0,0,0,1,0,0,1,0,0
-0.5328695887743576,-0.8846202186908425,0.043013465400368656,251,-0.6990049600893694,1,0,0,0,0,0,0,0,0,0,0,1,0,0,0,0,0,1,0,0,1,0,0
0.16912098326067637,0.28753188012724307,0.3908588828551176,271,-0.6990049600893694,1,0,0,0,0,0,0,0,0,0,0,1,0,0,0,0,0,1,0,0,1,0,0
-1.1568612083610545,-0.8846202186908425,-0.7299763511657398,205,-0.6990049600893694,0,0,0,0,0,0,0,0,0,1,0,0,0,0,0,0,0,1,0,0,1,0,0
-0.844865398567706,-0.8846202186908425,-0.6913268603374345,207,-0.6990049600893694,0,0,0,0,0,0,0,0,0,1,0,0,0,0,0,0,0,1,0,0,1,0,0
-0.844865398567706,-0.8846202186908425,-0.768625841994045,202,-0.6990049600893694,0,0,0,0,0,0,0,0,0,1,0,0,0,0,0,0,0,1,0,0,1,0,0
-0.5328695887743576,-0.8846202186908425,-0.3048319520543803,230,-0.6990049600893694,0,0,0,0,0,0,0,0,0,0,0,1,0,0,0,0,0,1,0,0,1,0,0
-0.5328695887743576,-0.8846202186908425,0.1976114287135905,260,-0.6990049600893694,1,0,0,0,0,0,0,0,0,0,0,1,0,0,0,0,0,1,0,0,0,0,1
-0.844865398567706,-0.8846202186908425,0.1976114287135905,260,-0.6990049600893694,1,0,0,0,0,0,0,0,0,0,0,1,0,0,0,0,0,1,0,0,1,0,0
-0.5328695887743576,-0.8846202186908425,-0.0342855162562426,246,-0.6990049600893694,1,0,0,0,0,0,0,0,0,0,0,1,0,0,0,0,0,1,0,0,1,0,0
2.6650874616074645,3.8039881765815,2.7484778233817475,412,0.1343135301445871,1,0,0,0,0,0,0,0,0,0,0,0,0,1,0,0,0,0,1,1,0,0,0
1.651101079779082,2.631836077763414,1.4343951352193638,334,0.1343135301445871,1,0,0,0,0,0,0,0,0,0,0,0,0,1,0,0,0,0,1,1,0,0,0
-0.06487587408433486,0.28753188012724307,1.3570961535627533,329,0.9676320203785437,1,0,0,0,0,0,0,0,0,0,0,0,1,0,0,0,0,0,1,0,1,0,0
-0.06487587408433486,0.28753188012724307,0.5841063369966447,283,0.9676320203785437,1,0,0,0,0,0,0,0,0,0,0,0,1,0,0,0,0,0,1,0,1,0,0
1.4951031748824075,1.4596839789453286,1.666292080189196,347,0.9676320203785437,1,0,0,0,0,0,0,0,0,0,0,0,1,0,0,0,0,0,1,0,1,0,0
1.4951031748824075,1.4596839789453286,1.666292080189196,347,0.9676320203785437,1,0,0,0,0,0,0,0,0,0,0,0,1,0,0,0,0,0,1,0,1,0,0
-0.844865398567706,-0.8846202186908425,-0.4207804245392968,223,1.8009505106125,0,0,0,0,0,0,0,0,0,0,0,1,0,0,0,0,0,0,1,0,1,0,0
-0.844865398567706,-0.8846202186908425,-0.4207804245392968,223,1.8009505106125,0,0,0,0,0,0,0,0,0,0,0,1,0,0,0,0,0,0,1,0,1,0,0
-0.06487587408433486,0.28753188012724307,0.62275582782495,285,0.9676320203785437,1,0,0,0,0,0,0,0,0,0,0,0,1,0,0,0,0,0,1,0,1,0,0
1.4951031748824075,1.4596839789453286,1.5116941168759743,338,0.9676320203785437,1,0,0,0,0,0,0,0,0,0,0,0,1,0,0,0,0,0,1,0,1,0,0
-1.0008633034643803,-0.8846202186908425,-1.9667600576715134,131,-0.6990049600893694,0,0,0,0,0,0,0,0,0,0,0,0,0,0,0,0,0,1,0,0,0,1,0
-0.4548706363260205,-0.8846202186908425,-1.8894610760149024,136,-0.6990049600893694,0,0,1,0,0,0,0,0,0,0,0,0,0,0,0,0,0,1,0,0,0,1,0
0.32511888815735074,0.28753188012724307,-0.4594299153676021,221,-0.6990049600893694,0,0,1,0,0,0,0,0,0,0,0,0,0,0,0,0,0,1,0,0,1,0,0
0.32511888815735074,0.28753188012724307,-0.07293500708454788,244,0.9676320203785437,0,0,1,0,0,0,0,0,0,0,0,0,0,0,0,0,0,0,1,0,1,0,0
0.32511888815735074,0.28753188012724307,0.08166295622867395,253,-0.6990049600893694,1,0,1,0,0,0,0,0,0,0,0,0,0,0,0,0,0,0,1,0,1,0,0
0.32511888815735074,0.28753188012724307,-1.271069222762016,172,0.9676320203785437,0,0,1,0,0,0,0,0,0,0,0,0,0,0,0,0,0,0,1,0,0,1,0
1.183107365089059,1.4596839789453286,1.2024981902495313,320,-0.6990049600893694,1,0,0,0,0,0,0,0,0,0,0,0,1,0,0,0,0,0,1,0,1,0,0
-0.4548706363260205,0.28753188012724307,-0.4594299153676021,221,-0.6990049600893694,0,0,0,0,0,0,0,0,0,0,0,0,0,0,0,0,0,0,1,0,1,0,0
-0.4548706363260205,0.28753188012724307,-0.4594299153676021,221,-0.6990049600893694,0,0,0,0,0,0,0,0,0,0,1,0,0,0,0,0,0,0,1,0,1,0,0
0.32511888815735074,0.28753188012724307,-0.07293500708454788,244,0.9676320203785437,0,0,0,0,0,0,0,0,0,0,0,0,0,0,0,0,0,0,1,0,1,0,0
0.32511888815735074,0.28753188012724307,0.08166295622867395,253,-0.6990049600893694,1,0,0,0,0,0,0,0,0,0,0,0,0,0,0,0,0,0,1,0,1,0,0
0.32511888815735074,0.28753188012724307,-0.07293500708454788,244,-0.6990049600893694,0,0,0,0,0,0,0,0,0,0,1,0,0,0,0,0,0,0,1,0,1,0,0
1.183107365089059,1.4596839789453286,0.5841063369966447,283,0.9676320203785437,1,0,1,0,0,0,0,0,0,0,0,0,0,0,0,0,0,0,1,0,1,0,0
1.183107365089059,1.4596839789453286,0.8160032819664771,297,0.9676320203785437,1,0,1,0,0,0,0,0,0,0,0,0,0,0,0,0,0,0,1,0,1,0,0
1.183107365089059,1.4596839789453286,0.8160032819664771,297,0.9676320203785437,1,0,1,0,0,0,0,0,0,0,0,0,0,0,0,0,0,0,1,0,1,0,0
1.4951031748824075,1.4596839789453286,0.27491041037020103,264,0.9676320203785437,1,0,1,0,0,0,0,0,0,0,0,0,0,0,0,0,0,0,1,0,0,1,0
2.0410958420207677,1.4596839789453286,2.246034442613778,382,-0.6990049600893694,1,0,0,0,0,0,0,0,0,0,0,0,1,0,0,0,0,0,1,0,1,0,0
-0.844865398567706,-0.8846202186908425,-0.4594299153676021,221,-0.6990049600893694,0,0,0,0,0,0,0,0,0,0,0,1,0,0,0,0,0,0,1,0,1,0,0
-0.844865398567706,-0.8846202186908425,-0.34348144288268556,228,-0.6990049600893694,0,0,0,0,0,0,0,0,0,0,0,1,0,0,0,0,0,0,1,0,1,0,0
-0.4548706363260205,-0.8846202186908425,-1.3097187135903212,170,-0.6990049600893694,0,0,0,0,0,0,0,0,0,0,0,1,0,0,0,0,0,1,0,0,0,1,0
0.32511888815735074,0.28753188012724307,-0.07293500708454788,244,0.9676320203785437,0,0,0,0,0,0,0,0,0,0,1,0,0,0,0,0,0,0,1,0,1,0,0
0.32511888815735074,0.28753188012724307,0.08166295622867395,253,-0.6990049600893694,1,0,0,0,0,0,0,0,0,0,1,0,0,0,0,0,0,0,1,0,1,0,0
1.4951031748824075,1.4596839789453286,0.7000548094815605,290,0.9676320203785437,1,0,0,0,0,0,0,0,0,0,1,0,0,0,0,0,0,0,1,0,1,0,0
0.32511888815735074,0.28753188012724307,-1.0005227869638782,189,-0.6990049600893694,0,0,0,0,0,0,0,0,0,0,0,1,0,0,0,0,0,0,1,0,0,1,0
-0.844865398567706,-0.8846202186908425,0.043013465400368656,251,-0.6990049600893694,1,0,0,0,0,0,0,0,0,0,0,1,0,0,0,0,0,1,0,0,1,0,0
-0.6108685412226948,-0.8846202186908425,0.1589619378852845,258,-0.6990049600893694,1,0,0,0,0,0,0,0,0,0,0,1,0,0,0,0,0,1,0,0,1,0,0
0.32511888815735074,0.28753188012724307,0.4295083736834229,274,-0.6990049600893694,1,1,0,0,0,0,0,0,0,0,0,0,0,0,0,0,0,1,0,0,1,0,0
0.4811167930540251,0.28753188012724307,0.1589619378852845,258,-0.6990049600893694,1,1,0,0,0,0,0,0,0,0,0,0,0,0,0,0,0,1,0,0,1,0,0
0.32511888815735074,0.28753188012724307,0.7773537911381718,294,-0.6990049600893694,1,0,0,0,0,0,0,0,0,0,0,0,1,0,0,0,0,1,0,0,1,0,0
-0.844865398567706,-0.8846202186908425,-0.266182461226075,232,-0.6990049600893694,0,0,0,0,0,0,0,1,0,0,0,0,0,0,0,0,0,1,0,0,1,0,0
0.4811167930540251,0.28753188012724307,0.5454568461683388,281,-0.6990049600893694,1,0,0,0,0,0,0,1,0,0,0,0,0,0,0,0,0,1,0,0,0,0,0
0.4811167930540251,0.28753188012724307,0.5068073553400334,278,-0.6990049600893694,1,0,0,0,0,0,0,0,0,0,0,1,0,0,0,0,0,1,0,0,1,0,0
-0.844865398567706,-0.8846202186908425,-0.7299763511657398,205,-0.6990049600893694,0,0,1,0,0,0,0,0,0,0,0,0,0,0,0,0,0,1,0,0,1,0,0
0.4811167930540251,0.28753188012724307,0.1976114287135905,260,-0.6990049600893694,1,0,1,0,0,0,0,0,0,0,0,0,0,0,0,0,0,1,0,0,1,0,0
-0.844865398567706,-0.8846202186908425,-1.9281105668432081,133,-0.6990049600893694,0,0,1,0,0,0,0,0,0,0,0,0,0,0,0,0,0,1,0,0,0,1,0
0.32511888815735074,0.28753188012724307,1.318446662734447,327,-0.6990049600893694,1,0,0,0,0,0,0,0,0,0,0,0,1,0,0,0,0,1,0,0,1,0,0
0.32511888815735074,0.28753188012724307,1.3957456443910585,331,-0.6990049600893694,1,0,0,0,0,0,0,0,0,0,0,0,1,0,0,0,0,1,0,0,1,0,0
-0.06487587408433486,0.28753188012724307,0.7773537911381718,294,0.9676320203785437,1,0,1,0,0,0,0,0,0,0,0,0,0,0,0,0,0,0,1,0,1,0,0
1.2611063175373964,1.4596839789453286,1.7049415710175013,350,-0.6990049600893694,1,0,0,0,0,0,0,0,0,0,1,0,0,0,0,0,0,0,1,0,1,0,0
0.559115745502362,1.4596839789453286,1.4343951352193638,334,0.9676320203785437,1,1,0,0,0,0,0,0,0,0,0,0,0,0,0,0,0,0,1,0,1,0,0
-0.06487587408433486,0.28753188012724307,0.8546527727947824,299,0.9676320203785437,1,1,0,0,0,0,0,0,0,0,0,0,0,0,0,0,0,0,1,0,1,0,0
-0.4548706363260205,-0.8846202186908425,-0.6913268603374345,207,-0.6990049600893694,0,0,0,0,0,0,0,0,0,0,0,1,0,0,0,0,0,1,0,0,1,0,0
0.4811167930540251,0.28753188012724307,0.7387043003098659,292,-0.6990049600893694,1,0,0,0,0,0,0,0,0,0,0,1,0,0,0,0,0,1,0,0,1,0,0
-0.4548706363260205,-0.8846202186908425,-1.387017695246932,166,-0.6990049600893694,0,0,0,0,0,0,0,0,0,0,0,0,0,0,0,0,0,1,0,0,1,0,0
-0.4548706363260205,-0.8846202186908425,-1.0778217686204887,184,-0.6990049600893694,0,0,0,0,0,0,0,0,0,0,0,0,0,0,0,0,0,1,0,0,0,0,1
-0.844865398567706,-0.8846202186908425,-1.464316676903543,161,-0.6990049600893694,0,0,1,0,0,0,0,0,0,0,0,0,0,0,0,0,0,1,0,0,1,0,0
-0.844865398567706,-0.8846202186908425,-1.4256671860752377,163,-0.6990049600893694,0,0,1,0,0,0,0,0,0,0,0,0,0,0,0,0,0,1,0,0,0,0,1
-0.4548706363260205,-0.8846202186908425,-1.387017695246932,166,-0.6990049600893694,0,0,1,0,0,0,0,0,0,0,0,0,0,0,0,0,0,1,0,0,1,0,0
-0.4548706363260205,-0.8846202186908425,-1.0391722777921835,186,-0.6990049600893694,0,0,1,0,0,0,0,0,0,0,0,0,0,0,0,0,0,1,0,0,0,0,1
-0.4548706363260205,-0.8846202186908425,-0.4594299153676021,221,-1.532323450323326,0,0,0,0,1,0,0,0,0,0,0,0,0,0,0,0,0,1,0,0,1,0,0
-0.4548706363260205,-0.8846202186908425,-1.2324197319337105,175,-0.6990049600893694,0,0,1,0,0,0,0,0,0,0,0,0,0,0,0,0,0,1,0,0,1,0,0
-0.844865398567706,-0.8846202186908425,-0.266182461226075,232,-0.6990049600893694,0,0,0,0,0,0,0,0,0,0,0,0,0,1,0,0,0,0,1,0,1,0,0
-0.844865398567706,-0.8846202186908425,-0.7299763511657398,205,0.1343135301445871,0,0,0,0,0,0,0,0,0,1,0,0,0,0,0,0,0,0,1,0,1,0,0
-1.0008633034643803,-0.8846202186908425,-0.5367288970242127,216,0.1343135301445871,0,0,0,0,0,0,0,0,0,0,1,0,0,0,0,0,0,0,1,0,1,0,0
-0.844865398567706,-0.8846202186908425,-0.6913268603374345,207,0.1343135301445871,0,0,0,0,0,0,0,0,0,0,0,0,0,0,0,0,0,0,1,0,1,0,0
-0.06487587408433486,0.28753188012724307,-0.34348144288268556,228,0.1343135301445871,0,0,0,0,0,0,0,0,0,0,0,0,0,0,0,0,0,0,1,0,1,0,0
2.431090604262453,1.4596839789453286,1.7822405526741127,354,0.1343135301445871,1,0,0,0,0,0,0,0,0,0,1,0,0,0,0,0,0,0,1,0,1,0,0
-0.844865398567706,-0.8846202186908425,-1.0391722777921835,186,0.1343135301445871,0,0,0,0,0,0,0,0,0,0,1,0,0,0,0,0,0,0,1,0,1,0,0
-0.844865398567706,-0.8846202186908425,-0.768625841994045,202,0.1343135301445871,0,0,0,0,0,0,0,0,0,0,1,0,0,0,0,0,0,0,1,0,1,0,0
-0.844865398567706,-0.8846202186908425,-0.6526773695091292,209,0.1343135301445871,0,0,0,0,0,0,0,0,0,0,0,0,0,0,0,0,0,0,1,0,1,0,0
-0.06487587408433486,0.28753188012724307,-0.11158449791285317,242,0.1343135301445871,0,0,0,0,0,0,0,0,0,0,0,0,0,0,0,0,0,0,1,0,1,0,0
1.2611063175373964,1.4596839789453286,0.6614053186532552,288,0.1343135301445871,1,0,0,0,0,0,0,0,0,0,0,0,0,0,0,0,0,0,1,0,1,0,0
1.8850979371240932,1.4596839789453286,0.8933022636230876,301,0.1343135301445871,1,0,0,0,0,0,0,0,0,0,0,0,0,0,0,0,0,0,1,0,1,0,0
-0.7668664461193689,-0.8846202186908425,-1.3097187135903212,200,0.1343135301445871,0,0,1,0,0,0,0,0,0,0,0,0,0,0,0,0,0,0,0,0,1,0,0
0.32511888815735074,0.28753188012724307,-0.2275329703977697,235,0.1343135301445871,0,0,1,0,0,0,0,0,0,0,0,0,0,0,0,0,0,0,1,0,1,0,0
-0.06487587408433486,0.28753188012724307,-0.15023398874115845,239,0.1343135301445871,0,0,1,0,0,0,0,0,0,0,0,0,0,0,0,0,0,0,1,0,1,0,0
0.32511888815735074,0.28753188012724307,0.004363974572063373,248,0.1343135301445871,1,0,0,0,0,0,0,0,1,0,0,0,0,0,0,0,0,0,1,0,1,0,0
0.32511888815735074,0.28753188012724307,-0.3048319520543803,230,0.1343135301445871,0,0,0,0,0,0,0,0,0,0,1,0,0,0,0,0,0,0,1,0,1,0,0
0.32511888815735074,0.28753188012724307,-0.2275329703977697,235,0.1343135301445871,0,0,0,0,0,0,0,0,0,0,1,0,0,0,0,0,0,0,1,0,1,0,0
1.2611063175373964,1.4596839789453286,0.23626091954189576,262,0.1343135301445871,1,0,1,0,0,0,0,0,0,0,0,0,0,0,0,0,0,0,1,0,1,0,0
1.2611063175373964,1.4596839789453286,0.3522093920268116,269,0.1343135301445871,1,0,0,0,0,0,0,0,0,0,1,0,0,0,0,0,0,0,1,0,1,0,0
1.2611063175373964,1.4596839789453286,0.23626091954189576,262,0.1343135301445871,1,0,0,0,0,0,0,0,0,0,1,0,0,0,0,0,0,0,1,0,1,0,0
1.8850979371240932,1.4596839789453286,0.9706012452796989,306,0.1343135301445871,1,0,1,0,0,0,0,0,0,0,0,0,0,0,0,0,0,0,1,0,1,0,0
1.8850979371240932,1.4596839789453286,0.9706012452796989,306,0.1343135301445871,1,0,0,0,0,0,0,0,1,0,0,0,0,0,0,0,0,0,1,0,1,0,0
-0.06487587408433486,0.28753188012724307,0.4681578645117282,324,0.1343135301445871,1,0,0,0,0,0,0,0,0,0,0,0,1,0,0,0,0,0,0,0,1,0,0
-0.06487587408433486,0.28753188012724307,1.2411476810778366,322,0.1343135301445871,1,0,0,0,0,0,0,0,0,0,0,0,1,0,0,0,0,0,1,0,1,0,0
1.2611063175373964,1.4596839789453286,1.8595395343307233,359,0.1343135301445871,1,0,0,0,0,0,0,0,0,0,0,0,1,0,0,0,0,0,1,0,1,0,0
1.8850979371240932,1.4596839789453286,2.1300859701288615,375,0.1343135301445871,1,0,0,0,0,0,0,0,0,0,0,0,1,0,0,0,0,0,1,0,1,0,0
-0.844865398567706,-0.8846202186908425,-0.8072753328223511,200,0.1343135301445871,0,0,0,0,0,0,0,0,0,0,0,1,0,0,0,0,0,0,1,0,1,0,0
-0.844865398567706,-0.8846202186908425,-0.5367288970242127,216,0.1343135301445871,0,0,0,0,0,0,0,0,1,0,0,0,0,0,0,0,0,0,1,0,1,0,0
-0.7668664461193689,-0.8846202186908425,-0.8845743144789616,230,0.1343135301445871,0,0,0,0,0,0,0,0,0,0,0,1,0,0,0,0,0,0,0,0,1,0,0
0.32511888815735074,0.28753188012724307,0.1589619378852845,258,0.1343135301445871,1,0,0,0,0,0,0,0,0,0,0,1,0,0,0,0,0,0,1,0,1,0,0
-0.06487587408433486,0.28753188012724307,0.4681578645117282,276,0.1343135301445871,1,0,0,0,0,0,0,0,0,0,0,0,1,0,0,0,0,0,1,0,1,0,0
1.2611063175373964,1.4596839789453286,1.318446662734447,327,0.1343135301445871,1,0,0,0,0,0,0,0,0,0,0,0,1,0,0,0,0,0,1,0,1,0,0
1.8850979371240932,1.4596839789453286,1.8595395343307233,359,0.1343135301445871,1,0,0,0,0,0,0,0,0,0,0,0,1,0,0,0,0,0,1,0,1,0,0
1.2611063175373964,0.28753188012724307,0.004363974572063373,248,0.1343135301445871,1,0,1,0,0,0,0,0,0,0,0,0,0,0,0,0,0,0,1,0,1,0,0
1.2611063175373964,1.4596839789453286,0.5841063369966447,283,0.1343135301445871,1,0,0,0,0,0,0,0,0,0,0,0,0,0,0,0,0,0,1,0,1,0,0
1.2611063175373964,1.4596839789453286,0.6614053186532552,288,0.1343135301445871,1,1,0,0,0,0,0,0,0,0,0,0,0,0,0,0,0,0,1,0,1,0,0
1.2611063175373964,1.4596839789453286,0.5454568461683388,281,0.1343135301445871,1,0,1,0,0,0,0,0,0,0,0,0,0,0,0,0,0,0,1,0,1,0,0
2.275092699365779,3.8039881765815,1.5889930985325855,343,0.1343135301445871,1,1,0,0,0,0,0,0,0,0,0,0,0,0,0,0,0,0,1,0,1,0,0
1.8850979371240932,1.4596839789453286,0.931951754451393,304,0.1343135301445871,1,1,0,0,0,0,0,0,0,0,0,0,0,0,0,0,0,0,1,0,1,0,0
1.8850979371240932,1.4596839789453286,0.931951754451393,304,0.1343135301445871,1,0,0,0,0,0,0,0,0,0,0,0,0,0,0,0,0,0,1,0,1,0,0
2.275092699365779,3.8039881765815,1.820890043502418,357,0.1343135301445871,1,1,0,0,0,0,0,0,0,0,0,0,0,0,0,0,0,0,1,0,1,0,0
2.275092699365779,3.8039881765815,1.6276425893608908,345,0.1343135301445871,1,0,0,0,0,0,0,0,0,0,0,0,0,0,0,0,0,0,1,0,1,0,0
1.2611063175373964,1.4596839789453286,0.4295083736834229,274,0.1343135301445871,1,0,0,0,0,0,0,0,0,0,0,0,0,1,0,0,0,0,1,0,1,0,0
1.8850979371240932,1.4596839789453286,0.62275582782495,285,0.1343135301445871,1,0,0,0,0,0,0,0,0,0,0,0,0,1,0,0,0,0,1,0,1,0,0
2.275092699365779,3.8039881765815,1.318446662734447,327,0.1343135301445871,1,0,0,0,0,0,0,0,0,0,0,0,0,1,0,0,0,0,1,0,1,0,0
-1.0008633034643803,-0.8846202186908425,-0.6913268603374345,207,0.1343135301445871,0,0,0,0,0,0,0,0,0,0,0,0,0,1,0,0,0,0,1,0,1,0,0
-1.0008633034643803,-0.8846202186908425,-0.6913268603374345,207,-0.6990049600893694,0,0,0,0,0,0,0,0,0,0,0,0,0,1,0,0,0,0,1,0,0,0,1
1.8850979371240932,1.4596839789453286,-0.07293500708454788,244,0.1343135301445871,0,0,0,0,0,0,0,0,0,0,0,0,0,1,0,0,0,0,1,0,1,0,0
2.431090604262453,1.4596839789453286,1.8595395343307233,359,0.1343135301445871,1,0,0,0,0,0,0,0,0,0,0,0,0,1,0,0,0,0,1,1,0,0,0
2.431090604262453,1.4596839789453286,1.8595395343307233,359,0.1343135301445871,1,0,0,0,0,0,0,0,0,0,0,0,0,1,0,0,0,0,1,1,0,0,0
-1.2348601608093916,-1.4706962680998854,-1.271069222762016,172,-0.6990049600893694,0,0,0,0,0,0,0,0,0,0,1,0,0,0,0,0,0,0,1,0,1,0,0
-1.2348601608093916,-1.4706962680998854,-1.4256671860752377,163,-0.6990049600893694,0,0,0,0,0,0,0,0,0,0,1,0,0,0,0,0,0,0,1,0,0,0,1
-1.2348601608093916,-1.4706962680998854,-1.271069222762016,172,-0.6990049600893694,0,0,0,0,0,0,0,0,0,0,1,0,0,0,0,0,0,0,1,0,1,0,0
-1.2348601608093916,-1.4706962680998854,-1.387017695246932,166,-0.6990049600893694,0,0,0,0,0,0,0,0,0,0,1,0,0,0,0,0,0,0,1,0,0,0,1
-1.1568612083610545,-0.8846202186908425,-1.193770241105405,177,-0.6990049600893694,0,0,0,1,0,0,0,0,0,0,0,0,0,0,0,0,0,0,1,0,1,0,0
-1.1568612083610545,-0.8846202186908425,-1.271069222762016,172,-0.6990049600893694,0,0,0,1,0,0,0,0,0,0,0,0,0,0,0,0,0,0,1,0,0,0,1
-1.1568612083610545,-0.8846202186908425,-0.8072753328223511,200,-0.6990049600893694,0,0,0,0,0,0,0,0,0,0,0,0,0,0,0,0,0,0,1,0,1,0,0
-1.1568612083610545,-0.8846202186908425,-1.271069222762016,172,-0.6990049600893694,0,0,0,0,0,0,0,0,0,0,0,0,0,0,0,0,0,0,1,0,0,0,1
-1.1568612083610545,-0.8846202186908425,-1.2324197319337105,175,-0.6990049600893694,0,0,0,0,0,0,0,0,0,0,0,0,0,1,0,0,0,0,1,0,1,0,0
-1.1568612083610545,-0.8846202186908425,-0.8072753328223511,200,-0.6990049600893694,0,0,0,0,0,0,0,0,0,0,0,0,0,0,0,0,0,0,1,0,1,0,0
-1.1568612083610545,-0.8846202186908425,-1.271069222762016,172,-0.6990049600893694,0,0,0,0,0,0,0,0,0,0,0,0,0,0,0,0,0,0,1,0,0,0,1
-1.1568612083610545,-0.8846202186908425,-1.193770241105405,177,-0.6990049600893694,0,0,0,0,0,0,0,0,0,0,0,0,0,1,0,0,0,0,1,0,1,0,0
-1.1568612083610545,-0.8846202186908425,-1.271069222762016,172,-0.6990049600893694,0,0,0,0,0,0,0,0,0,0,0,0,0,1,0,0,0,0,1,0,0,0,1
-0.844865398567706,-0.8846202186908425,-1.0005227869638782,189,-0.6990049600893694,0,0,0,0,0,0,0,0,0,0,1,0,0,0,0,0,0,0,1,0,1,0,0
-0.844865398567706,-0.8846202186908425,-0.8459248236506564,198,-0.6990049600893694,0,0,0,0,0,0,0,0,0,0,1,0,0,0,0,0,0,0,1,0,0,0,1
-0.844865398567706,-0.8846202186908425,-1.0005227869638782,189,-0.6990049600893694,0,0,0,0,0,0,0,0,0,0,1,0,0,0,0,0,0,0,1,0,1,0,0
-0.844865398567706,-0.8846202186908425,-0.8459248236506564,198,-0.6990049600893694,0,0,0,0,0,0,0,0,0,0,1,0,0,0,0,0,0,0,1,0,0,0,1
-1.1568612083610545,-0.8846202186908425,-1.0391722777921835,186,-0.6990049600893694,0,0,0,1,0,0,0,0,0,0,0,0,0,0,0,0,0,0,1,0,1,0,0
-1.1568612083610545,-0.8846202186908425,-1.0391722777921835,186,-0.6990049600893694,0,0,0,1,0,0,0,0,0,0,0,0,0,0,0,0,0,0,1,0,0,0,1
-1.1568612083610545,-0.8846202186908425,-0.6913268603374345,207,-0.6990049600893694,0,0,0,0,0,0,0,0,0,0,0,0,0,0,0,0,0,0,1,0,1,0,0
-1.1568612083610545,-0.8846202186908425,-0.8072753328223511,200,-0.6990049600893694,0,0,0,0,0,0,0,0,0,0,0,0,0,0,0,0,0,0,1,0,0,0,1
-1.1568612083610545,-0.8846202186908425,-1.0391722777921835,186,-0.6990049600893694,0,0,0,0,0,0,0,0,0,0,0,0,0,1,0,0,0,0,1,0,1,0,0
-1.1568612083610545,-0.8846202186908425,-1.0391722777921835,186,-0.6990049600893694,0,0,0,0,0,0,0,0,0,0,0,0,0,1,0,0,0,0,1,0,0,0,1
-1.1568612083610545,-0.8846202186908425,-0.6913268603374345,207,-0.6990049600893694,0,0,0,0,0,0,0,0,0,0,0,0,0,0,0,0,0,0,1,0,1,0,0
-1.1568612083610545,-0.8846202186908425,-0.8072753328223511,200,-0.6990049600893694,0,0,0,0,0,0,0,0,0,0,0,0,0,0,0,0,0,0,1,0,0,0,1
-1.1568612083610545,-0.8846202186908425,-1.0391722777921835,186,-0.6990049600893694,0,0,0,0,0,0,0,0,0,0,0,0,0,1,0,0,0,0,1,0,1,0,0
-1.1568612083610545,-0.8846202186908425,-1.0391722777921835,186,-0.6990049600893694,0,0,0,0,0,0,0,0,0,0,0,0,0,1,0,0,0,0,1,0,0,0,1
-0.844865398567706,-0.8846202186908425,-0.9232238053072669,193,-0.6990049600893694,0,0,0,0,0,0,0,0,0,0,1,0,0,0,0,0,0,0,1,0,1,0,0
-0.844865398567706,-0.8846202186908425,-0.614027878680824,212,-0.6990049600893694,0,0,0,0,0,0,0,0,0,0,1,0,0,0,0,0,0,0,1,0,0,0,1
-1.1568612083610545,-0.8846202186908425,-1.0391722777921835,186,-0.6990049600893694,0,0,0,1,0,0,0,0,0,0,0,0,0,0,0,0,0,0,1,0,1,0,0
-1.1568612083610545,-0.8846202186908425,-1.0391722777921835,186,-0.6990049600893694,0,0,0,1,0,0,0,0,0,0,0,0,0,0,0,0,0,0,1,0,0,0,1
-1.1568612083610545,-0.8846202186908425,-0.6913268603374345,207,-0.6990049600893694,0,0,0,0,0,0,0,0,0,0,0,0,0,0,0,0,0,0,1,0,1,0,0
-1.1568612083610545,-0.8846202186908425,-0.8072753328223511,200,-0.6990049600893694,0,0,0,0,0,0,0,0,0,0,0,0,0,0,0,0,0,0,1,0,0,0,1
-1.1568612083610545,-0.8846202186908425,-1.0391722777921835,186,-0.6990049600893694,0,0,0,0,0,0,0,0,0,0,0,0,0,1,0,0,0,0,1,0,1,0,0
-1.1568612083610545,-0.8846202186908425,-1.0391722777921835,186,-0.6990049600893694,0,0,0,0,0,0,0,0,0,0,0,0,0,1,0,0,0,0,1,0,0,0,1
-1.1568612083610545,-0.8846202186908425,-0.6913268603374345,207,-0.6990049600893694,0,0,0,0,0,0,0,0,0,0,0,0,0,0,0,0,0,0,1,0,1,0,0
-1.1568612083610545,-0.8846202186908425,-0.8072753328223511,200,-0.6990049600893694,0,0,0,0,0,0,0,0,0,0,0,0,0,0,0,0,0,0,1,0,0,0,1
-1.1568612083610545,-0.8846202186908425,-1.0391722777921835,186,-0.6990049600893694,0,0,0,0,0,0,0,0,0,0,0,0,0,1,0,0,0,0,1,0,1,0,0
-1.1568612083610545,-0.8846202186908425,-1.0391722777921835,186,-0.6990049600893694,0,0,0,0,0,0,0,0,0,0,0,0,0,1,0,0,0,0,1,0,0,0,1
-0.844865398567706,-0.8846202186908425,-1.0005227869638782,189,-0.6990049600893694,0,0,0,0,0,0,0,0,0,0,0,0,0,0,0,0,0,1,0,0,0,1,0
-0.844865398567706,-0.8846202186908425,-0.9232238053072669,193,-1.532323450323326,0,0,0,0,0,0,0,0,0,0,0,0,0,0,0,0,0,1,0,0,0,0,1
-0.5328695887743576,-0.8846202186908425,-0.4980794061959074,219,-0.6990049600893694,0,0,0,0,0,0,0,0,0,0,0,0,0,0,0,0,0,1,0,0,0,1,0
-1.4688570181544032,-1.4706962680998854,-1.8894610760149024,136,-0.6990049600893694,0,0,0,0,0,0,0,0,0,0,0,0,0,0,0,0,0,1,0,0,0,1,0
-1.4688570181544032,-1.4706962680998854,-1.6962136218733754,147,-1.532323450323326,0,0,0,0,0,0,0,0,0,0,0,0,0,0,0,0,0,1,0,0,0,0,1
-0.06487587408433486,0.28753188012724307,-0.266182461226075,232,-0.6990049600893694,0,0,0,0,0,0,0,0,0,0,0,1,0,0,0,0,0,0,1,0,1,0,0
-0.844865398567706,-0.8846202186908425,-0.9232238053072669,193,-0.6990049600893694,0,0,0,0,0,0,0,0,0,0,0,1,0,0,0,0,0,1,0,0,0,1,0
-0.844865398567706,-0.8846202186908425,-0.768625841994045,202,-1.532323450323326,0,0,0,0,0,0,0,0,0,0,0,1,0,0,0,0,0,1,0,0,0,0,1
-0.844865398567706,-0.8846202186908425,-0.768625841994045,202,-0.6990049600893694,0,0,0,0,0,0,0,0,0,0,0,1,0,0,0,0,0,1,0,0,0,1,0
-0.5328695887743576,-0.8846202186908425,-0.4594299153676021,221,-0.6990049600893694,0,0,0,0,0,0,0,0,0,0,0,1,0,0,0,0,0,1,0,0,0,1,0
0.4811167930540251,0.28753188012724307,0.12031244705697923,255,0.1343135301445871,1,0,0,0,0,0,0,0,0,0,0,0,0,1,0,0,0,0,1,0,1,0,0
0.4811167930540251,0.28753188012724307,0.27491041037020103,264,-0.6990049600893694,1,0,0,0,0,0,0,0,0,0,0,0,0,1,0,0,0,0,1,0,0,0,1
0.4811167930540251,0.28753188012724307,0.27491041037020103,264,0.1343135301445871,1,0,0,0,0,0,0,0,0,0,0,0,0,1,0,0,0,0,1,0,1,0,0
0.4811167930540251,0.28753188012724307,0.3908588828551176,271,-0.6990049600893694,1,0,0,0,0,0,0,0,0,0,0,0,0,1,0,0,0,0,1,0,0,0,1
0.32511888815735074,0.28753188012724307,-0.6913268603374345,207,-0.6990049600893694,0,0,1,0,0,0,0,0,0,0,0,0,0,0,0,0,0,1,0,0,0,1,0
1.9630968895724301,1.4596839789453286,2.246034442613778,382,-1.532323450323326,1,0,0,0,0,0,0,0,0,0,0,0,1,0,0,0,0,1,0,0,0,0,0
0.7151136503990364,0.28753188012724307,0.7387043003098659,292,-1.532323450323326,1,0,0,0,0,1,0,0,0,0,0,0,0,0,0,0,0,1,0,0,0,0,0
0.7151136503990364,0.28753188012724307,1.12519920859292,315,-1.532323450323326,1,0,0,0,0,1,0,0,0,0,0,0,0,0,0,0,0,1,0,0,0,0,0
0.7151136503990364,0.28753188012724307,0.9706012452796989,306,-0.6990049600893694,1,0,0,0,0,1,0,0,0,0,0,0,0,0,0,0,0,1,0,0,0,0,1
0.559115745502362,0.28753188012724307,0.7000548094815605,290,-0.6990049600893694,1,0,0,0,0,0,0,0,0,0,1,0,0,0,0,0,0,0,1,1,0,0,0
-1.1568612083610545,-0.8846202186908425,-1.116471259448794,182,0.1343135301445871,0,0,0,0,0,0,0,0,0,1,0,0,0,0,0,0,0,1,0,0,0,1,0
-1.1568612083610545,-0.8846202186908425,-1.193770241105405,177,-0.6990049600893694,0,0,0,0,0,0,0,0,0,1,0,0,0,0,0,0,0,1,0,0,0,0,1
-1.1568612083610545,-0.8846202186908425,-1.0005227869638782,189,0.1343135301445871,0,0,0,0,0,0,0,0,0,1,0,0,0,0,0,0,0,1,0,0,0,1,0
-1.1568612083610545,-0.8846202186908425,-0.9618732961355722,191,-0.6990049600893694,0,0,0,0,0,0,0,0,0,1,0,0,0,0,0,0,0,0,1,0,0,0,1
-1.1568612083610545,-0.8846202186908425,-0.768625841994045,202,0.9676320203785437,0,0,0,0,0,0,0,0,0,1,0,0,0,0,0,0,0,0,1,0,0,1,0
-1.1568612083610545,-0.8846202186908425,-1.1551207502770997,179,-2.3656419405572824,0,0,0,0,0,0,0,0,0,0,0,0,0,0,0,0,0,1,0,0,0,0,0
-1.1568612083610545,-0.8846202186908425,-1.193770241105405,177,-1.532323450323326,0,0,0,0,0,0,0,0,0,0,0,0,0,0,0,0,0,1,0,0,0,0,1
0.32511888815735074,0.28753188012724307,-0.3821309337109908,225,0.1343135301445871,0,0,0,0,0,0,0,0,1,0,0,0,0,0,0,0,0,1,0,0,0,1,0
0.32511888815735074,0.28753188012724307,-0.34348144288268556,228,0.1343135301445871,0,0,0,0,0,0,0,0,1,0,0,0,0,0,0,0,0,1,0,0,0,1,0
-0.844865398567706,-0.8846202186908425,-0.5367288970242127,216,-0.6990049600893694,0,0,0,0,0,0,0,1,0,0,0,0,0,0,0,0,0,1,0,0,0,1,0
0.32511888815735074,0.28753188012724307,-0.15023398874115845,239,-0.6990049600893694,0,0,0,0,0,0,0,0,0,0,0,1,0,0,0,0,0,1,0,0,0,1,0
0.32511888815735074,0.28753188012724307,-0.0342855162562426,246,-0.6990049600893694,1,0,0,0,0,0,0,0,0,0,0,1,0,0,0,0,0,1,0,0,0,1,0
0.32511888815735074,0.28753188012724307,0.08166295622867395,253,-0.6990049600893694,1,0,0,0,0,0,0,0,0,0,0,1,0,0,0,0,0,1,0,0,0,1,0
0.32511888815735074,0.28753188012724307,-0.11158449791285317,242,-0.6990049600893694,0,0,0,0,1,0,0,0,0,0,0,0,0,0,0,0,0,1,0,0,0,1,0
-0.4548706363260205,-0.8846202186908425,-0.8845743144789616,196,-0.6990049600893694,0,0,0,0,0,0,0,0,0,0,0,1,0,0,0,0,0,1,0,0,0,1,0
1.9630968895724301,1.4596839789453286,2.052786988472251,370,-1.532323450323326,1,0,0,0,0,0,1,0,0,0,0,0,0,0,0,0,0,1,0,0,0,0,0
1.9630968895724301,1.4596839789453286,2.47793138758361,396,-1.532323450323326,1,0,0,0,0,0,1,0,0,0,0,0,0,0,0,0,0,1,0,0,0,0,0
-1.0008633034643803,-0.8846202186908425,-1.387017695246932,166,-0.6990049600893694,0,0,1,0,0,0,0,0,0,0,0,0,0,0,0,0,0,1,0,0,0,1,0
-1.0008633034643803,-0.8846202186908425,-1.116471259448794,182,-0.6990049600893694,0,0,1,0,0,0,0,0,0,0,0,0,0,0,0,0,0,1,0,0,0,0,1
-1.1568612083610545,-0.8846202186908425,-1.541615658560154,156,-0.6990049600893694,0,0,0,0,0,0,0,0,0,0,0,0,0,0,0,0,0,1,0,0,0,1,0
0.7151136503990364,0.28753188012724307,1.318446662734447,327,-1.532323450323326,1,0,0,0,0,0,0,0,0,0,0,1,0,0,0,0,0,1,0,0,0,0,0
0.7151136503990364,0.28753188012724307,1.3957456443910585,331,-0.6990049600893694,1,0,0,0,0,0,0,0,0,0,0,1,0,0,0,0,0,1,0,0,0,0,1
0.24711993570901356,0.28753188012724307,-0.266182461226075,232,0.1343135301445871,0,0,0,1,0,0,0,0,0,0,0,0,0,0,0,0,0,0,1,1,0,0,0
0.24711993570901356,0.28753188012724307,-0.07293500708454788,244,0.1343135301445871,0,0,0,1,0,0,0,0,0,0,0,0,0,0,0,0,0,0,1,0,0,0,1
0.24711993570901356,0.28753188012724307,-0.266182461226075,232,0.1343135301445871,0,0,0,1,0,0,0,0,0,0,0,0,0,0,0,0,0,0,1,1,0,0,0
0.24711993570901356,0.28753188012724307,-0.0342855162562426,246,0.1343135301445871,1,0,0,1,0,0,0,0,0,0,0,0,0,0,0,0,0,0,1,0,0,0,1
0.24711993570901356,0.28753188012724307,-0.2275329703977697,235,0.1343135301445871,0,0,0,1,0,0,0,0,0,0,0,0,0,0,0,0,0,0,1,1,0,0,0
0.24711993570901356,0.28753188012724307,-0.0342855162562426,246,0.1343135301445871,1,0,0,1,0,0,0,0,0,0,0,0,0,0,0,0,0,0,1,0,0,0,1
0.24711993570901356,0.28753188012724307,-0.11158449791285317,242,0.1343135301445871,0,0,0,1,0,0,0,0,0,0,0,0,0,0,0,0,0,0,1,1,0,0,0
0.24711993570901356,0.28753188012724307,0.043013465400368656,251,0.1343135301445871,1,0,0,1,0,0,0,0,0,0,0,0,0,0,0,0,0,0,1,0,0,0,1
0.559115745502362,0.28753188012724307,0.12031244705697923,255,0.1343135301445871,1,0,0,1,0,0,0,0,0,0,0,0,0,0,0,0,0,0,1,1,0,0,0
0.559115745502362,0.28753188012724307,0.1976114287135905,260,0.1343135301445871,1,0,0,1,0,0,0,0,0,0,0,0,0,0,0,0,0,0,1,0,0,0,1
0.559115745502362,0.28753188012724307,0.23626091954189576,262,0.1343135301445871,1,0,0,1,0,0,0,0,0,0,0,0,0,0,0,0,0,0,1,1,0,0,0
0.559115745502362,0.28753188012724307,0.31355990119850635,267,0.1343135301445871,1,0,0,1,0,0,0,0,0,0,0,0,0,0,0,0,0,0,1,0,0,0,1
0.559115745502362,0.28753188012724307,-0.0342855162562426,246,0.1343135301445871,1,0,0,1,0,0,0,0,0,0,0,0,0,0,0,0,0,0,1,1,0,0,0
0.559115745502362,0.28753188012724307,0.08166295622867395,253,0.1343135301445871,1,0,0,1,0,0,0,0,0,0,0,0,0,0,0,0,0,0,1,0,0,0,1
0.559115745502362,0.28753188012724307,0.08166295622867395,253,0.1343135301445871,1,0,0,1,0,0,0,0,0,0,0,0,0,0,0,0,0,0,1,1,0,0,0
0.559115745502362,0.28753188012724307,0.1589619378852845,258,0.1343135301445871,1,0,0,1,0,0,0,0,0,0,0,0,0,0,0,0,0,0,1,0,0,0,1
0.559115745502362,0.28753188012724307,0.08166295622867395,253,0.1343135301445871,1,0,0,1,0,0,0,0,0,0,0,0,0,0,0,0,0,0,1,1,0,0,0
0.559115745502362,0.28753188012724307,0.1589619378852845,258,0.1343135301445871,1,0,0,1,0,0,0,0,0,0,0,0,0,0,0,0,0,0,1,0,0,0,1
0.559115745502362,0.28753188012724307,0.12031244705697923,255,0.1343135301445871,1,0,0,1,0,0,0,0,0,0,0,0,0,0,0,0,0,0,1,1,0,0,0
0.559115745502362,0.28753188012724307,0.31355990119850635,267,0.1343135301445871,1,0,0,1,0,0,0,0,0,0,0,0,0,0,0,0,0,0,1,0,0,0,1
0.559115745502362,0.28753188012724307,-0.11158449791285317,242,0.1343135301445871,0,0,0,1,0,0,0,0,0,0,0,0,0,0,0,0,0,0,1,1,0,0,0
0.559115745502362,0.28753188012724307,-0.0342855162562426,246,0.1343135301445871,1,0,0,1,0,0,0,0,0,0,0,0,0,0,0,0,0,0,1,0,0,0,1
0.559115745502362,0.28753188012724307,-0.07293500708454788,244,0.1343135301445871,0,0,0,1,0,0,0,0,0,0,0,0,0,0,0,0,0,0,1,1,0,0,0
0.559115745502362,0.28753188012724307,0.043013465400368656,251,0.1343135301445871,1,0,0,1,0,0,0,0,0,0,0,0,0,0,0,0,0,0,1,0,0,0,1
0.24711993570901356,0.28753188012724307,0.004363974572063373,248,0.1343135301445871,1,0,0,1,0,0,0,0,0,0,0,0,0,0,0,0,0,0,1,1,0,0,0
0.24711993570901356,0.28753188012724307,0.12031244705697923,255,0.1343135301445871,1,0,0,1,0,0,0,0,0,0,0,0,0,0,0,0,0,0,1,0,0,0,1
0.559115745502362,0.28753188012724307,0.1589619378852845,258,0.1343135301445871,1,0,0,1,0,0,0,0,0,0,0,0,0,0,0,0,0,0,1,1,0,0,0
0.559115745502362,0.28753188012724307,0.23626091954189576,262,0.1343135301445871,1,0,0,1,0,0,0,0,0,0,0,0,0,0,0,0,0,0,1,0,0,0,1
0.24711993570901356,0.28753188012724307,-0.4980794061959074,218,0.1343135301445871,0,0,0,0,0,0,0,0,0,0,0,0,0,1,0,0,0,0,1,1,0,0,0
0.24711993570901356,0.28753188012724307,-0.0342855162562426,246,-0.6990049600893694,1,0,0,0,0,0,0,0,0,0,0,0,0,1,0,0,0,0,1,0,0,0,1
0.40311784060568795,0.28753188012724307,0.5454568461683388,286,0.9676320203785437,1,0,0,0,0,0,0,0,0,0,0,0,1,0,0,0,0,0,1,0,0,0,0
1.339105269985733,1.4596839789453286,1.318446662734447,327,0.9676320203785437,1,0,0,0,0,0,0,0,0,0,0,0,1,0,0,0,0,0,1,0,0,0,0
0.24711993570901356,0.28753188012724307,-0.4980794061959074,218,0.1343135301445871,0,0,0,0,0,0,0,0,0,0,0,0,0,1,0,0,0,0,1,1,0,0,0
0.24711993570901356,0.28753188012724307,-0.0342855162562426,246,-0.6990049600893694,1,0,0,0,0,0,0,0,0,0,0,0,0,1,0,0,0,0,1,0,0,0,1
-0.06487587408433486,0.28753188012724307,0.5454568461683388,281,0.1343135301445871,1,0,0,0,0,0,0,0,0,0,0,1,0,0,0,0,0,0,1,0,0,0,0
0.40311784060568795,0.28753188012724307,0.5841063369966447,283,0.1343135301445871,1,0,0,0,0,0,0,0,0,0,0,1,0,0,0,0,0,0,1,0,0,0,0
-0.06487587408433486,0.28753188012724307,0.23626091954189576,262,0.1343135301445871,1,1,0,0,0,0,0,0,0,0,0,0,0,0,0,0,0,0,1,1,0,0,0
-0.06487587408433486,0.28753188012724307,0.23626091954189576,262,0.1343135301445871,1,1,0,0,0,0,0,0,0,0,0,0,0,0,0,0,0,0,1,1,0,0,0
1.339105269985733,1.4596839789453286,0.7773537911381718,294,0.1343135301445871,1,1,0,0,0,0,0,0,0,0,0,0,0,0,0,0,0,0,1,1,0,0,0
1.339105269985733,1.4596839789453286,0.8160032819664771,297,0.1343135301445871,1,1,0,0,0,0,0,0,0,0,0,0,0,0,0,0,0,0,1,1,0,0,0
0.40311784060568795,0.28753188012724307,0.4295083736834229,274,0.9676320203785437,1,0,0,0,0,0,1,0,0,0,0,0,0,0,0,0,0,1,0,0,0,0,0
2.0410958420207677,1.4596839789453286,1.0865497177646148,313,0.9676320203785437,1,0,0,0,0,0,1,0,0,0,0,0,0,0,0,0,0,1,0,0,0,0,0
-0.06487587408433486,0.28753188012724307,-0.266182461226075,273,0.9676320203785437,1,0,0,0,0,0,1,0,0,0,0,0,0,0,0,0,0,0,0,0,0,0,0
-0.06487587408433486,0.28753188012724307,-0.3821309337109908,265,0.9676320203785437,1,0,0,0,0,0,1,0,0,0,0,0,0,0,0,0,0,0,0,0,0,0,0
0.40311784060568795,0.28753188012724307,0.7000548094815605,290,0.9676320203785437,1,0,0,0,0,0,1,0,0,0,0,0,0,0,0,0,0,1,0,0,0,0,0
2.0410958420207677,1.4596839789453286,1.7822405526741127,354,-0.6990049600893694,1,0,0,0,0,0,1,0,0,0,0,0,0,0,0,0,0,1,0,0,0,0,0
2.0410958420207677,1.4596839789453286,1.2797971719061418,324,0.9676320203785437,1,0,0,0,0,0,1,0,0,0,0,0,0,0,0,0,0,1,0,0,0,0,0
-0.06487587408433486,0.28753188012724307,-0.07293500708454788,286,0.9676320203785437,1,0,0,0,0,0,1,0,0,0,0,0,0,0,0,0,0,0,0,0,0,0,0
-0.5328695887743576,-0.8846202186908425,-0.3821309337109908,225,1.8009505106125,0,0,0,0,0,0,0,1,0,0,0,0,0,0,0,0,0,1,0,0,0,0,0
-0.844865398567706,-0.8846202186908425,-0.4594299153676021,221,-0.6990049600893694,0,0,0,1,0,0,0,0,0,0,0,0,0,0,0,0,0,0,1,0,0,0,1
-1.3908580657060658,-0.8846202186908425,-1.6962136218733754,147,-0.6990049600893694,0,0,0,1,0,0,0,0,0,0,0,0,0,0,0,0,0,1,0,0,0,1,0
-0.4548706363260205,-0.8846202186908425,-0.6913268603374345,207,-0.6990049600893694,0,0,0,0,0,0,0,0,0,0,0,0,0,0,0,0,0,1,0,0,1,0,0
-0.4548706363260205,-0.8846202186908425,-0.6913268603374345,207,-0.6990049600893694,0,0,0,0,0,0,0,0,0,0,0,0,0,0,0,0,0,1,0,0,0,0,1
-0.5328695887743576,-0.8846202186908425,-0.3821309337109908,225,-2.3656419405572824,0,0,0,0,0,0,0,0,0,1,0,0,0,0,0,0,0,1,0,0,1,0,0
-0.5328695887743576,-0.8846202186908425,-0.3821309337109908,225,-1.532323450323326,0,0,0,0,0,0,0,0,0,1,0,0,0,0,0,0,0,1,0,0,0,0,1
-1.6248549230510774,-1.4706962680998854,-1.6575641310450702,150,-1.532323450323326,0,0,0,0,0,0,0,0,0,0,0,0,0,1,0,0,0,0,1,1,0,0,0
-1.6248549230510774,-1.4706962680998854,-1.6575641310450702,150,-1.532323450323326,0,0,0,0,0,0,0,0,0,0,0,0,0,1,0,0,0,0,1,1,0,0,0
-0.844865398567706,-0.8846202186908425,-0.9232238053072669,193,-0.6990049600893694,0,0,0,1,0,0,0,0,0,0,0,0,0,0,0,0,0,0,1,0,1,0,0
-0.844865398567706,-0.8846202186908425,-0.4594299153676021,221,-0.6990049600893694,0,0,0,1,0,0,0,0,0,0,0,0,0,0,0,0,0,0,1,0,0,0,1
-0.844865398567706,-0.8846202186908425,-0.5367288970242127,216,0.9676320203785437,0,0,0,0,0,0,0,0,0,0,0,1,0,0,0,0,0,0,1,0,0,1,0
-0.4548706363260205,-0.8846202186908425,-0.8072753328223511,200,-0.6990049600893694,0,0,0,0,0,0,0,0,0,0,0,1,0,0,0,0,0,1,0,0,0,1,0
-0.4548706363260205,-0.8846202186908425,-0.4594299153676021,221,-0.6990049600893694,0,0,0,0,0,0,0,0,0,0,0,1,0,0,0,0,0,1,0,0,0,0,1
-0.844865398567706,-0.8846202186908425,-1.2324197319337105,175,-0.6990049600893694,0,0,0,0,0,0,0,0,0,0,0,0,0,0,0,0,0,1,0,0,0,1,0
-0.844865398567706,-0.8846202186908425,-0.9232238053072669,193,-1.532323450323326,0,0,0,0,0,0,0,0,0,0,0,0,0,0,0,0,0,1,0,0,0,0,1
-0.844865398567706,-0.8846202186908425,-1.2324197319337105,175,-0.6990049600893694,0,0,0,0,0,0,0,0,0,1,0,0,0,0,0,0,0,1,0,0,0,1,0
-0.844865398567706,-0.8846202186908425,-0.9232238053072669,193,-1.532323450323326,0,0,0,0,0,0,0,0,0,1,0,0,0,0,0,0,0,1,0,0,0,0,1
-0.4548706363260205,-0.8846202186908425,-1.116471259448794,182,-0.6990049600893694,0,0,1,0,0,0,0,0,0,0,0,0,0,0,0,0,0,1,0,0,0,1,0
-0.4548706363260205,-0.8846202186908425,-0.5367288970242127,216,-0.6990049600893694,0,0,1,0,0,0,0,0,0,0,0,0,0,0,0,0,0,1,0,0,0,0,1
0.40311784060568795,0.28753188012724307,-0.2275329703977697,235,-0.6990049600893694,0,0,1,0,0,0,0,0,0,0,0,0,0,0,0,0,0,1,0,0,0,1,0
-0.4548706363260205,-0.8846202186908425,-0.9618732961355722,191,-0.6990049600893694,0,0,0,0,0,0,0,0,0,0,0,1,0,0,0,0,0,1,0,0,0,1,0
-0.4548706363260205,-0.8846202186908425,-0.4207804245392968,223,-0.6990049600893694,0,0,0,0,0,0,0,0,0,0,0,1,0,0,0,0,0,1,0,0,0,0,1
0.40311784060568795,0.28753188012724307,-0.11158449791285317,242,-0.6990049600893694,0,0,0,0,0,0,0,0,0,0,0,1,0,0,0,0,0,1,0,0,0,1,0
-0.844865398567706,-0.8846202186908425,0.12031244705697923,255,0.9676320203785437,1,0,0,0,0,0,0,0,0,0,0,0,0,0,0,0,0,0,1,0,0,1,0
-0.844865398567706,-0.8846202186908425,-0.3821309337109908,225,-0.6990049600893694,0,0,0,0,0,0,0,0,0,0,0,0,0,0,0,0,0,0,1,0,0,0,1
-0.4548706363260205,-0.8846202186908425,0.5454568461683388,281,-0.6990049600893694,1,0,0,0,0,0,0,0,0,0,0,0,0,0,0,0,0,0,1,0,0,0,1
-0.844865398567706,-0.8846202186908425,-1.0391722777921835,186,-0.6990049600893694,0,0,0,0,0,0,0,0,0,0,0,1,0,0,0,0,0,1,0,0,0,1,0
-0.844865398567706,-0.8846202186908425,-0.6526773695091292,209,-1.532323450323326,0,0,0,0,0,0,0,0,0,0,0,1,0,0,0,0,0,1,0,0,0,0,1
-0.844865398567706,-0.8846202186908425,-1.271069222762016,173,-0.6990049600893694,0,0,0,0,0,0,0,0,0,0,0,1,0,0,0,0,0,1,0,0,0,1,0
0.7151136503990364,0.28753188012724307,0.7773537911381718,294,-1.532323450323326,1,0,0,0,0,0,0,0,0,0,0,0,1,0,0,0,0,1,0,0,1,0,0
0.7151136503990364,0.28753188012724307,0.7773537911381718,294,-1.532323450323326,1,0,0,0,0,0,0,0,0,0,0,0,1,0,0,0,0,1,0,0,1,0,0
0.32511888815735074,0.28753188012724307,-0.4594299153676021,221,-0.6990049600893694,0,0,1,0,0,0,0,0,0,0,0,0,0,0,0,0,0,1,0,0,1,0,0
-0.4548706363260205,-0.8846202186908425,-0.9232238053072669,193,-0.6990049600893694,0,0,1,0,0,0,0,0,0,0,0,0,0,0,0,0,0,1,0,0,1,0,0
0.32511888815735074,0.28753188012724307,-0.4980794061959074,218,-0.6990049600893694,0,0,1,0,0,0,0,0,0,0,0,0,0,0,0,0,0,1,0,0,1,0,0
-0.4548706363260205,-0.8846202186908425,-1.9667600576715134,131,-0.6990049600893694,0,0,1,0,0,0,0,0,0,0,0,0,0,0,0,0,0,1,0,0,0,1,0
-0.4548706363260205,-0.8846202186908425,-1.8894610760149024,136,-0.6990049600893694,0,0,1,0,0,0,0,0,0,0,0,0,0,0,0,0,0,1,0,0,0,1,0
-1.0008633034643803,-0.8846202186908425,-1.2324197319337105,175,-2.3656419405572824,0,0,1,0,0,0,0,0,0,0,0,0,0,0,0,0,0,1,0,0,0,0,0
-1.0008633034643803,-0.8846202186908425,-1.4256671860752377,163,0.1343135301445871,0,0,1,0,0,0,0,0,0,0,0,0,0,0,0,0,0,1,0,0,0,1,0
-1.0008633034643803,-0.8846202186908425,-1.3483682044186267,168,-0.6990049600893694,0,0,1,0,0,0,0,0,0,0,0,0,0,0,0,0,0,1,0,0,0,1,0
-1.0008633034643803,-0.8846202186908425,-1.3097187135903212,170,-0.6990049600893694,0,0,1,0,0,0,0,0,0,0,0,0,0,0,0,0,0,1,0,0,0,0,1
-1.0008633034643803,-0.8846202186908425,-1.5029661677318482,159,-0.6990049600893694,0,0,1,0,0,0,0,0,0,0,0,0,0,0,0,0,0,1,0,0,0,1,0
-0.2988727314293461,-0.8846202186908425,-0.0342855162562426,246,-0.6990049600893694,1,0,0,0,0,0,0,0,0,0,0,1,0,0,0,0,0,1,0,0,1,0,0
0.32511888815735074,0.28753188012724307,0.12031244705697923,255,-0.6990049600893694,1,0,0,0,0,0,0,0,0,0,0,1,0,0,0,0,0,1,0,0,1,0,0
0.32511888815735074,0.28753188012724307,0.31355990119850635,267,-0.6990049600893694,1,0,0,0,0,0,0,0,0,0,0,0,1,0,0,0,0,1,0,0,1,0,0
0.32511888815735074,0.28753188012724307,-0.8845743144789616,196,-0.6990049600893694,0,0,0,0,0,0,0,0,0,0,0,0,1,0,0,0,0,1,0,0,0,1,0
0.32511888815735074,0.28753188012724307,-0.9232238053072669,193,-0.6990049600893694,0,0,0,0,0,0,0,0,0,0,0,0,1,0,0,0,0,1,0,0,0,1,0
-1.0008633034643803,-0.8846202186908425,-2.3532549659545676,108,-0.6990049600893694,0,0,1,0,0,0,0,0,0,0,0,0,0,0,0,0,0,1,0,0,0,1,0
-1.2348601608093916,-0.8846202186908425,-2.314605475126262,110,-0.6990049600893694,0,0,0,0,0,0,0,0,0,0,0,0,0,0,0,0,0,1,0,0,0,1,0
-1.0008633034643803,-0.8846202186908425,-2.005409548499819,129,-0.6990049600893694,0,0,0,0,0,0,0,0,1,0,0,0,0,0,0,0,0,1,0,0,0,1,0
-0.4548706363260205,-0.8846202186908425,-0.4980794061959074,218,-0.6990049600893694,0,0,0,0,0,0,0,0,0,0,0,1,0,0,0,0,0,1,0,0,1,0,0
-0.4548706363260205,-0.8846202186908425,-0.7299763511657398,205,-0.6990049600893694,0,0,0,0,0,0,0,0,0,0,0,1,0,0,0,0,0,1,0,0,1,0,0
-0.4548706363260205,-0.8846202186908425,-0.4594299153676021,221,-0.6990049600893694,0,0,0,0,0,0,0,0,0,0,0,1,0,0,0,0,0,1,0,0,1,0,0
2.0410958420207677,1.4596839789453286,2.246034442613778,382,-0.6990049600893694,1,0,0,0,0,0,0,0,0,0,0,0,1,0,0,0,0,1,0,0,1,0,0
0.32511888815735074,0.28753188012724307,0.23626091954189576,262,-0.6990049600893694,1,0,0,0,1,0,0,0,0,0,0,0,0,0,0,0,0,1,0,0,1,0,0
0.32511888815735074,0.28753188012724307,0.6614053186532552,288,-0.6990049600893694,1,0,0,0,1,0,0,0,0,0,0,0,0,0,0,0,0,1,0,0,1,0,0
-0.2988727314293461,-0.8846202186908425,0.1589619378852845,258,-2.3656419405572824,1,0,0,0,0,1,0,0,0,0,0,0,0,0,0,0,0,1,0,0,0,0,0
-0.2988727314293461,-0.8846202186908425,-0.11158449791285317,242,-1.532323450323326,0,0,0,0,0,1,0,0,0,0,0,0,0,0,0,0,0,1,0,0,0,0,1
-0.2988727314293461,-0.8846202186908425,0.5841063369966447,283,-2.3656419405572824,1,0,0,0,0,1,0,0,0,0,0,0,0,0,0,0,0,1,0,0,0,0,0
-0.2988727314293461,-0.8846202186908425,0.5841063369966447,283,-1.532323450323326,1,0,0,0,0,1,0,0,0,0,0,0,0,0,0,0,0,1,0,0,0,0,1
0.7151136503990364,0.28753188012724307,1.0092507361080043,308,-1.532323450323326,1,0,0,0,0,1,0,0,0,0,0,0,0,0,0,0,0,1,0,0,0,0,0
2.0410958420207677,1.4596839789453286,1.7049415710175013,350,-0.6990049600893694,1,0,0,0,0,0,1,0,0,0,0,0,0,0,0,0,0,1,0,0,1,0,0
2.0410958420207677,1.4596839789453286,2.246034442613778,382,-0.6990049600893694,1,0,0,0,0,0,1,0,0,0,0,0,0,0,0,0,0,1,0,0,1,0,0
-0.2988727314293461,-0.8846202186908425,-0.15023398874115845,239,-0.6990049600893694,0,0,0,0,0,0,0,0,0,0,0,1,0,0,0,0,0,1,0,0,1,0,0
0.32511888815735074,0.28753188012724307,0.043013465400368656,251,-0.6990049600893694,1,0,0,0,0,0,0,0,0,0,0,1,0,0,0,0,0,1,0,0,1,0,0
-0.2988727314293461,-0.8846202186908425,-0.11158449791285317,242,-0.6990049600893694,0,0,0,0,0,0,0,0,0,0,0,1,0,0,0,0,0,1,0,0,1,0,0
0.32511888815735074,0.28753188012724307,0.1976114287135905,260,-0.6990049600893694,1,0,0,0,0,0,0,0,0,0,0,1,0,0,0,0,0,1,0,0,1,0,0
-1.2348601608093916,-0.8846202186908425,-1.3483682044186267,168,-2.3656419405572824,0,0,0,0,0,0,0,0,0,0,0,0,0,0,0,0,0,1,0,0,0,0,0
-1.2348601608093916,-0.8846202186908425,-1.4256671860752377,163,-1.532323450323326,0,0,0,0,0,0,0,0,0,0,0,0,0,0,0,0,0,1,0,0,0,0,1
-1.0008633034643803,-0.8846202186908425,-0.8845743144789616,196,-0.6990049600893694,0,0,0,0,0,0,0,0,0,0,0,0,0,0,0,0,0,1,0,0,1,0,0
-0.844865398567706,-0.8846202186908425,-0.6526773695091292,209,-0.6990049600893694,0,0,0,0,0,0,0,0,0,0,0,0,0,0,0,0,0,0,1,1,0,0,0
-0.844865398567706,-0.8846202186908425,-0.614027878680824,212,-0.6990049600893694,0,0,0,0,0,0,0,0,0,0,0,0,0,0,0,0,0,0,1,0,0,0,1
-0.844865398567706,-0.8846202186908425,-1.5029661677318482,183,-0.6990049600893694,0,0,0,0,0,0,0,0,0,0,0,0,0,0,0,0,0,0,0,1,0,0,0
-0.844865398567706,-0.8846202186908425,-1.5029661677318482,184,-0.6990049600893694,0,0,0,0,0,0,0,0,0,0,0,0,0,0,0,0,0,0,0,0,0,0,1
-1.0008633034643803,-0.8846202186908425,-0.8072753328223511,200,-0.6990049600893694,0,0,0,0,0,0,0,0,0,0,1,0,0,0,0,0,0,1,0,0,1,0,0
-0.844865398567706,-0.8846202186908425,-0.5367288970242127,216,-0.6990049600893694,0,0,0,0,0,0,0,0,0,0,1,0,0,0,0,0,0,0,1,1,0,0,0
-0.844865398567706,-0.8846202186908425,-0.614027878680824,212,-0.6990049600893694,0,0,0,0,0,0,0,0,0,0,1,0,0,0,0,0,0,0,1,0,0,0,1
-0.844865398567706,-0.8846202186908425,-0.5753783878525179,214,-0.6990049600893694,0,0,0,0,0,0,0,0,0,0,0,0,0,0,0,0,0,0,1,1,0,0,0
-0.844865398567706,-0.8846202186908425,-0.4594299153676021,221,-0.6990049600893694,0,0,0,0,0,0,0,0,0,0,0,0,0,0,0,0,0,0,1,0,0,0,1
0.40311784060568795,0.28753188012724307,0.3908588828551176,271,-0.6990049600893694,1,0,0,0,0,0,0,0,0,0,0,0,0,0,0,0,0,0,1,0,1,0,0
-0.844865398567706,-0.8846202186908425,-0.4980794061959074,219,-0.6990049600893694,0,0,0,0,0,0,0,0,0,0,1,0,0,0,0,0,0,0,1,1,0,0,0
-1.0008633034643803,-0.8846202186908425,-1.0391722777921835,186,-0.6990049600893694,0,0,0,0,0,0,0,0,0,0,0,0,0,0,0,0,0,1,0,0,1,0,0
-1.0008633034643803,-0.8846202186908425,-1.0778217686204887,184,-1.532323450323326,0,0,0,0,0,0,0,0,0,0,0,0,0,0,0,0,0,1,0,0,0,0,1
-0.844865398567706,-0.8846202186908425,-1.6575641310450702,177,-0.6990049600893694,0,0,0,0,0,0,0,0,0,0,0,0,0,0,0,0,0,0,0,1,0,0,0
-0.844865398567706,-0.8846202186908425,-1.6575641310450702,178,-0.6990049600893694,0,0,0,0,0,0,0,0,0,0,0,0,0,0,0,0,0,0,0,0,0,0,1
-0.844865398567706,-0.8846202186908425,-0.8845743144789616,196,-0.6990049600893694,0,0,0,0,0,0,0,0,0,0,0,0,0,0,0,0,0,0,1,1,0,0,0
-0.844865398567706,-0.8846202186908425,-0.9618732961355722,191,-0.6990049600893694,0,0,0,0,0,0,0,0,0,0,0,0,0,0,0,0,0,0,1,0,0,0,1
-1.0008633034643803,-0.8846202186908425,-1.0005227869638782,193,-0.6990049600893694,0,0,0,0,0,0,0,0,0,1,0,0,0,0,0,0,0,1,0,0,1,0,0
-1.0008633034643803,-0.8846202186908425,-1.0005227869638782,189,-1.532323450323326,0,0,0,0,0,0,0,0,0,1,0,0,0,0,0,0,0,1,0,0,0,0,1
-0.844865398567706,-0.8846202186908425,-1.5802651493884592,180,-0.6990049600893694,0,0,0,0,0,0,0,0,0,1,0,0,0,0,0,0,0,0,0,1,0,0,0
-0.844865398567706,-0.8846202186908425,-1.5802651493884592,179,-0.6990049600893694,0,0,0,0,0,0,0,0,0,1,0,0,0,0,0,0,0,0,0,0,0,0,1
-1.0008633034643803,-0.8846202186908425,-1.116471259448794,182,-0.6990049600893694,0,0,0,0,0,0,0,0,0,0,0,0,0,0,0,0,0,1,0,0,1,0,0
-1.0008633034643803,-0.8846202186908425,-1.0778217686204887,184,-1.532323450323326,0,0,0,0,0,0,0,0,0,0,0,0,0,0,0,0,0,1,0,0,0,0,1
-0.844865398567706,-0.8846202186908425,-0.7299763511657398,205,-0.6990049600893694,0,0,0,0,0,0,0,0,0,0,0,0,0,0,0,0,0,1,0,0,1,0,0
-0.844865398567706,-0.8846202186908425,-0.9232238053072669,193,-1.532323450323326,0,0,0,0,0,0,0,0,0,0,0,0,0,0,0,0,0,1,0,0,0,0,1
-0.844865398567706,-0.8846202186908425,-1.6575641310450702,175,-0.6990049600893694,0,0,0,0,0,0,0,0,0,0,0,0,0,0,0,0,0,0,0,1,0,0,0
-0.844865398567706,-0.8846202186908425,-1.6575641310450702,176,-0.6990049600893694,0,0,0,0,0,0,0,0,0,0,0,0,0,0,0,0,0,0,0,0,0,0,1
-0.844865398567706,-0.8846202186908425,-0.768625841994045,202,-0.6990049600893694,0,0,0,0,0,0,0,0,0,0,0,0,0,0,0,0,0,0,1,1,0,0,0
-0.844865398567706,-0.8846202186908425,-0.7299763511657398,205,-0.6990049600893694,0,0,0,0,0,0,0,0,0,0,0,0,0,0,0,0,0,0,1,0,0,0,1
-1.312859113257729,-0.8846202186908425,-2.121358020984735,122,0.1343135301445871,0,0,0,0,0,0,0,0,0,0,0,0,0,0,0,0,0,0,1,1,0,0,0
-1.0008633034643803,-0.8846202186908425,-0.9618732961355722,191,-0.6990049600893694,0,0,1,0,0,0,0,0,0,0,0,0,0,0,0,0,0,1,0,0,1,0,0
-1.0008633034643803,-0.8846202186908425,-0.9232238053072669,193,-1.532323450323326,0,0,1,0,0,0,0,0,0,0,0,0,0,0,0,0,0,1,0,0,0,0,1
-0.844865398567706,-0.8846202186908425,-1.5029661677318482,185,-0.6990049600893694,0,0,1,0,0,0,0,0,0,0,0,0,0,0,0,0,0,0,0,1,0,0,0
-0.844865398567706,-0.8846202186908425,-1.5802651493884592,182,-0.6990049600893694,0,0,1,0,0,0,0,0,0,0,0,0,0,0,0,0,0,0,0,0,0,0,1
0.40311784060568795,0.28753188012724307,-0.15023398874115845,239,-0.6990049600893694,0,0,1,0,0,0,0,0,0,0,0,0,0,0,0,0,0,0,1,1,0,0,0
-0.844865398567706,-0.8846202186908425,-0.11158449791285317,242,-0.6990049600893694,0,0,0,0,0,0,0,0,0,0,0,1,0,0,0,0,0,0,1,0,1,0,0
-0.844865398567706,-0.8846202186908425,0.1589619378852845,258,-0.6990049600893694,1,0,0,0,0,0,0,0,0,0,0,1,0,0,0,0,0,0,1,0,0,0,1
-0.844865398567706,-0.8846202186908425,-0.0342855162562426,246,-0.6990049600893694,1,0,0,0,0,0,0,0,0,0,0,1,0,0,0,0,0,0,1,0,1,0,0
0.40311784060568795,0.28753188012724307,0.62275582782495,292,0.9676320203785437,1,0,0,0,0,0,0,0,0,0,0,0,1,0,0,0,0,0,1,0,1,0,0
-0.06487587408433486,0.28753188012724307,0.08166295622867395,253,-0.6990049600893694,1,0,0,0,0,0,0,0,0,0,0,0,0,0,0,0,0,1,0,0,1,0,0
-0.844865398567706,-0.8846202186908425,-0.9232238053072669,193,0.9676320203785437,0,0,0,0,0,0,0,0,0,0,0,0,0,0,0,0,0,1,0,0,1,0,0
-0.4548706363260205,-0.2985441692817997,-0.266182461226075,232,-0.6990049600893694,0,0,0,0,0,0,0,0,0,0,0,0,0,0,0,0,0,1,0,0,1,0,0
-0.844865398567706,-0.8846202186908425,-0.7299763511657398,205,0.9676320203785437,0,0,0,0,0,0,0,0,0,0,0,0,0,0,0,0,0,0,1,0,1,0,0
-0.06487587408433486,0.28753188012724307,0.1589619378852845,258,-0.6990049600893694,1,0,0,0,0,0,0,0,0,0,0,0,0,0,0,0,0,1,0,0,1,0,0
-0.844865398567706,-0.8846202186908425,-0.9232238053072669,193,0.9676320203785437,0,0,1,0,0,0,0,0,0,0,0,0,0,0,0,0,0,1,0,0,1,0,0
-0.06487587408433486,0.28753188012724307,0.1589619378852845,258,-0.6990049600893694,1,0,1,0,0,0,0,0,0,0,0,0,0,0,0,0,0,1,0,0,1,0,0
-0.844865398567706,-0.8846202186908425,-0.768625841994045,202,0.9676320203785437,0,0,0,0,0,0,0,0,0,0,0,1,0,0,0,0,0,1,0,0,1,0,0
-0.4548706363260205,-0.2985441692817997,-0.18888347956946375,237,-0.6990049600893694,0,0,0,0,0,0,0,0,0,0,0,1,0,0,0,0,0,1,0,0,1,0,0
-0.06487587408433486,0.28753188012724307,0.08166295622867395,253,-0.6990049600893694,1,0,0,0,0,0,0,0,0,1,0,0,0,0,0,0,0,1,0,0,1,0,0
-0.844865398567706,-0.8846202186908425,-0.9232238053072669,193,0.9676320203785437,0,0,0,0,0,0,0,0,0,1,0,0,0,0,0,0,0,1,0,0,1,0,0
-0.4548706363260205,-0.2985441692817997,-0.266182461226075,232,-0.6990049600893694,0,0,0,0,0,0,0,0,0,1,0,0,0,0,0,0,0,1,0,0,1,0,0
-0.06487587408433486,0.28753188012724307,0.1589619378852845,258,-0.6990049600893694,1,0,0,0,0,0,0,0,0,1,0,0,0,0,0,0,0,1,0,0,1,0,0
0.09112203081233952,0.28753188012724307,0.27491041037020103,264,-0.6990049600893694,1,0,0,0,0,0,0,0,0,0,0,1,0,0,0,0,0,1,0,0,1,0,0
-0.844865398567706,-0.8846202186908425,-0.768625841994045,202,0.9676320203785437,0,0,0,0,0,0,0,0,0,0,0,1,0,0,0,0,0,1,0,0,1,0,0
-0.4548706363260205,-0.2985441692817997,0.23626091954189576,262,-0.6990049600893694,1,0,0,0,0,0,0,0,0,0,0,1,0,0,0,0,0,1,0,0,1,0,0
-0.844865398567706,-0.8846202186908425,-0.5367288970242127,216,0.9676320203785437,0,0,0,0,0,0,0,0,0,0,0,1,0,0,0,0,0,0,1,0,1,0,0
-0.06487587408433486,0.28753188012724307,0.4295083736834229,274,-0.6990049600893694,1,0,0,0,0,0,0,0,0,0,0,1,0,0,0,0,0,1,0,0,1,0,0
0.09112203081233952,0.28753188012724307,0.1976114287135905,260,-0.6990049600893694,1,0,0,0,0,0,0,0,0,0,0,1,0,0,0,0,0,1,0,0,1,0,0
-0.844865398567706,-0.8846202186908425,-0.768625841994045,202,0.9676320203785437,0,0,0,0,0,0,0,0,0,0,0,1,0,0,0,0,0,1,0,0,1,0,0
-0.06487587408433486,0.28753188012724307,0.4295083736834229,274,-0.6990049600893694,1,0,0,0,0,0,0,0,0,0,0,1,0,0,0,0,0,1,0,0,1,0,0
-0.5328695887743576,-0.8846202186908425,-1.0391722777921835,189,0.9676320203785437,0,0,0,0,0,0,0,0,0,0,0,0,0,0,0,0,0,0,1,1,0,0,0
0.32511888815735074,0.28753188012724307,0.12031244705697923,254,1.8009505106125,1,0,0,0,0,0,0,0,0,0,0,1,0,0,0,0,0,0,1,0,1,0,0
0.32511888815735074,0.28753188012724307,-0.0342855162562426,251,1.8009505106125,1,0,0,0,0,0,0,0,0,0,0,1,0,0,0,0,0,0,1,0,1,0,0
0.32511888815735074,0.28753188012724307,-0.0342855162562426,249,-0.6990049600893694,1,0,0,0,0,0,0,0,0,0,0,1,0,0,0,0,0,0,1,0,1,0,0
0.32511888815735074,0.28753188012724307,-0.3048319520543803,235,-0.6990049600893694,0,0,1,0,0,0,0,0,0,0,0,0,0,0,0,0,0,0,1,0,1,0,0
0.32511888815735074,0.28753188012724307,-1.193770241105405,180,0.1343135301445871,0,0,1,0,0,0,0,0,0,0,0,0,0,0,0,0,0,0,1,1,0,0,0
-0.5328695887743576,-0.8846202186908425,-0.9618732961355722,196,0.9676320203785437,0,0,0,0,0,0,0,0,0,0,0,0,0,0,0,0,0,0,1,1,0,0,0
0.32511888815735074,0.28753188012724307,-0.4594299153676021,226,1.8009505106125,0,0,0,0,0,0,0,0,0,0,0,0,0,0,0,0,0,0,1,0,1,0,0
-1.0008633034643803,-0.8846202186908425,-0.9232238053072669,197,-0.6990049600893694,0,0,0,0,0,0,0,0,0,0,0,0,0,1,0,0,0,0,1,1,0,0,0
2.197093746917442,3.8039881765815,1.8595395343307233,365,-0.6990049600893694,1,0,0,1,0,0,0,0,0,0,0,0,0,0,0,0,0,0,1,0,0,0,0
2.275092699365779,3.8039881765815,1.318446662734447,332,0.9676320203785437,1,0,0,0,0,0,0,0,0,0,1,0,0,0,0,0,0,0,1,0,0,0,0
2.275092699365779,3.8039881765815,1.5503436077042803,346,0.9676320203785437,1,0,0,1,0,0,0,0,0,0,0,0,0,0,0,0,0,0,1,0,0,0,0
1.2611063175373964,1.4596839789453286,1.5116941168759743,343,0.1343135301445871,1,0,0,0,0,0,0,0,0,0,0,0,0,1,0,0,0,0,1,1,0,0,0
1.2611063175373964,1.4596839789453286,1.820890043502418,362,-0.6990049600893694,1,0,0,0,0,0,0,0,0,0,0,0,0,1,0,0,0,0,1,0,0,0,1
1.2611063175373964,1.4596839789453286,1.5116941168759743,343,0.1343135301445871,1,0,0,0,0,0,0,0,0,0,0,0,0,1,0,0,0,0,1,1,0,0,0
1.2611063175373964,1.4596839789453286,1.820890043502418,362,-0.6990049600893694,1,0,0,0,0,0,0,0,0,0,0,0,0,1,0,0,0,0,1,0,0,0,1
1.2611063175373964,1.4596839789453286,1.5116941168759743,343,0.1343135301445871,1,0,0,0,0,0,0,0,0,0,0,0,0,1,0,0,0,0,1,1,0,0,0
1.2611063175373964,1.4596839789453286,1.820890043502418,362,-0.6990049600893694,1,0,0,0,0,0,0,0,0,0,0,0,0,1,0,0,0,0,1,0,0,0,1
2.275092699365779,3.8039881765815,2.207384951785472,390,0.1343135301445871,1,0,0,0,0,0,0,0,0,0,0,0,0,1,0,0,0,0,1,1,0,0,0
-1.0008633034643803,-0.8846202186908425,-0.8072753328223511,204,-0.6990049600893694,0,0,0,0,0,0,0,0,0,0,1,0,0,0,0,0,0,1,0,1,0,0,0
-0.844865398567706,-0.8846202186908425,-0.8459248236506564,201,-0.6990049600893694,0,0,0,0,0,0,0,0,0,0,1,0,0,0,0,0,0,1,0,1,0,0,0
-0.844865398567706,-0.8846202186908425,-0.7299763511657398,208,-0.6990049600893694,0,0,0,0,0,0,0,0,0,0,1,0,0,0,0,0,0,1,0,1,0,0,0
-0.844865398567706,-0.8846202186908425,-0.7299763511657398,212,0.9676320203785437,0,0,0,0,0,0,0,0,0,0,0,0,0,0,0,0,0,0,1,0,0,1,0
-0.844865398567706,-0.8846202186908425,-0.4594299153676021,224,0.9676320203785437,0,0,0,0,0,0,0,0,0,0,0,0,0,0,0,0,0,0,1,0,1,0,0
-0.844865398567706,-0.8846202186908425,-0.6526773695091292,214,-0.6990049600893694,0,0,0,0,0,0,0,0,0,0,0,0,0,0,0,0,0,0,1,0,0,0,1
-0.844865398567706,-0.8846202186908425,-0.34348144288268556,232,0.9676320203785437,0,0,0,0,0,0,0,0,0,1,0,0,0,0,0,0,0,0,1,0,1,0,0
-0.844865398567706,-0.8846202186908425,-0.4594299153676021,224,0.9676320203785437,0,0,0,0,0,0,0,0,0,0,1,0,0,0,0,0,0,0,1,0,1,0,0
-0.844865398567706,-0.8846202186908425,-0.6526773695091292,214,-0.6990049600893694,0,0,0,0,0,0,0,0,0,0,1,0,0,0,0,0,0,0,1,0,0,0,1
-0.844865398567706,-0.8846202186908425,-0.3821309337109908,230,0.9676320203785437,0,0,0,0,0,0,0,0,0,0,1,0,0,0,0,0,0,0,1,0,1,0,0
-0.844865398567706,-0.8846202186908425,-0.614027878680824,211,0.9676320203785437,0,0,1,0,0,0,0,0,0,0,0,0,0,0,0,0,0,0,1,0,1,0,0
-0.06487587408433486,0.28753188012724307,-0.34348144288268556,232,0.9676320203785437,0,0,1,0,0,0,0,0,0,0,0,0,0,0,0,0,0,0,1,0,1,0,0
-0.06487587408433486,0.28753188012724307,-1.1551207502770997,213,0.9676320203785437,0,0,1,0,0,0,0,0,0,0,0,0,0,0,0,0,0,0,0,0,1,0,0
-0.06487587408433486,0.28753188012724307,-0.34348144288268556,232,0.9676320203785437,0,0,1,0,0,0,0,0,0,0,0,0,0,0,0,0,0,0,1,0,1,0,0
-0.06487587408433486,0.28753188012724307,-1.1551207502770997,213,0.9676320203785437,0,0,1,0,0,0,0,0,0,0,0,0,0,0,0,0,0,0,0,0,1,0,0
-0.06487587408433486,0.28753188012724307,-0.11158449791285317,247,0.9676320203785437,1,0,1,0,0,0,0,0,0,0,0,0,0,0,0,0,0,0,1,0,1,0,0
0.7151136503990364,1.4596839789453286,-0.0342855162562426,249,0.9676320203785437,1,0,1,0,0,0,0,0,0,0,0,0,0,0,0,0,0,0,1,0,1,0,0
-0.06487587408433486,0.28753188012724307,-0.9232238053072669,224,0.9676320203785437,0,0,1,0,0,0,0,0,0,0,0,0,0,0,0,0,0,0,0,0,1,0,0
0.7151136503990364,1.4596839789453286,0.043013465400368656,255,0.9676320203785437,1,1,0,0,0,0,0,0,0,0,0,0,0,0,0,0,0,0,1,0,1,0,0
2.50908955671079,3.8039881765815,1.473044626047669,344,0.9676320203785437,1,1,0,0,0,0,0,0,0,0,0,0,0,0,0,0,0,0,1,0,1,0,0
-0.844865398567706,-0.8846202186908425,-0.18888347956946375,242,-0.6990049600893694,0,0,0,0,0,0,0,0,0,0,0,0,0,0,0,0,0,0,1,0,1,0,0
-0.844865398567706,-0.8846202186908425,-0.18888347956946375,240,-0.6990049600893694,0,0,0,0,0,0,0,0,0,0,0,0,0,0,0,0,0,0,1,0,1,0,0
-0.844865398567706,-0.8846202186908425,-0.15023398874115845,244,0.9676320203785437,0,0,0,0,0,0,0,0,0,0,0,1,0,0,0,0,0,0,1,0,1,0,0
-0.06487587408433486,0.28753188012724307,0.23626091954189576,267,0.9676320203785437,1,0,0,0,0,0,0,0,0,0,0,1,0,0,0,0,0,0,1,0,1,0,0
-0.06487587408433486,0.28753188012724307,-0.6913268603374345,244,0.9676320203785437,0,0,0,0,0,0,0,0,0,0,0,1,0,0,0,0,0,0,0,0,1,0,0
-0.844865398567706,-0.8846202186908425,-0.7299763511657398,209,0.9676320203785437,0,0,0,0,0,0,0,0,0,0,0,1,0,0,0,0,0,0,1,0,1,0,0
0.7151136503990364,1.4596839789453286,0.9706012452796989,313,0.9676320203785437,1,0,1,0,0,0,0,0,0,0,0,0,0,0,0,0,0,0,1,0,1,0,0
-0.844865398567706,-0.8846202186908425,-0.6913268603374345,211,-0.6990049600893694,0,0,0,0,0,0,0,0,0,0,1,0,0,0,0,0,0,0,1,1,0,0,0
-0.06487587408433486,0.28753188012724307,0.08166295622867395,257,0.1343135301445871,1,0,0,0,0,0,0,0,0,0,0,0,0,0,0,0,0,0,1,1,0,0,0
-0.06487587408433486,0.28753188012724307,0.3522093920268116,273,-0.6990049600893694,1,0,0,0,0,0,0,0,0,0,0,0,0,0,0,0,0,0,1,0,0,0,1
-0.06487587408433486,0.28753188012724307,0.08166295622867395,257,0.1343135301445871,1,0,0,0,0,0,0,0,0,0,1,0,0,0,0,0,0,0,1,1,0,0,0
-0.06487587408433486,0.28753188012724307,0.3522093920268116,273,-0.6990049600893694,1,0,0,0,0,0,0,0,0,0,1,0,0,0,0,0,0,0,1,0,0,0,1
-0.06487587408433486,0.28753188012724307,0.23626091954189576,266,0.1343135301445871,1,0,0,0,0,0,0,0,0,0,1,0,0,0,0,0,0,0,1,1,0,0,0
0.7151136503990364,1.4596839789453286,0.1976114287135905,263,0.1343135301445871,1,0,1,0,0,0,0,0,0,0,0,0,0,0,0,0,0,0,1,1,0,0,0
0.7151136503990364,1.4596839789453286,0.23626091954189576,265,0.1343135301445871,1,0,1,0,0,0,0,0,0,0,0,0,0,0,0,0,0,0,1,1,0,0,0
0.7151136503990364,1.4596839789453286,0.7773537911381718,300,0.9676320203785437,1,0,1,0,0,0,0,0,0,0,0,0,0,0,0,0,0,0,1,0,1,0,0
-0.06487587408433486,0.28753188012724307,0.5454568461683388,285,0.9676320203785437,1,0,0,0,0,0,0,0,0,0,0,1,0,0,0,0,0,0,1,0,1,0,0
-0.844865398567706,-0.8846202186908425,-0.6526773695091292,209,-0.6990049600893694,0,0,0,0,0,0,0,0,0,0,1,0,0,0,0,0,0,1,0,1,0,0,0
-0.844865398567706,-0.8846202186908425,-0.6526773695091292,209,-0.6990049600893694,0,0,0,0,0,0,0,0,0,0,0,0,0,1,0,0,0,1,0,1,0,0,0
-0.844865398567706,-0.8846202186908425,-0.4980794061959074,222,-0.6990049600893694,0,0,0,0,0,0,0,0,0,0,1,0,0,0,0,0,0,0,1,1,0,0,0
2.275092699365779,3.8039881765815,1.7822405526741127,360,0.9676320203785437,1,0,0,0,0,0,0,0,0,0,0,0,0,0,0,0,0,0,1,0,1,0,0
2.275092699365779,3.8039881765815,2.014137497643945,375,0.9676320203785437,1,0,0,0,0,0,0,0,0,0,1,0,0,0,0,0,0,0,1,0,1,0,0
-0.844865398567706,-0.8846202186908425,-0.9232238053072669,197,0.9676320203785437,0,0,0,0,0,0,0,0,0,0,1,0,0,0,0,0,0,0,1,0,1,0,0
-0.844865398567706,-0.8846202186908425,-0.6913268603374345,211,-0.6990049600893694,0,0,0,0,0,0,0,0,0,0,1,0,0,0,0,0,0,0,1,0,0,0,1
-0.844865398567706,-0.8846202186908425,-0.768625841994045,207,0.9676320203785437,0,0,0,0,0,0,0,0,0,0,1,0,0,0,0,0,0,0,1,0,1,0,0
-0.844865398567706,-0.8846202186908425,-0.7299763511657398,209,0.9676320203785437,0,0,0,0,0,0,0,0,0,0,1,0,0,0,0,0,0,0,1,0,1,0,0
-0.844865398567706,-0.8846202186908425,-0.9232238053072669,197,0.9676320203785437,0,0,0,0,0,0,0,0,0,0,0,0,0,0,0,0,0,0,1,0,1,0,0
-0.844865398567706,-0.8846202186908425,-0.6913268603374345,211,-0.6990049600893694,0,0,0,0,0,0,0,0,0,0,0,0,0,0,0,0,0,0,1,0,0,0,1
-0.844865398567706,-0.8846202186908425,-0.768625841994045,207,0.9676320203785437,0,0,0,0,0,0,0,0,0,0,0,0,0,0,0,0,0,0,1,0,1,0,0
-0.844865398567706,-0.8846202186908425,-1.541615658560154,183,0.9676320203785437,0,0,0,0,0,0,0,0,0,0,0,0,0,0,0,0,0,0,0,0,1,0,0
-0.844865398567706,-0.8846202186908425,-1.541615658560154,183,0.9676320203785437,0,0,0,0,0,0,0,0,0,1,0,0,0,0,0,0,0,0,0,0,1,0,0
-0.844865398567706,-0.8846202186908425,-0.7299763511657398,209,0.9676320203785437,0,0,0,0,0,0,0,0,0,0,0,0,0,0,0,0,0,0,1,0,1,0,0
-0.844865398567706,-0.8846202186908425,-0.7299763511657398,209,0.9676320203785437,0,1,0,0,0,0,0,0,0,0,0,0,0,0,0,0,0,0,1,0,1,0,0
-0.844865398567706,-0.8846202186908425,-0.7299763511657398,209,0.9676320203785437,0,0,0,0,0,0,0,0,0,1,0,0,0,0,0,0,0,0,1,0,1,0,0
-0.06487587408433486,0.28753188012724307,-0.2275329703977697,238,0.9676320203785437,0,1,0,0,0,0,0,0,0,0,0,0,0,0,0,0,0,0,1,0,1,0,0
-0.06487587408433486,0.28753188012724307,-0.5753783878525179,217,0.9676320203785437,0,0,0,0,0,0,0,0,0,0,0,0,0,0,0,0,0,0,1,0,1,0,0
-0.06487587408433486,0.28753188012724307,-0.34348144288268556,231,-0.6990049600893694,0,0,0,0,0,0,0,0,0,0,0,0,0,0,0,0,0,0,1,0,0,0,1
-0.06487587408433486,0.28753188012724307,-0.5753783878525179,216,0.9676320203785437,0,0,0,0,0,0,0,0,0,0,0,0,0,0,0,0,0,0,1,0,1,0,0
-0.06487587408433486,0.28753188012724307,-0.18888347956946375,241,-0.6990049600893694,0,0,0,0,0,0,0,0,0,0,0,0,0,0,0,0,0,0,1,0,0,0,1
-0.844865398567706,-0.8846202186908425,-0.7299763511657398,211,0.9676320203785437,0,0,0,0,0,0,0,0,0,0,1,0,0,0,0,0,0,0,1,0,1,0,0
-0.844865398567706,-0.8846202186908425,-0.9232238053072669,197,0.9676320203785437,0,0,0,0,0,0,0,0,0,0,0,0,0,0,0,0,0,0,1,0,1,0,0
-0.844865398567706,-0.8846202186908425,-0.6913268603374345,211,-0.6990049600893694,0,0,0,0,0,0,0,0,0,0,0,0,0,0,0,0,0,0,1,0,0,0,1
-0.844865398567706,-0.8846202186908425,-0.7299763511657398,211,0.9676320203785437,0,0,0,0,0,0,0,0,0,0,0,0,0,0,0,0,0,0,1,0,1,0,0
-0.844865398567706,-0.8846202186908425,-0.6913268603374345,210,-0.6990049600893694,0,0,0,0,0,0,0,0,0,0,0,0,0,0,0,0,0,0,1,0,0,0,1
-0.844865398567706,-0.8846202186908425,-0.5367288970242127,221,0.9676320203785437,0,0,0,0,0,0,0,0,0,0,1,0,0,0,0,0,0,0,1,0,1,0,0
-0.844865398567706,-0.8846202186908425,-0.7299763511657398,209,0.9676320203785437,0,0,0,0,0,0,0,0,0,0,0,0,0,0,0,0,0,0,1,0,1,0,0
-0.844865398567706,-0.8846202186908425,-0.7299763511657398,209,0.9676320203785437,0,0,0,0,0,0,0,0,0,0,0,0,0,0,0,0,0,0,1,0,1,0,0
-0.06487587408433486,0.28753188012724307,-0.34348144288268556,232,0.9676320203785437,0,0,0,0,0,0,0,0,0,0,1,0,0,0,0,0,0,0,1,0,1,0,0
-0.06487587408433486,0.28753188012724307,-0.34348144288268556,232,0.9676320203785437,0,0,0,0,0,0,0,0,0,0,0,0,0,0,0,0,0,0,1,0,1,0,0
-0.06487587408433486,0.28753188012724307,-0.11158449791285317,246,-0.6990049600893694,1,0,0,0,0,0,0,0,0,0,0,0,0,0,0,0,0,0,1,0,0,0,1
-0.06487587408433486,0.28753188012724307,-0.2275329703977697,238,0.9676320203785437,0,0,0,0,0,0,0,0,0,0,1,0,0,0,0,0,0,0,1,0,1,0,0
-0.06487587408433486,0.28753188012724307,-0.2275329703977697,238,0.9676320203785437,0,0,0,0,0,0,0,0,0,0,0,0,0,0,0,0,0,0,1,0,1,0,0
-0.06487587408433486,0.28753188012724307,-0.11158449791285317,247,-0.6990049600893694,1,0,0,0,0,0,0,0,0,0,0,0,0,0,0,0,0,0,1,0,0,0,1
-0.06487587408433486,0.28753188012724307,-0.2275329703977697,238,0.9676320203785437,0,0,0,0,0,0,0,0,0,0,0,0,0,0,0,0,0,0,1,0,1,0,0
-0.844865398567706,-0.8846202186908425,-0.7299763511657398,209,0.9676320203785437,0,0,1,0,0,0,0,0,0,0,0,0,0,0,0,0,0,0,1,0,1,0,0
-0.06487587408433486,0.28753188012724307,-1.116471259448794,212,0.9676320203785437,0,0,1,0,0,0,0,0,0,0,0,0,0,0,0,0,0,0,0,0,1,0,0
-0.06487587408433486,0.28753188012724307,-0.2275329703977697,238,0.9676320203785437,0,0,1,0,0,0,0,0,0,0,0,0,0,0,0,0,0,0,1,0,1,0,0
-0.06487587408433486,0.28753188012724307,0.1589619378852845,263,0.9676320203785437,1,1,0,0,0,0,0,0,0,0,0,0,0,0,0,0,0,0,1,0,1,0,0
1.0271094601923851,1.4596839789453286,0.5841063369966447,288,0.9676320203785437,1,0,1,0,0,0,0,0,0,0,0,0,0,0,0,0,0,0,1,0,1,0,0
1.0271094601923851,1.4596839789453286,0.5068073553400334,283,0.9676320203785437,1,1,0,0,0,0,0,0,0,0,0,0,0,0,0,0,0,0,1,0,1,0,0
-0.06487587408433486,0.28753188012724307,-0.2275329703977697,238,0.9676320203785437,0,0,0,0,0,0,0,0,0,0,1,0,0,0,0,0,0,0,1,0,1,0,0
-0.06487587408433486,0.28753188012724307,-0.2275329703977697,238,0.9676320203785437,0,0,0,0,0,0,0,0,0,0,0,0,0,0,0,0,0,0,1,0,1,0,0
1.0271094601923851,1.4596839789453286,0.5068073553400334,283,0.9676320203785437,1,0,0,0,0,0,0,0,0,0,1,0,0,0,0,0,0,0,1,0,1,0,0
1.0271094601923851,1.4596839789453286,0.5841063369966447,288,0.9676320203785437,1,0,0,0,0,0,0,0,0,0,0,0,0,0,0,0,0,0,1,0,1,0,0
1.0271094601923851,1.4596839789453286,0.5068073553400334,283,0.9676320203785437,1,0,0,0,0,0,0,0,0,0,0,0,0,0,0,0,0,0,1,0,1,0,0
1.0271094601923851,1.4596839789453286,0.5068073553400334,283,0.9676320203785437,1,1,0,0,0,0,0,0,0,0,0,0,0,0,0,0,0,0,1,0,1,0,0
1.0271094601923851,1.4596839789453286,0.5068073553400334,283,0.9676320203785437,1,1,0,0,0,0,0,0,0,0,0,0,0,0,0,0,0,0,1,0,1,0,0
-0.06487587408433486,0.28753188012724307,-0.5367288970242127,219,0.9676320203785437,0,0,1,0,0,0,0,0,0,0,0,0,0,0,0,0,0,0,1,0,1,0,0
1.0271094601923851,1.4596839789453286,0.5068073553400334,283,0.9676320203785437,1,0,0,0,0,0,0,0,0,0,0,0,0,0,0,0,0,0,1,0,1,0,0
-0.06487587408433486,0.28753188012724307,-0.15023398874115845,244,0.1343135301445871,0,0,0,0,0,0,0,0,0,0,1,0,0,0,0,0,0,0,1,1,0,0,0
-0.06487587408433486,0.28753188012724307,0.12031244705697923,260,-0.6990049600893694,1,0,0,0,0,0,0,0,0,0,1,0,0,0,0,0,0,0,1,0,0,0,1
-0.06487587408433486,0.28753188012724307,-0.34348144288268556,232,0.9676320203785437,0,0,0,0,0,0,0,0,0,0,1,0,0,0,0,0,0,0,1,0,1,0,0
-0.06487587408433486,0.28753188012724307,-0.15023398874115845,245,-0.6990049600893694,1,0,0,0,0,0,0,0,0,0,1,0,0,0,0,0,0,0,1,0,0,0,1
-0.06487587408433486,0.28753188012724307,-0.34348144288268556,232,0.9676320203785437,0,0,0,0,0,0,0,0,0,0,1,0,0,0,0,0,0,0,1,0,1,0,0
-0.06487587408433486,0.28753188012724307,-0.11158449791285317,246,-0.6990049600893694,1,0,0,0,0,0,0,0,0,0,1,0,0,0,0,0,0,0,1,0,0,0,1
-0.06487587408433486,0.28753188012724307,-0.2275329703977697,238,0.9676320203785437,0,0,0,0,0,0,0,0,0,0,1,0,0,0,0,0,0,0,1,0,1,0,0
-0.06487587408433486,0.28753188012724307,-0.2275329703977697,238,0.9676320203785437,0,0,0,0,0,0,0,0,0,0,1,0,0,0,0,0,0,0,1,0,1,0,0
-0.06487587408433486,0.28753188012724307,0.5068073553400334,284,0.1343135301445871,1,0,0,0,0,0,0,0,0,0,0,0,0,0,0,0,0,0,1,1,0,0,0
-0.06487587408433486,0.28753188012724307,0.31355990119850635,271,-0.6990049600893694,1,0,0,0,0,0,0,0,0,0,0,0,0,0,0,0,0,0,1,0,0,0,1
-0.06487587408433486,0.28753188012724307,0.5068073553400334,282,0.1343135301445871,1,0,0,0,0,0,0,0,0,0,1,0,0,0,0,0,0,0,1,1,0,0,0
-0.06487587408433486,0.28753188012724307,0.3908588828551176,278,-0.6990049600893694,1,0,0,0,0,0,0,0,0,0,1,0,0,0,0,0,0,0,1,0,0,0,1
-0.06487587408433486,0.28753188012724307,0.5068073553400334,284,0.1343135301445871,1,0,0,0,0,0,0,0,0,0,0,0,0,0,0,0,0,0,1,1,0,0,0
-0.06487587408433486,0.28753188012724307,0.31355990119850635,271,-0.6990049600893694,1,0,0,0,0,0,0,0,0,0,0,0,0,0,0,0,0,0,1,0,0,0,1
1.0271094601923851,1.4596839789453286,1.5116941168759743,344,0.1343135301445871,1,0,1,0,0,0,0,0,0,0,0,0,0,0,0,0,0,0,1,1,0,0,0
1.0271094601923851,1.4596839789453286,1.12519920859292,321,-0.6990049600893694,1,0,1,0,0,0,0,0,0,0,0,0,0,0,0,0,0,0,1,0,0,0,1
1.0271094601923851,1.4596839789453286,1.5116941168759743,344,0.1343135301445871,1,0,0,0,0,0,0,0,0,0,0,0,0,0,0,0,0,0,1,1,0,0,0
1.0271094601923851,1.4596839789453286,1.12519920859292,321,-0.6990049600893694,1,0,0,0,0,0,0,0,0,0,0,0,0,0,0,0,0,0,1,0,0,0,1
1.0271094601923851,1.4596839789453286,1.5116941168759743,344,0.1343135301445871,1,0,0,0,0,0,0,0,0,0,1,0,0,0,0,0,0,0,1,1,0,0,0
1.0271094601923851,1.4596839789453286,1.12519920859292,321,-0.6990049600893694,1,0,0,0,0,0,0,0,0,0,1,0,0,0,0,0,0,0,1,0,0,0,1
1.0271094601923851,1.4596839789453286,1.5116941168759743,344,0.1343135301445871,1,0,0,0,0,0,0,0,0,0,0,0,0,0,0,0,0,0,1,1,0,0,0
1.0271094601923851,1.4596839789453286,1.12519920859292,321,-0.6990049600893694,1,0,0,0,0,0,0,0,0,0,0,0,0,0,0,0,0,0,1,0,0,0,1
-0.844865398567706,-0.8846202186908425,-0.614027878680824,215,0.9676320203785437,0,0,0,0,0,0,0,0,0,0,0,1,0,0,0,0,0,0,1,0,1,0,0
-0.844865398567706,-0.8846202186908425,-1.116471259448794,211,0.9676320203785437,0,0,0,0,0,0,0,0,0,0,0,1,0,0,0,0,0,0,0,0,1,0,0
-0.844865398567706,-0.8846202186908425,-0.34348144288268556,231,0.9676320203785437,0,0,0,0,0,0,0,0,0,0,0,1,0,0,0,0,0,0,1,0,1,0,0
-0.06487587408433486,0.28753188012724307,0.043013465400368656,257,0.9676320203785437,1,0,0,0,0,0,0,0,0,0,0,1,0,0,0,0,0,0,1,0,1,0,0
-0.06487587408433486,0.28753188012724307,0.1976114287135905,264,0.9676320203785437,1,0,0,0,0,0,0,0,0,0,0,1,0,0,0,0,0,0,1,0,1,0,0
-0.844865398567706,-0.8846202186908425,-0.2275329703977697,238,0.9676320203785437,0,0,0,0,0,0,0,0,0,0,0,1,0,0,0,0,0,0,1,0,1,0,0
-0.06487587408433486,0.28753188012724307,0.043013465400368656,257,0.9676320203785437,1,0,0,0,0,0,0,0,0,0,0,1,0,0,0,0,0,0,1,0,1,0,0
1.0271094601923851,1.4596839789453286,1.473044626047669,343,0.9676320203785437,1,0,0,0,0,0,0,0,0,0,0,0,1,0,0,0,0,0,1,0,1,0,0
-0.06487587408433486,0.28753188012724307,-0.7299763511657398,233,0.9676320203785437,0,0,0,0,0,0,0,0,0,0,0,0,1,0,0,0,0,0,0,0,1,0,0
-0.06487587408433486,0.28753188012724307,0.27491041037020103,269,0.9676320203785437,1,0,0,0,0,0,0,0,0,0,0,0,1,0,0,0,0,0,1,0,1,0,0
1.0271094601923851,1.4596839789453286,1.163848699421226,322,0.9676320203785437,1,0,0,0,0,0,0,0,0,0,0,0,1,0,0,0,0,0,1,0,1,0,0
1.0271094601923851,1.4596839789453286,1.473044626047669,343,0.9676320203785437,1,0,0,0,0,0,0,0,0,0,0,0,1,0,0,0,0,0,1,0,1,0,0
-0.06487587408433486,0.28753188012724307,0.27491041037020103,269,0.9676320203785437,1,0,0,0,0,0,0,0,0,0,0,0,1,0,0,0,0,0,1,0,1,0,0
1.0271094601923851,1.4596839789453286,1.163848699421226,322,0.9676320203785437,1,0,0,0,0,0,0,0,0,0,0,0,1,0,0,0,0,0,1,0,1,0,0
-0.844865398567706,-0.8846202186908425,-0.6526773695091292,212,0.9676320203785437,0,0,0,0,0,0,0,0,0,0,0,0,0,1,0,0,0,0,1,0,1,0,0
-0.844865398567706,-0.8846202186908425,-0.6913268603374345,211,-0.6990049600893694,0,0,0,0,0,0,0,0,0,0,0,0,0,1,0,0,0,0,1,0,0,0,1
-0.06487587408433486,0.28753188012724307,0.5068073553400334,282,0.1343135301445871,1,0,0,0,0,0,0,0,0,0,0,0,0,1,0,0,0,0,1,1,0,0,0
-0.06487587408433486,0.28753188012724307,0.5068073553400334,282,0.1343135301445871,1,0,0,0,0,0,0,0,0,0,0,0,0,1,0,0,0,0,1,1,0,0,0
0.40311784060568795,0.28753188012724307,1.0092507361080043,315,-0.6990049600893694,1,0,0,0,0,0,0,0,0,0,0,0,1,0,0,0,0,1,0,0,0,0,0
0.40311784060568795,0.28753188012724307,1.12519920859292,323,-0.6990049600893694,1,0,0,0,0,0,0,0,0,0,0,0,1,0,0,0,0,1,0,0,0,0,0
-1.312859113257729,-0.8846202186908425,-0.8845743144789616,199,-0.6990049600893694,0,0,0,0,0,0,0,0,0,0,0,1,0,0,0,0,0,1,0,0,1,0,0
-1.312859113257729,-0.8846202186908425,-0.614027878680824,215,-0.6990049600893694,0,0,0,0,0,0,0,0,0,0,0,1,0,0,0,0,0,1,0,0,1,0,0
-1.312859113257729,-0.8846202186908425,-1.1551207502770997,182,-0.6990049600893694,0,0,0,0,0,0,0,0,0,0,0,1,0,0,0,0,0,1,0,0,1,0,0
-1.312859113257729,-0.8846202186908425,-1.0005227869638782,192,-0.6990049600893694,0,0,0,0,0,0,0,0,0,0,0,1,0,0,0,0,0,1,0,0,1,0,0
-0.844865398567706,-0.8846202186908425,-0.07293500708454788,248,-0.6990049600893694,1,0,0,0,0,0,0,0,0,0,0,1,0,0,0,0,0,0,1,0,0,0,0
0.40311784060568795,0.28753188012724307,0.23626091954189576,268,-0.6990049600893694,1,0,1,0,0,0,0,0,0,0,0,0,0,0,0,0,0,1,0,0,1,0,0
0.40311784060568795,0.28753188012724307,1.9368385159873345,260,-0.6990049600893694,1,0,1,0,0,0,0,0,0,0,0,0,0,0,0,0,1,0,0,0,1,0,0
-0.5328695887743576,-0.8846202186908425,-1.0005227869638782,193,-0.6990049600893694,0,0,1,0,0,0,0,0,0,0,0,0,0,0,0,0,0,1,0,0,1,0,0
0.40311784060568795,0.28753188012724307,0.3522093920268116,274,-0.6990049600893694,1,0,1,0,0,0,0,0,0,0,0,0,0,0,0,0,0,1,0,0,1,0,0
0.40311784060568795,0.28753188012724307,1.9368385159873345,263,-0.6990049600893694,1,0,1,0,0,0,0,0,0,0,0,0,0,0,0,0,1,0,0,0,1,0,0
-0.844865398567706,-0.8846202186908425,-0.3821309337109908,231,-0.6990049600893694,0,0,1,0,0,0,0,0,0,0,0,0,0,0,0,0,0,0,1,0,1,0,0
-0.844865398567706,-0.8846202186908425,-0.3821309337109908,230,-0.6990049600893694,0,0,1,0,0,0,0,0,0,0,0,0,0,0,0,0,0,0,1,0,0,0,1
-0.5328695887743576,-0.8846202186908425,-1.0005227869638782,193,-0.6990049600893694,0,0,1,0,0,0,0,0,0,0,0,0,0,0,0,0,0,1,0,0,1,0,0
-0.844865398567706,-0.8846202186908425,-0.0342855162562426,252,-0.6990049600893694,1,0,1,0,0,0,0,0,0,0,0,0,0,0,0,0,0,0,1,0,1,0,0
-0.844865398567706,-0.8846202186908425,-0.3821309337109908,231,-0.6990049600893694,0,0,0,0,0,0,0,0,0,0,0,0,0,0,0,0,0,0,1,0,1,0,0
-0.844865398567706,-0.8846202186908425,-0.3821309337109908,230,-0.6990049600893694,0,0,0,0,0,0,0,0,0,0,0,0,0,0,0,0,0,0,1,0,0,0,1
-0.5328695887743576,-0.8846202186908425,-0.4594299153676021,224,-0.6990049600893694,0,0,0,0,0,0,0,0,0,0,0,0,0,0,0,0,0,1,0,0,1,0,0
-0.844865398567706,-0.8846202186908425,-0.614027878680824,215,0.9676320203785437,0,0,0,0,0,0,0,0,0,0,0,0,0,0,0,0,0,0,1,0,1,0,0
-0.844865398567706,-0.8846202186908425,-0.18888347956946375,240,-0.6990049600893694,0,0,0,0,0,0,0,0,0,0,0,0,0,0,0,0,0,0,1,0,0,0,1
-0.4548706363260205,-0.8846202186908425,-0.6526773695091292,214,0.9676320203785437,0,0,0,0,0,0,0,0,0,0,0,0,0,0,0,0,0,1,0,0,1,0,0
0.40311784060568795,0.28753188012724307,-0.34348144288268556,233,0.9676320203785437,0,0,0,0,0,0,0,0,0,0,0,0,0,0,0,0,0,1,0,0,1,0,0
-0.844865398567706,-0.8846202186908425,-0.5367288970242127,221,0.9676320203785437,0,0,0,0,0,0,0,0,0,0,0,0,0,0,0,0,0,0,1,0,1,0,0
0.40311784060568795,0.28753188012724307,-0.11158449791285317,247,0.9676320203785437,1,0,0,0,0,0,0,0,0,0,0,0,0,0,0,0,0,1,0,0,1,0,0
0.40311784060568795,0.28753188012724307,0.6614053186532552,293,0.9676320203785437,1,0,0,0,0,0,0,0,0,0,0,0,0,0,0,0,0,0,1,0,1,0,0
0.40311784060568795,0.28753188012724307,0.62275582782495,289,-0.6990049600893694,1,0,0,0,0,0,0,0,0,0,0,0,0,0,0,0,0,0,1,0,0,0,1
-0.844865398567706,-0.8846202186908425,-0.4980794061959074,222,0.9676320203785437,0,1,0,0,0,0,0,0,0,0,0,0,0,0,0,0,0,0,1,0,1,0,0
-0.06487587408433486,0.28753188012724307,0.1589619378852845,263,0.9676320203785437,1,1,0,0,0,0,0,0,0,0,0,0,0,0,0,0,0,0,1,0,1,0,0
0.40311784060568795,0.28753188012724307,0.08166295622867395,257,0.9676320203785437,1,1,0,0,0,0,0,0,0,0,0,0,0,0,0,0,0,1,0,0,1,0,0
-0.844865398567706,-0.8846202186908425,-0.4980794061959074,221,0.9676320203785437,0,0,1,0,0,0,0,0,0,0,0,0,0,0,0,0,0,0,1,0,1,0,0
0.40311784060568795,0.28753188012724307,-0.34348144288268556,233,0.9676320203785437,0,0,1,0,0,0,0,0,0,0,0,0,0,0,0,0,0,1,0,0,1,0,0
-0.844865398567706,-0.8846202186908425,-0.3821309337109908,229,0.9676320203785437,0,0,1,0,0,0,0,0,0,0,0,0,0,0,0,0,0,0,1,0,1,0,0
0.40311784060568795,0.28753188012724307,-0.11158449791285317,247,0.9676320203785437,1,0,1,0,0,0,0,0,0,0,0,0,0,0,0,0,0,1,0,0,1,0,0
0.40311784060568795,0.28753188012724307,0.6614053186532552,293,0.9676320203785437,1,0,1,0,0,0,0,0,0,0,0,0,0,0,0,0,0,0,1,0,1,0,0
2.431090604262453,1.4596839789453286,1.2797971719061418,332,0.9676320203785437,1,0,1,0,0,0,0,0,0,0,0,0,0,0,0,0,0,0,1,0,1,0,0
2.431090604262453,1.4596839789453286,1.2024981902495313,325,0.9676320203785437,1,0,0,0,0,0,0,0,0,0,0,0,1,0,0,0,0,0,1,0,0,0,0
0.40311784060568795,0.28753188012724307,0.5841063369966447,287,-0.6990049600893694,1,0,0,0,0,0,0,0,0,0,0,0,1,0,0,0,0,1,0,0,1,0,0
0.40311784060568795,0.28753188012724307,0.7773537911381718,300,-0.6990049600893694,1,0,0,0,0,0,0,0,0,0,0,0,1,0,0,0,0,1,0,0,1,0,0
0.40311784060568795,0.28753188012724307,0.1976114287135905,263,-0.6990049600893694,1,1,0,0,0,0,0,0,0,0,0,0,0,0,0,0,0,1,0,0,1,0,0
0.40311784060568795,0.28753188012724307,0.31355990119850635,273,-0.6990049600893694,1,1,0,0,0,0,0,0,0,0,0,0,0,0,0,0,0,1,0,0,1,0,0
0.40311784060568795,0.28753188012724307,0.7773537911381718,302,-0.6990049600893694,1,1,0,0,0,0,0,0,0,0,0,0,0,0,0,0,0,0,1,0,1,0,0
-0.844865398567706,-0.8846202186908425,-0.5753783878525179,218,0.9676320203785437,0,0,0,0,0,0,0,0,0,0,0,0,0,0,0,0,0,0,1,0,1,0,0
-0.844865398567706,-0.8846202186908425,-0.3821309337109908,229,-0.6990049600893694,0,0,0,0,0,0,0,0,0,0,0,0,0,0,0,0,0,0,1,0,0,0,1
0.40311784060568795,0.28753188012724307,-0.07293500708454788,248,0.9676320203785437,1,0,0,0,0,0,0,0,0,0,0,0,0,0,0,0,0,1,0,0,1,0,0
0.40311784060568795,0.28753188012724307,0.1589619378852845,261,-0.6990049600893694,1,0,0,0,0,0,0,0,0,0,0,0,0,0,0,0,0,1,0,0,0,0,1
2.431090604262453,1.4596839789453286,0.31355990119850635,272,0.9676320203785437,1,0,0,0,0,0,0,0,0,0,0,0,0,0,0,0,0,0,1,0,1,0,0
2.431090604262453,1.4596839789453286,0.5068073553400334,284,-0.6990049600893694,1,0,0,0,0,0,0,0,0,0,0,0,0,0,0,0,0,0,1,0,0,0,1
-0.844865398567706,-0.8846202186908425,-0.5367288970242127,220,-0.6990049600893694,0,0,0,0,0,0,0,1,0,0,0,0,0,0,0,0,0,1,0,0,0,1,0
-0.4548706363260205,-0.8846202186908425,-0.11158449791285317,247,-0.6990049600893694,1,0,0,0,0,1,0,0,0,0,0,0,0,0,0,0,0,1,0,0,0,0,0
-0.4548706363260205,-0.8846202186908425,0.004363974572063373,253,-0.6990049600893694,1,0,0,0,0,1,0,0,0,0,0,0,0,0,0,0,0,1,0,0,0,0,1
-0.22087377898100924,-0.8846202186908425,-0.5367288970242127,252,-0.6990049600893694,1,0,0,0,0,1,0,0,0,0,0,0,0,0,0,0,0,0,0,0,0,0,0
0.40311784060568795,0.28753188012724307,0.1976114287135905,265,-0.6990049600893694,1,0,0,0,0,1,0,0,0,0,0,0,0,0,0,0,0,1,0,0,0,0,0
-0.4548706363260205,-0.8846202186908425,0.1976114287135905,265,-0.6990049600893694,1,0,0,0,0,1,0,0,0,0,0,0,0,0,0,0,0,1,0,0,0,0,0
-0.22087377898100924,-0.8846202186908425,-0.18888347956946375,277,-0.6990049600893694,1,0,0,0,0,1,0,0,0,0,0,0,0,0,0,0,0,0,0,0,0,0,0
0.40311784060568795,0.28753188012724307,0.4295083736834229,279,-0.6990049600893694,1,0,0,0,0,1,0,0,0,0,0,0,0,0,0,0,0,1,0,0,0,0,0
2.431090604262453,1.4596839789453286,0.3522093920268116,275,0.9676320203785437,1,0,0,0,0,0,0,0,0,0,0,0,0,1,0,0,0,0,1,0,1,0,0
2.431090604262453,1.4596839789453286,0.1589619378852845,263,0.1343135301445871,1,0,0,0,0,0,0,0,0,0,0,0,0,1,0,0,0,0,1,0,0,0,1
2.431090604262453,1.4596839789453286,1.3570961535627533,335,0.9676320203785437,1,0,0,0,0,0,0,0,0,0,0,0,0,1,0,0,0,0,1,0,1,0,0
2.431090604262453,1.4596839789453286,1.0092507361080043,313,0.1343135301445871,1,0,0,0,0,0,0,0,0,0,0,0,0,1,0,0,0,0,1,0,0,0,1
-1.312859113257729,-0.8846202186908425,-1.541615658560154,159,-0.6990049600893694,0,0,0,0,0,0,0,0,0,0,0,0,0,0,0,0,0,1,0,0,1,0,0
-1.312859113257729,-0.8846202186908425,-1.4256671860752377,167,-0.6990049600893694,0,0,0,0,0,0,0,0,0,0,0,0,0,0,0,0,0,1,0,0,0,0,1
-1.312859113257729,-0.8846202186908425,-1.5029661677318482,160,-0.6990049600893694,0,0,0,0,0,0,0,0,0,0,0,0,0,0,0,0,0,1,0,0,1,0,0
-1.312859113257729,-0.8846202186908425,-1.1551207502770997,184,-0.6990049600893694,0,0,1,0,0,0,0,0,0,0,0,0,0,0,0,0,0,1,0,0,1,0,0
-1.312859113257729,-0.8846202186908425,-1.1551207502770997,182,-0.6990049600893694,0,0,1,0,0,0,0,0,0,0,0,0,0,0,0,0,0,1,0,0,0,0,1
-1.0008633034643803,-0.8846202186908425,-0.768625841994045,207,-0.6990049600893694,0,0,1,0,0,0,0,0,0,0,0,0,0,0,0,0,0,1,0,0,1,0,0
-1.0008633034643803,-0.8846202186908425,-1.0391722777921835,190,-0.6990049600893694,0,0,1,0,0,0,0,0,0,0,0,0,0,0,0,0,0,1,0,0,0,0,1
-1.312859113257729,-0.8846202186908425,-1.193770241105405,181,-0.6990049600893694,0,0,1,0,0,0,0,0,0,0,0,0,0,0,0,0,0,1,0,0,0,0,0
-1.312859113257729,-0.8846202186908425,-1.4256671860752377,167,-0.6990049600893694,0,0,1,0,0,0,0,0,0,0,0,0,0,0,0,0,0,1,0,0,0,0,1
-0.5328695887743576,-0.8846202186908425,-0.6526773695091292,214,-0.6990049600893694,0,0,0,0,0,0,0,0,0,0,0,1,0,0,0,0,0,1,0,0,0,0,0
0.40311784060568795,0.28753188012724307,0.5068073553400334,285,-0.6990049600893694,1,0,0,0,0,0,0,0,0,0,0,1,0,0,0,0,0,1,0,0,0,0,0
-0.5328695887743576,-0.8846202186908425,-0.6526773695091292,214,-0.6990049600893694,0,0,0,0,0,0,0,0,0,0,0,1,0,0,0,0,0,1,0,0,0,0,0
-0.5328695887743576,-0.8846202186908425,1.0092507361080043,221,-0.6990049600893694,0,0,0,0,0,0,0,0,0,0,0,1,0,0,0,0,1,0,0,0,0,0,0
-0.5328695887743576,-0.8846202186908425,-0.3048319520543803,235,-0.6990049600893694,0,0,0,0,0,0,0,0,0,0,0,1,0,0,0,0,0,1,0,0,0,0,0
0.40311784060568795,0.28753188012724307,0.7773537911381718,300,-0.6990049600893694,1,0,0,0,0,0,0,0,0,0,0,1,0,0,0,0,0,1,0,0,0,0,0
-0.5328695887743576,-0.8846202186908425,-0.3048319520543803,235,-0.6990049600893694,0,0,0,0,0,0,0,0,0,0,0,1,0,0,0,0,0,1,0,0,0,0,0
-0.5328695887743576,-0.8846202186908425,1.318446662734447,236,-0.6990049600893694,0,0,0,0,0,0,0,0,0,0,0,1,0,0,0,0,1,0,0,0,0,0,0
-0.4548706363260205,-0.8846202186908425,-0.614027878680824,215,-0.6990049600893694,0,1,0,0,0,0,0,0,0,0,0,0,0,0,0,0,0,1,0,0,1,0,0
0.40311784060568795,0.28753188012724307,-0.07293500708454788,248,-0.6990049600893694,1,1,0,0,0,0,0,0,0,0,0,0,0,0,0,0,0,1,0,0,1,0,0
0.40311784060568795,0.28753188012724307,1.4343951352193638,239,-0.6990049600893694,0,1,0,0,0,0,0,0,0,0,0,0,0,0,0,0,1,0,0,0,1,0,0
0.40311784060568795,0.28753188012724307,0.4295083736834229,272,-0.6990049600893694,1,0,1,0,0,0,0,0,0,0,0,0,0,0,0,0,0,1,0,0,1,0,0
-1.2348601608093916,-0.8846202186908425,-1.2324197319337105,179,-0.6990049600893694,0,0,1,0,0,0,0,0,0,0,0,0,0,0,0,0,0,1,0,0,0,0,0
-0.844865398567706,-0.8846202186908425,-0.6913268603374345,211,0.9676320203785437,0,0,1,0,0,0,0,0,0,0,0,0,0,0,0,0,0,0,1,0,1,0,0
-0.4548706363260205,-0.8846202186908425,-0.8459248236506564,202,-0.6990049600893694,0,0,1,0,0,0,0,0,0,0,0,0,0,0,0,0,0,1,0,0,1,0,0
-1.0008633034643803,-0.8846202186908425,-2.198657002641346,122,-0.6990049600893694,0,0,1,0,0,0,0,0,0,0,0,0,0,0,0,0,0,1,0,0,0,1,0
1.7291000322274188,1.4596839789453286,0.7387043003098659,298,-0.6990049600893694,1,0,0,0,0,0,1,0,0,0,0,0,0,0,0,0,0,1,0,0,0,0,0
2.431090604262453,1.4596839789453286,1.2411476810778366,328,0.9676320203785437,1,0,0,0,0,0,1,0,0,0,0,0,0,0,0,0,0,0,1,0,0,0,0
0.9491105077440476,0.28753188012724307,0.4295083736834229,280,-0.6990049600893694,1,0,0,0,0,0,1,0,0,0,0,0,0,0,0,0,0,1,0,0,0,0,0
0.9491105077440476,0.28753188012724307,2.4392818967553054,284,-0.6990049600893694,1,0,0,0,0,0,1,0,0,0,0,0,0,0,0,0,1,0,0,0,0,0,0
1.7291000322274188,1.4596839789453286,0.7387043003098659,298,-0.6990049600893694,1,0,0,0,0,0,1,0,0,0,0,0,0,0,0,0,0,1,0,0,0,0,0
1.7291000322274188,1.4596839789453286,2.47793138758361,286,-0.6990049600893694,1,0,0,0,0,0,1,0,0,0,0,0,0,0,0,0,1,0,0,0,0,0,0
1.7291000322274188,1.4596839789453286,0.8933022636230876,307,-0.6990049600893694,1,0,0,0,0,0,1,0,0,0,0,0,0,0,0,0,0,1,0,0,0,0,0
2.431090604262453,1.4596839789453286,1.318446662734447,332,0.9676320203785437,1,0,0,0,0,0,1,0,0,0,0,0,0,0,0,0,0,0,1,0,0,0,0
0.9491105077440476,0.28753188012724307,0.7000548094815605,296,-0.6990049600893694,1,0,0,0,0,0,1,0,0,0,0,0,0,0,0,0,0,1,0,0,0,0,0
0.9491105077440476,0.28753188012724307,2.8257768050383594,301,-0.6990049600893694,1,0,0,0,0,0,1,0,0,0,0,0,0,0,0,0,1,0,0,0,0,0,0
1.7291000322274188,1.4596839789453286,0.8933022636230876,306,-0.6990049600893694,1,0,0,0,0,0,1,0,0,0,0,0,0,0,0,0,0,1,0,0,0,0,0
1.7291000322274188,1.4596839789453286,2.709828332553443,295,-0.6990049600893694,1,0,0,0,0,0,1,0,0,0,0,0,0,0,0,0,1,0,0,0,0,0,0
1.7291000322274188,1.4596839789453286,0.8546527727947824,304,0.9676320203785437,1,0,0,0,0,0,1,0,0,0,0,0,0,0,0,0,0,1,0,0,0,0,0
-1.312859113257729,-0.8846202186908425,-1.0778217686204887,188,-0.6990049600893694,0,0,0,0,0,0,0,0,0,0,0,0,0,0,0,0,0,1,0,0,1,0,0
-1.312859113257729,-0.8846202186908425,-1.271069222762016,175,-0.6990049600893694,0,0,0,0,0,0,0,0,0,0,0,0,0,0,0,0,0,1,0,0,0,0,1
-1.0008633034643803,-0.8846202186908425,-0.9618732961355722,195,-0.6990049600893694,0,0,0,0,0,0,0,0,0,0,0,0,0,0,0,0,0,1,0,0,1,0,0
-1.0008633034643803,-0.8846202186908425,-1.0778217686204887,187,-1.532323450323326,0,0,0,0,0,0,0,0,0,0,0,0,0,0,0,0,0,1,0,0,0,0,1
-1.312859113257729,-0.8846202186908425,-0.9232238053072669,195,-0.6990049600893694,0,0,0,0,0,0,0,0,0,0,0,0,0,0,0,0,0,1,0,0,1,0,0
-1.312859113257729,-0.8846202186908425,-1.0778217686204887,189,-0.6990049600893694,0,0,0,0,0,0,0,0,0,0,0,0,0,0,0,0,0,1,0,0,0,0,1
-1.312859113257729,-0.8846202186908425,-1.0778217686204887,188,-0.6990049600893694,0,0,0,0,0,0,0,0,0,1,0,0,0,0,0,0,0,1,0,0,1,0,0
-1.312859113257729,-0.8846202186908425,-1.271069222762016,175,-0.6990049600893694,0,0,0,0,0,0,0,0,0,1,0,0,0,0,0,0,0,1,0,0,0,0,1
-1.0008633034643803,-0.8846202186908425,-0.9618732961355722,195,-0.6990049600893694,0,0,0,0,0,0,0,0,0,1,0,0,0,0,0,0,0,1,0,0,1,0,0
-1.0008633034643803,-0.8846202186908425,-1.0778217686204887,187,-1.532323450323326,0,0,0,0,0,0,0,0,0,1,0,0,0,0,0,0,0,1,0,0,0,0,1
-1.312859113257729,-0.8846202186908425,-0.9232238053072669,195,-0.6990049600893694,0,0,0,0,0,0,0,0,0,1,0,0,0,0,0,0,0,1,0,0,1,0,0
-1.312859113257729,-0.8846202186908425,-1.0778217686204887,189,-0.6990049600893694,0,0,0,0,0,0,0,0,0,1,0,0,0,0,0,0,0,1,0,0,0,0,1
-1.312859113257729,-0.8846202186908425,-1.5802651493884592,157,-0.6990049600893694,0,0,0,0,0,0,0,0,0,0,1,0,0,0,0,0,0,1,0,0,0,1,0
-1.312859113257729,-0.8846202186908425,-1.5029661677318482,162,-1.532323450323326,0,0,0,0,0,0,0,0,0,0,1,0,0,0,0,0,0,1,0,0,0,0,1
1.7291000322274188,1.4596839789453286,0.8546527727947824,304,-0.6990049600893694,1,0,0,0,0,0,0,0,0,0,0,0,1,0,0,0,0,1,0,0,0,0,0
1.7291000322274188,1.4596839789453286,0.8546527727947824,304,-0.6990049600893694,1,0,0,0,0,0,0,0,0,0,0,0,1,0,0,0,0,1,0,0,0,0,0
1.7291000322274188,1.4596839789453286,2.6325293508968324,288,-0.6990049600893694,1,0,0,0,0,0,0,0,0,0,0,0,1,0,0,0,1,0,0,0,0,0,0
1.7291000322274188,1.4596839789453286,0.9706012452796989,312,-0.6990049600893694,1,0,0,0,0,0,0,0,0,0,0,0,1,0,0,0,0,1,0,0,0,0,0
1.7291000322274188,1.4596839789453286,0.9706012452796989,312,-0.6990049600893694,1,0,0,0,0,0,0,0,0,0,0,0,1,0,0,0,0,1,0,0,0,0,0
1.7291000322274188,1.4596839789453286,0.8546527727947824,304,-0.6990049600893694,1,0,0,0,0,0,0,0,0,0,0,0,1,0,0,0,0,1,0,0,0,0,0
1.7291000322274188,1.4596839789453286,0.8546527727947824,304,-0.6990049600893694,1,0,0,0,0,0,0,0,0,0,0,0,1,0,0,0,0,1,0,0,0,0,0
1.7291000322274188,1.4596839789453286,2.6325293508968324,288,-0.6990049600893694,1,0,0,0,0,0,0,0,0,0,0,0,1,0,0,0,1,0,0,0,0,0,0
1.7291000322274188,1.4596839789453286,0.931951754451393,310,-0.6990049600893694,1,0,0,0,0,0,0,0,0,0,0,0,1,0,0,0,0,1,0,0,0,0,0
1.7291000322274188,1.4596839789453286,0.931951754451393,310,-0.6990049600893694,1,0,0,0,0,0,0,0,0,0,0,0,1,0,0,0,0,1,0,0,0,0,0
1.7291000322274188,1.4596839789453286,2.7871273142100534,300,-0.6990049600893694,1,0,0,0,0,0,0,0,0,0,0,0,1,0,0,0,1,0,0,0,0,0,0
0.40311784060568795,0.28753188012724307,1.0092507361080043,315,-0.6990049600893694,1,0,0,0,0,0,0,0,0,0,0,0,1,0,0,0,0,1,0,0,0,0,0
0.40311784060568795,0.28753188012724307,1.12519920859292,323,-0.6990049600893694,1,0,0,0,0,0,0,0,0,0,0,0,1,0,0,0,0,1,0,0,0,0,0
-1.312859113257729,-0.8846202186908425,-1.0005227869638782,193,-0.6990049600893694,0,0,0,0,0,0,0,0,0,0,0,1,0,0,0,0,0,1,0,0,1,0,0
-1.312859113257729,-0.8846202186908425,-1.0391722777921835,190,-0.6990049600893694,0,0,0,0,0,0,0,0,0,0,0,1,0,0,0,0,0,1,0,0,0,0,1
-1.312859113257729,-0.8846202186908425,-0.8072753328223511,205,-0.6990049600893694,0,0,0,0,0,0,0,0,0,0,0,1,0,0,0,0,0,1,0,0,1,0,0
-0.5328695887743576,-0.8846202186908425,-0.8845743144789616,198,1.8009505106125,0,0,1,0,0,0,0,0,0,0,0,0,0,0,0,0,0,1,0,0,0,0,0
-0.5328695887743576,-0.8846202186908425,0.1976114287135905,186,1.8009505106125,0,0,1,0,0,0,0,0,0,0,0,0,0,0,0,0,1,0,0,0,0,0,0
0.40311784060568795,0.28753188012724307,-0.2275329703977697,239,1.8009505106125,0,0,1,0,0,0,0,0,0,0,0,0,0,0,0,0,0,1,0,0,0,0,0
0.40311784060568795,0.28753188012724307,1.0865497177646148,225,1.8009505106125,0,0,1,0,0,0,0,0,0,0,0,0,0,0,0,0,1,0,0,0,0,0,0
0.40311784060568795,0.28753188012724307,-0.0342855162562426,250,1.8009505106125,1,0,1,0,0,0,0,0,0,0,0,0,0,0,0,0,0,1,0,0,0,0,0
0.40311784060568795,0.28753188012724307,1.2797971719061418,232,1.8009505106125,0,0,1,0,0,0,0,0,0,0,0,0,0,0,0,0,1,0,0,0,0,0,0
0.40311784060568795,0.28753188012724307,-0.18888347956946375,240,0.9676320203785437,0,1,0,0,0,0,0,0,0,0,0,0,0,0,0,0,0,1,0,0,0,0,0
0.40311784060568795,0.28753188012724307,-0.18888347956946375,240,0.9676320203785437,0,1,0,0,0,0,0,0,0,0,0,0,0,0,0,0,0,1,0,0,0,0,0
0.40311784060568795,0.28753188012724307,1.2024981902495313,229,0.9676320203785437,0,1,0,0,0,0,0,0,0,0,0,0,0,0,0,0,1,0,0,0,0,0,0
2.0410958420207677,1.4596839789453286,0.5841063369966447,289,0.9676320203785437,1,1,0,0,0,0,0,0,0,0,0,0,0,0,0,0,0,1,0,0,0,0,0
0.40311784060568795,0.28753188012724307,0.043013465400368656,257,0.9676320203785437,1,1,0,0,0,0,0,0,0,0,0,0,0,0,0,0,0,1,0,0,0,0,0
0.40311784060568795,0.28753188012724307,0.043013465400368656,257,0.9676320203785437,1,1,0,0,0,0,0,0,0,0,0,0,0,0,0,0,0,1,0,0,0,0,0
0.40311784060568795,0.28753188012724307,1.5503436077042803,243,0.9676320203785437,0,1,0,0,0,0,0,0,0,0,0,0,0,0,0,0,1,0,0,0,0,0,0
0.40311784060568795,0.28753188012724307,0.4681578645117282,282,-0.6990049600893694,1,0,0,0,1,0,0,0,0,0,0,0,0,0,0,0,0,1,0,0,0,0,0
0.40311784060568795,0.28753188012724307,2.323333424270389,279,-0.6990049600893694,1,0,0,0,1,0,0,0,0,0,0,0,0,0,0,0,1,0,0,0,0,0,0
0.40311784060568795,0.28753188012724307,-0.18888347956946375,242,0.9676320203785437,0,0,1,0,0,0,0,0,0,0,0,0,0,0,0,0,0,1,0,0,0,0,0
2.0410958420207677,1.4596839789453286,0.8933022636230876,307,-0.6990049600893694,1,0,1,0,0,0,0,0,0,0,0,0,0,0,0,0,0,1,0,0,0,0,1
2.5870885091591274,1.4596839789453286,1.2024981902495313,326,-0.6990049600893694,1,0,1,0,0,0,0,0,0,0,0,0,0,0,0,0,0,0,1,0,0,0,1
2.0410958420207677,1.4596839789453286,0.5841063369966447,289,0.9676320203785437,1,0,1,0,0,0,0,0,0,0,0,0,0,0,0,0,0,1,0,0,0,0,0
2.5870885091591274,1.4596839789453286,0.8160032819664771,302,0.9676320203785437,1,0,1,0,0,0,0,0,0,0,0,0,0,0,0,0,0,0,1,0,0,0,0
2.5870885091591274,1.4596839789453286,1.2024981902495313,326,-0.6990049600893694,1,0,1,0,0,0,0,0,0,0,0,0,0,0,0,0,0,0,1,0,0,0,1
2.5870885091591274,1.4596839789453286,0.8160032819664771,302,0.9676320203785437,1,0,1,0,0,0,0,0,0,0,0,0,0,0,0,0,0,0,1,0,0,0,0
2.431090604262453,1.4596839789453286,1.4343951352193638,339,0.9676320203785437,1,0,1,0,0,0,0,0,0,0,0,0,0,0,0,0,0,0,1,0,0,0,0
2.431090604262453,1.4596839789453286,1.666292080189196,353,-0.6990049600893694,1,0,1,0,0,0,0,0,0,0,0,0,0,0,0,0,0,0,1,0,0,0,1
0.40311784060568795,0.28753188012724307,0.27491041037020103,271,-1.532323450323326,1,1,0,0,0,0,0,0,0,0,0,0,0,0,0,0,0,1,0,0,0,0,0
0.40311784060568795,0.28753188012724307,-0.18888347956946375,240,0.9676320203785437,0,1,0,0,0,0,0,0,0,0,0,0,0,0,0,0,0,1,0,0,0,0,0
0.40311784060568795,0.28753188012724307,0.27491041037020103,271,-1.532323450323326,1,1,0,0,0,0,0,0,0,0,0,0,0,0,0,0,0,1,0,0,0,0,0
0.40311784060568795,0.28753188012724307,1.9754880068156397,264,-1.532323450323326,1,1,0,0,0,0,0,0,0,0,0,0,0,0,0,0,1,0,0,0,0,0,0
0.40311784060568795,0.28753188012724307,-0.18888347956946375,240,0.9676320203785437,0,1,0,0,0,0,0,0,0,0,0,0,0,0,0,0,0,1,0,0,0,0,0
0.40311784060568795,0.28753188012724307,1.2024981902495313,229,0.9676320203785437,0,1,0,0,0,0,0,0,0,0,0,0,0,0,0,0,1,0,0,0,0,0,0
2.0410958420207677,1.4596839789453286,0.8160032819664771,302,-1.532323450323326,1,1,0,0,0,0,0,0,0,0,0,0,0,0,0,0,0,1,0,0,0,0,0
2.0410958420207677,1.4596839789453286,0.5841063369966447,289,0.9676320203785437,1,1,0,0,0,0,0,0,0,0,0,0,0,0,0,0,0,1,0,0,0,0,0
2.5870885091591274,1.4596839789453286,0.8160032819664771,302,0.9676320203785437,1,1,0,0,0,0,0,0,0,0,0,0,0,0,0,0,0,0,1,0,0,0,0
0.40311784060568795,0.28753188012724307,0.043013465400368656,257,0.9676320203785437,1,1,0,0,0,0,0,0,0,0,0,0,0,0,0,0,0,1,0,0,0,0,0
0.40311784060568795,0.28753188012724307,0.043013465400368656,257,0.9676320203785437,1,1,0,0,0,0,0,0,0,0,0,0,0,0,0,0,0,1,0,0,0,0,0
0.40311784060568795,0.28753188012724307,1.5503436077042803,243,0.9676320203785437,0,1,0,0,0,0,0,0,0,0,0,0,0,0,0,0,1,0,0,0,0,0,0
2.0410958420207677,1.4596839789453286,1.0092507361080043,313,-1.532323450323326,1,1,0,0,0,0,0,0,0,0,0,0,0,0,0,0,0,1,0,0,0,0,0
2.5870885091591274,1.4596839789453286,0.8160032819664771,302,0.9676320203785437,1,1,0,0,0,0,0,0,0,0,0,0,0,0,0,0,0,0,1,0,0,0,0
2.431090604262453,1.4596839789453286,1.4343951352193638,339,0.9676320203785437,1,1,0,0,0,0,0,0,0,0,0,0,0,0,0,0,0,0,1,0,0,0,0
-0.844865398567706,-0.8846202186908425,-1.0391722777921835,189,-0.6990049600893694,0,0,1,0,0,0,0,0,0,0,0,0,0,0,0,0,0,1,0,0,0,0,1
-0.5328695887743576,-0.8846202186908425,-0.8459248236506564,202,-0.6990049600893694,0,0,1,0,0,0,0,0,0,0,0,0,0,0,0,0,0,1,0,0,0,0,0
-0.5328695887743576,-0.8846202186908425,-0.768625841994045,205,-0.6990049600893694,0,0,1,0,0,0,0,0,0,0,0,0,0,0,0,0,0,1,0,0,0,0,1
-0.844865398567706,-0.8846202186908425,-0.8459248236506564,201,-0.6990049600893694,0,0,1,0,0,0,0,0,0,0,0,0,0,0,0,0,0,1,0,0,0,0,0
-0.844865398567706,-0.8846202186908425,0.27491041037020103,187,-0.6990049600893694,0,0,1,0,0,0,0,0,0,0,0,0,0,0,0,0,1,0,0,0,0,0,0
-0.5328695887743576,-0.8846202186908425,-0.614027878680824,215,-0.6990049600893694,0,0,1,0,0,0,0,0,0,0,0,0,0,0,0,0,0,1,0,0,0,0,0
-0.5328695887743576,-0.8846202186908425,-0.768625841994045,207,-0.6990049600893694,0,0,1,0,0,0,0,0,0,0,0,0,0,0,0,0,0,1,0,0,0,0,1
-1.312859113257729,-0.8846202186908425,-1.3483682044186267,171,-0.6990049600893694,0,0,1,0,0,0,0,0,0,0,0,0,0,0,0,0,0,1,0,1,0,0,0
-1.312859113257729,-0.8846202186908425,-1.3483682044186267,171,-0.6990049600893694,0,0,1,0,0,0,0,0,0,0,0,0,0,0,0,0,0,1,0,0,0,0,1
0.40311784060568795,0.28753188012724307,0.1976114287135905,265,0.9676320203785437,1,0,0,0,0,0,0,0,0,0,0,0,1,0,0,0,0,1,0,0,0,0,0
2.0410958420207677,1.4596839789453286,1.2411476810778366,329,0.9676320203785437,1,0,0,0,0,0,0,0,0,0,0,0,1,0,0,0,0,1,0,0,0,0,0
0.40311784060568795,0.28753188012724307,0.3908588828551176,276,-0.6990049600893694,1,0,0,0,1,0,0,0,0,0,0,0,0,0,0,0,0,1,0,0,0,0,0
0.40311784060568795,0.28753188012724307,2.168735460957166,269,-0.6990049600893694,1,0,0,0,1,0,0,0,0,0,0,0,0,0,0,0,1,0,0,0,0,0,0
-0.5328695887743576,-0.8846202186908425,0.12031244705697923,260,-2.3656419405572824,1,0,0,0,0,0,0,0,0,0,0,1,0,0,0,0,0,1,0,0,0,0,0
0.40311784060568795,0.28753188012724307,0.5068073553400334,283,-0.6990049600893694,1,0,0,0,0,0,0,0,0,0,0,1,0,0,0,0,0,1,0,0,0,0,0
0.40311784060568795,0.28753188012724307,2.0914364793005555,270,-0.6990049600893694,1,0,0,0,0,0,0,0,0,0,0,1,0,0,0,0,1,0,0,0,0,0,0
0.40311784060568795,0.28753188012724307,0.62275582782495,292,-0.6990049600893694,1,0,0,0,0,0,0,0,0,0,0,1,0,0,0,0,0,1,0,0,0,0,0
-1.312859113257729,-0.8846202186908425,-1.116471259448794,183,-0.6990049600893694,0,0,0,1,0,0,0,0,0,0,0,0,0,0,0,0,0,1,0,0,0,0,0
-1.312859113257729,-0.8846202186908425,-1.387017695246932,168,-1.532323450323326,0,0,0,1,0,0,0,0,0,0,0,0,0,0,0,0,0,1,0,0,0,0,1
-1.312859113257729,-0.8846202186908425,-1.116471259448794,183,-0.6990049600893694,0,0,0,1,0,0,0,0,0,0,0,0,0,0,0,0,0,1,0,0,0,0,0
-1.312859113257729,-0.8846202186908425,-1.541615658560154,160,-1.532323450323326,0,0,0,1,0,0,0,0,0,0,0,0,0,0,0,0,0,1,0,0,0,0,1
-1.312859113257729,-0.8846202186908425,-0.8459248236506564,200,-0.6990049600893694,0,0,0,1,0,0,0,0,0,0,0,0,0,0,0,0,0,1,0,0,0,0,0
-1.312859113257729,-0.8846202186908425,-1.1551207502770997,183,-1.532323450323326,0,0,0,1,0,0,0,0,0,0,0,0,0,0,0,0,0,1,0,0,0,0,1
-1.312859113257729,-0.8846202186908425,-0.8459248236506564,200,-0.6990049600893694,0,0,0,1,0,0,0,0,0,0,0,0,0,0,0,0,0,1,0,0,0,0,0
-1.312859113257729,-0.8846202186908425,-1.1551207502770997,183,-1.532323450323326,0,0,0,1,0,0,0,0,0,0,0,0,0,0,0,0,0,1,0,0,0,0,1
-1.312859113257729,-0.8846202186908425,-0.8459248236506564,200,-0.6990049600893694,0,0,0,1,0,0,0,0,0,0,0,0,0,0,0,0,0,1,0,0,0,0,0
-1.312859113257729,-0.8846202186908425,-1.1551207502770997,183,-1.532323450323326,0,0,0,1,0,0,0,0,0,0,0,0,0,0,0,0,0,1,0,0,0,0,1
-1.312859113257729,-0.8846202186908425,-0.5367288970242127,218,-0.6990049600893694,0,0,0,0,0,0,0,0,0,1,0,0,0,0,0,0,0,1,0,0,0,0,0
-1.312859113257729,-0.8846202186908425,-0.8072753328223511,203,-0.6990049600893694,0,0,0,0,0,0,0,0,0,1,0,0,0,0,0,0,0,1,0,1,0,0,0
-1.312859113257729,-0.8846202186908425,-0.9618732961355722,194,-0.6990049600893694,0,0,0,0,0,0,0,0,0,1,0,0,0,0,0,0,0,1,0,0,0,0,1
-1.312859113257729,-0.8846202186908425,-0.9618732961355722,194,-0.6990049600893694,0,0,0,0,0,0,0,0,0,0,0,1,0,0,0,0,0,1,0,0,0,0,1
-0.5328695887743576,-0.8846202186908425,-0.5753783878525179,217,1.8009505106125,0,0,0,0,0,0,0,0,0,0,0,1,0,0,0,0,0,1,0,0,0,0,0
-0.5328695887743576,-0.8846202186908425,-0.4594299153676021,224,1.8009505106125,0,0,0,0,0,0,0,0,0,0,0,1,0,0,0,0,0,1,0,0,0,0,0
-0.844865398567706,-0.8846202186908425,-1.8508115851865972,140,-0.6990049600893694,0,1,0,0,0,0,0,0,0,0,0,0,0,0,0,0,0,1,0,0,0,1,0
-0.844865398567706,-0.8846202186908425,-0.3821309337109908,231,-0.6990049600893694,0,0,0,0,0,0,0,0,0,0,0,1,0,0,0,0,0,1,0,0,1,0,0
-0.844865398567706,-0.8846202186908425,-0.3821309337109908,228,-0.6990049600893694,0,0,0,0,0,0,0,0,0,0,0,1,0,0,0,0,0,1,0,0,1,0,0
0.32511888815735074,0.28753188012724307,0.23626091954189576,268,-0.6990049600893694,1,0,0,0,0,0,0,0,0,0,0,1,0,0,0,0,0,1,0,0,1,0,0
-0.844865398567706,-0.8846202186908425,-0.18888347956946375,240,-0.6990049600893694,0,0,0,0,0,0,0,0,0,0,0,1,0,0,0,0,0,1,0,0,1,0,0
-0.2988727314293461,0.28753188012724307,0.4295083736834229,278,-0.6990049600893694,1,0,0,0,0,0,0,0,0,0,0,1,0,0,0,0,0,1,0,0,1,0,0
0.32511888815735074,0.28753188012724307,0.3908588828551176,278,-0.6990049600893694,1,0,0,0,0,0,0,0,0,0,0,1,0,0,0,0,0,1,0,0,1,0,0
-1.1568612083610545,-0.8846202186908425,-0.7299763511657398,208,-0.6990049600893694,0,0,0,0,0,0,0,0,0,0,0,1,0,0,0,0,0,1,0,0,1,0,0
-0.844865398567706,-0.8846202186908425,-0.4594299153676021,224,-0.6990049600893694,0,0,0,0,0,0,0,0,0,0,0,1,0,0,0,0,0,1,0,0,1,0,0
-0.4548706363260205,-0.8846202186908425,-0.5367288970242127,220,-0.6990049600893694,0,0,0,0,0,0,0,0,0,0,0,1,0,0,0,0,0,1,0,0,1,0,0
-1.1568612083610545,-0.8846202186908425,-0.5367288970242127,220,-0.6990049600893694,0,0,0,0,0,0,0,0,0,0,0,1,0,0,0,0,0,1,0,0,1,0,0
-0.844865398567706,-0.8846202186908425,-0.3048319520543803,236,-0.6990049600893694,0,0,0,0,0,0,0,0,0,0,0,1,0,0,0,0,0,1,0,0,1,0,0
0.32511888815735074,0.28753188012724307,1.3570961535627533,334,-0.6990049600893694,1,0,0,0,0,0,0,0,0,0,0,0,1,0,0,0,0,1,0,0,1,0,0
0.32511888815735074,0.28753188012724307,1.3957456443910585,338,-0.6990049600893694,1,0,0,0,0,0,0,0,0,0,0,0,1,0,0,0,0,1,0,0,1,0,0
-0.6108685412226948,-0.8846202186908425,0.004363974572063373,253,-0.6990049600893694,1,0,0,0,0,0,0,0,0,0,0,0,1,0,0,0,0,1,0,0,1,0,0
0.32511888815735074,0.28753188012724307,0.4681578645117282,280,-0.6990049600893694,1,0,0,0,0,0,0,0,0,0,0,0,1,0,0,0,0,1,0,0,1,0,0
0.32511888815735074,0.28753188012724307,2.052786988472251,264,-0.6990049600893694,1,0,0,0,0,0,0,0,0,0,0,0,1,0,0,0,1,0,0,0,1,0,0
-0.6108685412226948,-0.8846202186908425,0.1976114287135905,265,-0.6990049600893694,1,0,0,0,0,0,0,0,0,0,0,0,1,0,0,0,0,1,0,0,1,0,0
0.32511888815735074,0.28753188012724307,0.8546527727947824,305,-0.6990049600893694,1,0,0,0,0,0,0,0,0,0,0,0,1,0,0,0,0,1,0,0,1,0,0
0.32511888815735074,0.28753188012724307,0.7000548094815605,295,-0.6990049600893694,1,0,0,0,0,0,0,0,0,0,0,0,1,0,0,0,0,1,0,0,1,0,0
0.32511888815735074,0.28753188012724307,2.47793138758361,282,-0.6990049600893694,1,0,0,0,0,0,0,0,0,0,0,0,1,0,0,0,1,0,0,0,1,0,0
-0.2988727314293461,0.28753188012724307,0.043013465400368656,256,-0.6990049600893694,1,0,0,0,0,0,1,0,0,0,0,0,0,0,0,0,0,1,0,0,1,0,0
0.32511888815735074,0.28753188012724307,0.4295083736834229,278,-0.6990049600893694,1,0,0,0,0,0,1,0,0,0,0,0,0,0,0,0,0,1,0,0,1,0,0
-0.2988727314293461,0.28753188012724307,0.1589619378852845,263,-0.6990049600893694,1,0,0,0,0,0,1,0,0,0,0,0,0,0,0,0,0,1,0,0,1,0,0
0.32511888815735074,0.28753188012724307,0.8160032819664771,303,-0.6990049600893694,1,0,0,0,0,0,1,0,0,0,0,0,0,0,0,0,0,1,0,0,1,0,0
0.32511888815735074,0.28753188012724307,0.31355990119850635,272,-0.6990049600893694,1,0,0,0,0,0,1,0,0,0,0,0,0,0,0,0,0,1,0,0,0,0,0
0.32511888815735074,0.28753188012724307,1.8981890251590285,261,-0.6990049600893694,1,0,0,0,0,0,1,0,0,0,0,0,0,0,0,0,1,0,0,0,0,0,0
1.4951031748824075,1.4596839789453286,0.931951754451393,309,-0.6990049600893694,1,0,0,0,0,0,1,0,0,0,0,0,0,0,0,0,0,1,0,0,1,0,0
1.4951031748824075,1.4596839789453286,2.709828332553443,292,-0.6990049600893694,1,0,0,0,0,0,1,0,0,0,0,0,0,0,0,0,1,0,0,0,1,0,0
1.4951031748824075,1.4596839789453286,1.4343951352193638,341,-0.6990049600893694,1,0,0,0,0,0,1,0,0,0,0,0,0,0,0,0,0,1,0,0,1,0,0
1.4951031748824075,1.4596839789453286,2.709828332553443,293,-0.6990049600893694,1,0,0,0,0,0,1,0,0,0,0,0,0,0,0,0,1,0,0,0,1,0,0
-0.2988727314293461,0.28753188012724307,0.3522093920268116,275,-0.6990049600893694,1,0,0,0,0,0,1,0,0,0,0,0,0,0,0,0,0,1,0,0,1,0,0
0.32511888815735074,0.28753188012724307,0.8160032819664771,303,-0.6990049600893694,1,0,0,0,0,0,1,0,0,0,0,0,0,0,0,0,0,1,0,0,1,0,0
-0.2988727314293461,0.28753188012724307,0.5841063369966447,288,-0.6990049600893694,1,0,0,0,0,0,1,0,0,0,0,0,0,0,0,0,0,1,0,0,1,0,0
0.32511888815735074,0.28753188012724307,1.163848699421226,324,-0.6990049600893694,1,0,0,0,0,0,1,0,0,0,0,0,0,0,0,0,0,1,0,0,1,0,0
0.32511888815735074,0.28753188012724307,0.6614053186532552,292,-0.6990049600893694,1,0,0,0,0,0,1,0,0,0,0,0,0,0,0,0,0,1,0,0,0,0,0
0.32511888815735074,0.28753188012724307,2.3619829150986935,278,-0.6990049600893694,1,0,0,0,0,0,1,0,0,0,0,0,0,0,0,0,1,0,0,0,0,0,0
1.4951031748824075,1.4596839789453286,1.163848699421226,324,-0.6990049600893694,1,0,0,0,0,0,1,0,0,0,0,0,0,0,0,0,0,1,0,0,1,0,0
1.4951031748824075,1.4596839789453286,1.5503436077042803,347,-0.6990049600893694,1,0,0,0,0,0,1,0,0,0,0,0,0,0,0,0,0,1,0,0,1,0,0
-1.1568612083610545,-0.8846202186908425,-1.2324197319337105,180,-0.6990049600893694,0,0,0,0,0,0,0,0,0,0,1,0,0,0,0,0,0,1,0,0,1,0,0
-1.1568612083610545,-0.8846202186908425,-1.2324197319337105,179,-1.532323450323326,0,0,0,0,0,0,0,0,0,0,1,0,0,0,0,0,0,1,0,0,0,0,1
-1.6248549230510774,-1.4706962680998854,-1.6189146402167647,153,-1.532323450323326,0,0,0,0,0,0,0,0,0,0,1,0,0,0,0,0,0,1,0,0,0,0,1
-1.1568612083610545,-0.8846202186908425,-1.0391722777921835,191,-0.6990049600893694,0,0,0,0,0,0,0,0,0,0,0,0,0,0,0,0,0,1,0,0,0,0,1
0.32511888815735074,0.28753188012724307,0.7387043003098659,298,-0.6990049600893694,1,0,0,0,0,0,0,0,0,0,0,0,1,0,0,0,0,1,0,0,1,0,0
0.32511888815735074,0.28753188012724307,0.8160032819664771,303,-0.6990049600893694,1,0,0,0,0,0,0,0,0,0,0,0,1,0,0,0,0,1,0,0,1,0,0
0.32511888815735074,0.28753188012724307,1.12519920859292,322,-0.6990049600893694,1,0,0,0,0,0,0,0,0,0,0,0,1,0,0,0,0,1,0,0,1,0,0
-1.6248549230510774,-1.4706962680998854,-1.3483682044186267,171,-0.6990049600893694,0,0,0,0,0,0,0,0,0,0,0,0,0,0,0,0,0,1,0,0,1,0,0
-1.6248549230510774,-1.4706962680998854,-1.541615658560154,160,-0.6990049600893694,0,0,0,0,0,0,0,0,0,0,0,0,0,0,0,0,0,1,0,0,0,0,1
-0.844865398567706,-0.8846202186908425,-1.2324197319337105,178,-0.6990049600893694,0,0,0,0,0,0,0,0,0,0,0,0,0,0,0,0,0,1,0,1,0,0,0
-0.844865398567706,-0.8846202186908425,-0.18888347956946375,170,-0.6990049600893694,0,0,0,0,0,0,0,0,0,0,0,0,0,0,0,0,1,0,0,1,0,0,0
-0.844865398567706,-0.8846202186908425,-1.1551207502770997,183,-0.6990049600893694,0,0,0,0,0,0,0,0,0,0,0,0,0,0,0,0,0,1,0,0,1,0,0
-0.844865398567706,-0.8846202186908425,-0.11158449791285317,175,-0.6990049600893694,0,0,0,0,0,0,0,0,0,0,0,0,0,0,0,0,1,0,0,0,1,0,0
-0.844865398567706,-0.8846202186908425,-1.0778217686204887,188,-1.532323450323326,0,0,0,0,0,0,0,0,0,0,0,0,0,0,0,0,0,1,0,0,0,0,1
-0.844865398567706,-0.8846202186908425,0.004363974572063373,179,-1.532323450323326,0,0,0,0,0,0,0,0,0,0,0,0,0,0,0,0,1,0,0,0,0,0,1
-0.6108685412226948,-0.8846202186908425,0.043013465400368656,255,-0.6990049600893694,1,0,1,0,0,0,0,0,0,0,0,0,0,0,0,0,0,0,1,0,0,0,1
-0.844865398567706,-0.8846202186908425,-0.614027878680824,217,-0.6990049600893694,0,0,1,0,0,0,0,0,0,0,0,0,0,0,0,0,0,1,0,0,0,0,1
-1.2348601608093916,-0.8846202186908425,-0.9232238053072669,197,-0.6990049600893694,0,0,1,0,0,0,0,0,0,0,0,0,0,0,0,0,0,1,0,0,1,0,0
-1.2348601608093916,-0.8846202186908425,-1.0778217686204887,188,-0.6990049600893694,0,0,1,0,0,0,0,0,0,0,0,0,0,0,0,0,0,1,0,0,1,0,0
-0.844865398567706,-0.8846202186908425,-0.7299763511657398,210,-0.6990049600893694,0,0,1,0,0,0,0,0,0,0,0,0,0,0,0,0,0,1,0,0,1,0,0
-0.4548706363260205,-0.8846202186908425,-0.7299763511657398,209,-0.6990049600893694,0,0,1,0,0,0,0,0,0,0,0,0,0,0,0,0,0,1,0,0,1,0,0
-0.844865398567706,-0.8846202186908425,-0.5753783878525179,220,-0.6990049600893694,0,0,1,0,0,0,0,0,0,0,0,0,0,0,0,0,0,1,0,0,1,0,0
-0.844865398567706,-0.8846202186908425,-2.044059039328124,130,-0.6990049600893694,0,0,1,0,0,0,0,0,0,0,0,0,0,0,0,0,0,1,0,0,0,1,0
-0.6108685412226948,-0.8846202186908425,-0.5367288970242127,219,-0.6990049600893694,0,0,0,0,0,0,0,0,0,0,1,0,0,0,0,0,0,1,0,0,1,0,0
-0.6108685412226948,-0.8846202186908425,-0.614027878680824,217,-0.6990049600893694,0,0,0,0,0,0,0,0,0,0,1,0,0,0,0,0,0,1,0,0,0,0,1
0.4811167930540251,0.28753188012724307,-0.0342855162562426,253,-0.6990049600893694,1,0,0,0,0,0,0,0,0,0,1,0,0,0,0,0,0,1,0,0,1,0,0
0.4811167930540251,0.28753188012724307,0.1589619378852845,264,-0.6990049600893694,1,0,0,0,0,0,0,0,0,0,1,0,0,0,0,0,0,1,0,0,0,0,1
1.4951031748824075,1.4596839789453286,0.62275582782495,292,-0.6990049600893694,1,0,0,0,0,0,0,0,0,0,1,0,0,0,0,0,0,1,0,0,1,0,0
1.4951031748824075,1.4596839789453286,0.7387043003098659,298,-0.6990049600893694,1,0,0,0,0,0,0,0,0,0,1,0,0,0,0,0,0,1,0,0,0,0,1
-0.6108685412226948,-0.8846202186908425,-0.3048319520543803,234,-0.6990049600893694,0,0,0,0,0,0,0,0,0,0,1,0,0,0,0,0,0,1,0,0,1,0,0
1.4951031748824075,1.4596839789453286,0.8546527727947824,304,-0.6990049600893694,1,0,0,0,0,0,0,0,0,0,1,0,0,0,0,0,0,1,0,0,1,0,0
1.651101079779082,1.4596839789453286,1.318446662734447,334,-0.6990049600893694,1,0,0,0,0,0,0,0,0,0,1,0,0,0,0,0,0,0,1,0,0,0,1
0.32511888815735074,0.28753188012724307,1.473044626047669,342,-0.6990049600893694,1,0,0,0,0,0,0,0,0,0,0,0,0,0,0,1,0,1,0,0,1,0,0
0.4811167930540251,0.28753188012724307,1.7049415710175013,356,-0.6990049600893694,1,0,0,0,0,0,0,0,0,0,0,0,0,0,0,1,0,1,0,0,1,0,0
-0.844865398567706,-0.8846202186908425,-0.266182461226075,237,-0.6990049600893694,0,1,0,0,0,0,0,0,0,0,0,0,0,0,0,0,0,1,0,0,1,0,0
0.32511888815735074,0.28753188012724307,0.12031244705697923,260,-0.6990049600893694,1,1,0,0,0,0,0,0,0,0,0,0,0,0,0,0,0,1,0,0,1,0,0
0.32511888815735074,0.28753188012724307,1.5889930985325855,248,-0.6990049600893694,1,1,0,0,0,0,0,0,0,0,0,0,0,0,0,0,1,0,0,0,1,0,0
0.32511888815735074,0.28753188012724307,0.6614053186532552,293,-0.6990049600893694,1,1,0,0,0,0,0,0,0,0,0,0,0,0,0,0,0,1,0,0,1,0,0
0.32511888815735074,0.28753188012724307,0.62275582782495,291,-0.6990049600893694,1,1,0,0,0,0,0,0,0,0,0,0,0,0,0,0,0,1,0,0,1,0,0
0.32511888815735074,0.28753188012724307,2.1300859701288615,271,-0.6990049600893694,1,1,0,0,0,0,0,0,0,0,0,0,0,0,0,0,1,0,0,0,1,0,0
-1.1568612083610545,-0.8846202186908425,-0.4980794061959074,223,-0.6990049600893694,0,0,0,0,0,0,0,1,0,0,0,0,0,0,0,0,0,1,0,0,1,0,0
-0.4548706363260205,-0.8846202186908425,-0.15023398874115845,243,-0.6990049600893694,0,0,0,0,0,0,0,1,0,0,0,0,0,0,0,0,0,1,0,0,1,0,0
-0.4548706363260205,-0.8846202186908425,-0.15023398874115845,243,-0.6990049600893694,0,0,0,0,0,0,0,1,0,0,0,0,0,0,0,0,0,1,0,0,1,0,0
-0.4548706363260205,-0.8846202186908425,1.318446662734447,233,-0.6990049600893694,0,0,0,0,0,0,0,1,0,0,0,0,0,0,0,0,1,0,0,0,1,0,0
-0.4548706363260205,-0.8846202186908425,-0.0342855162562426,252,-0.6990049600893694,1,0,0,0,0,0,0,1,0,0,0,0,0,0,0,0,0,1,0,0,1,0,0
-0.4548706363260205,-0.8846202186908425,-0.0342855162562426,252,-0.6990049600893694,1,0,0,0,0,0,0,1,0,0,0,0,0,0,0,0,0,1,0,0,1,0,0
-0.4548706363260205,-0.8846202186908425,1.473044626047669,240,-0.6990049600893694,0,0,0,0,0,0,0,1,0,0,0,0,0,0,0,0,1,0,0,0,1,0,0
-0.4548706363260205,-0.8846202186908425,-0.0342855162562426,252,-0.6990049600893694,1,0,0,0,0,0,0,1,0,0,0,0,0,0,0,0,0,1,0,0,1,0,0
-0.4548706363260205,-0.8846202186908425,-0.0342855162562426,252,-0.6990049600893694,1,0,0,0,0,0,0,1,0,0,0,0,0,0,0,0,0,1,0,0,1,0,0
-0.4548706363260205,-0.8846202186908425,1.473044626047669,240,-0.6990049600893694,0,0,0,0,0,0,0,1,0,0,0,0,0,0,0,0,1,0,0,0,1,0,0
0.40311784060568795,0.28753188012724307,1.0092507361080043,315,-0.6990049600893694,1,0,0,0,0,0,0,0,0,0,0,0,1,0,0,0,0,1,0,0,0,0,0
0.40311784060568795,0.28753188012724307,1.12519920859292,323,-0.6990049600893694,1,0,0,0,0,0,0,0,0,0,0,0,1,0,0,0,0,1,0,0,0,0,0
-0.4548706363260205,-0.8846202186908425,-0.11158449791285317,247,-0.6990049600893694,1,0,0,0,0,1,0,0,0,0,0,0,0,0,0,0,0,1,0,0,0,0,0
-0.4548706363260205,-0.8846202186908425,0.004363974572063373,253,-0.6990049600893694,1,0,0,0,0,1,0,0,0,0,0,0,0,0,0,0,0,1,0,0,0,0,1
-0.22087377898100924,-0.8846202186908425,-0.5367288970242127,252,-0.6990049600893694,1,0,0,0,0,1,0,0,0,0,0,0,0,0,0,0,0,0,0,0,0,0,0
0.40311784060568795,0.28753188012724307,0.1976114287135905,265,-0.6990049600893694,1,0,0,0,0,1,0,0,0,0,0,0,0,0,0,0,0,1,0,0,0,0,0
-0.4548706363260205,-0.8846202186908425,0.1976114287135905,265,-0.6990049600893694,1,0,0,0,0,1,0,0,0,0,0,0,0,0,0,0,0,1,0,0,0,0,0
-0.22087377898100924,-0.8846202186908425,-0.18888347956946375,277,-0.6990049600893694,1,0,0,0,0,1,0,0,0,0,0,0,0,0,0,0,0,0,0,0,0,0,0
0.40311784060568795,0.28753188012724307,0.4295083736834229,279,-0.6990049600893694,1,0,0,0,0,1,0,0,0,0,0,0,0,0,0,0,0,1,0,0,0,0,0
1.7291000322274188,1.4596839789453286,0.7387043003098659,298,-0.6990049600893694,1,0,0,0,0,0,1,0,0,0,0,0,0,0,0,0,0,1,0,0,0,0,0
2.431090604262453,1.4596839789453286,1.2411476810778366,327,0.9676320203785437,1,0,0,0,0,0,1,0,0,0,0,0,0,0,0,0,0,0,1,0,0,0,0
0.9491105077440476,0.28753188012724307,0.4295083736834229,280,-0.6990049600893694,1,0,0,0,0,0,1,0,0,0,0,0,0,0,0,0,0,1,0,0,0,0,0
0.9491105077440476,0.28753188012724307,2.4392818967553054,284,-0.6990049600893694,1,0,0,0,0,0,1,0,0,0,0,0,0,0,0,0,1,0,0,0,0,0,0
1.7291000322274188,1.4596839789453286,0.7387043003098659,298,-0.6990049600893694,1,0,0,0,0,0,1,0,0,0,0,0,0,0,0,0,0,1,0,0,0,0,0
1.7291000322274188,1.4596839789453286,2.47793138758361,286,-0.6990049600893694,1,0,0,0,0,0,1,0,0,0,0,0,0,0,0,0,1,0,0,0,0,0,0
1.7291000322274188,1.4596839789453286,0.8933022636230876,307,-0.6990049600893694,1,0,0,0,0,0,1,0,0,0,0,0,0,0,0,0,0,1,0,0,0,0,0
2.431090604262453,1.4596839789453286,1.318446662734447,332,0.9676320203785437,1,0,0,0,0,0,1,0,0,0,0,0,0,0,0,0,0,0,1,0,0,0,0
0.9491105077440476,0.28753188012724307,0.7000548094815605,296,-0.6990049600893694,1,0,0,0,0,0,1,0,0,0,0,0,0,0,0,0,0,1,0,0,0,0,0
0.9491105077440476,0.28753188012724307,2.8257768050383594,301,-0.6990049600893694,1,0,0,0,0,0,1,0,0,0,0,0,0,0,0,0,1,0,0,0,0,0,0
1.7291000322274188,1.4596839789453286,0.8933022636230876,306,-0.6990049600893694,1,0,0,0,0,0,1,0,0,0,0,0,0,0,0,0,0,1,0,0,0,0,0
1.7291000322274188,1.4596839789453286,2.709828332553443,295,-0.6990049600893694,1,0,0,0,0,0,1,0,0,0,0,0,0,0,0,0,1,0,0,0,0,0,0
1.7291000322274188,1.4596839789453286,0.8546527727947824,304,0.9676320203785437,1,0,0,0,0,0,1,0,0,0,0,0,0,0,0,0,0,1,0,0,0,0,0
-0.5328695887743576,-0.8846202186908425,-0.6526773695091292,214,-0.6990049600893694,0,0,0,0,0,0,0,0,0,0,0,1,0,0,0,0,0,1,0,0,0,0,0
0.40311784060568795,0.28753188012724307,0.5068073553400334,285,-0.6990049600893694,1,0,0,0,0,0,0,0,0,0,0,1,0,0,0,0,0,1,0,0,0,0,0
-0.5328695887743576,-0.8846202186908425,-0.6526773695091292,214,-0.6990049600893694,0,0,0,0,0,0,0,0,0,0,0,1,0,0,0,0,0,1,0,0,0,0,0
-0.5328695887743576,-0.8846202186908425,1.0092507361080043,221,-0.6990049600893694,0,0,0,0,0,0,0,0,0,0,0,1,0,0,0,0,1,0,0,0,0,0,0
-0.5328695887743576,-0.8846202186908425,-0.3048319520543803,235,-0.6990049600893694,0,0,0,0,0,0,0,0,0,0,0,1,0,0,0,0,0,1,0,0,0,0,0
0.40311784060568795,0.28753188012724307,0.7773537911381718,300,-0.6990049600893694,1,0,0,0,0,0,0,0,0,0,0,1,0,0,0,0,0,1,0,0,0,0,0
1.7291000322274188,1.4596839789453286,0.8546527727947824,304,-0.6990049600893694,1,0,0,0,0,0,0,0,0,0,0,0,1,0,0,0,0,1,0,0,0,0,0
1.7291000322274188,1.4596839789453286,0.8546527727947824,304,-0.6990049600893694,1,0,0,0,0,0,0,0,0,0,0,0,1,0,0,0,0,1,0,0,0,0,0
1.7291000322274188,1.4596839789453286,2.6325293508968324,288,-0.6990049600893694,1,0,0,0,0,0,0,0,0,0,0,0,1,0,0,0,1,0,0,0,0,0,0
1.7291000322274188,1.4596839789453286,0.931951754451393,310,-0.6990049600893694,1,0,0,0,0,0,0,0,0,0,0,0,1,0,0,0,0,1,0,0,0,0,0
2.431090604262453,1.4596839789453286,1.163848699421226,323,0.9676320203785437,1,0,0,0,0,0,0,0,0,0,0,0,1,0,0,0,0,0,1,0,0,0,0
1.7291000322274188,1.4596839789453286,0.931951754451393,310,-0.6990049600893694,1,0,0,0,0,0,0,0,0,0,0,0,1,0,0,0,0,1,0,0,0,0,0
1.7291000322274188,1.4596839789453286,2.7871273142100534,300,-0.6990049600893694,1,0,0,0,0,0,0,0,0,0,0,0,1,0,0,0,1,0,0,0,0,0,0
1.7291000322274188,1.4596839789453286,0.8546527727947824,304,-0.6990049600893694,1,0,0,0,0,0,0,0,0,0,0,0,1,0,0,0,0,1,0,0,0,0,0
1.7291000322274188,1.4596839789453286,0.8546527727947824,304,-0.6990049600893694,1,0,0,0,0,0,0,0,0,0,0,0,1,0,0,0,0,1,0,0,0,0,0
1.7291000322274188,1.4596839789453286,2.6325293508968324,288,-0.6990049600893694,1,0,0,0,0,0,0,0,0,0,0,0,1,0,0,0,1,0,0,0,0,0,0
1.7291000322274188,1.4596839789453286,0.9706012452796989,312,-0.6990049600893694,1,0,0,0,0,0,0,0,0,0,0,0,1,0,0,0,0,1,0,0,0,0,0
2.431090604262453,1.4596839789453286,1.3570961535627533,334,0.9676320203785437,1,0,0,0,0,0,0,0,0,0,0,0,1,0,0,0,0,0,1,0,0,0,0
1.7291000322274188,1.4596839789453286,0.9706012452796989,312,-0.6990049600893694,1,0,0,0,0,0,0,0,0,0,0,0,1,0,0,0,0,1,0,0,0,0,0
-0.5328695887743576,-0.8846202186908425,-0.7299763511657398,207,-0.6990049600893694,0,0,1,0,0,0,0,0,0,0,0,0,0,0,0,0,0,1,0,0,0,0,1
0.32511888815735074,0.28753188012724307,-0.4980794061959074,223,-0.6990049600893694,0,0,1,0,0,0,0,0,0,0,0,0,0,0,0,0,0,1,0,0,1,0,0
0.32511888815735074,0.28753188012724307,0.043013465400368656,253,-0.6990049600893694,1,0,1,0,0,0,0,0,0,0,0,0,0,0,0,0,0,1,0,0,0,0,1
-0.5328695887743576,-0.8846202186908425,-1.2324197319337105,177,-0.6990049600893694,0,0,1,0,0,0,0,0,0,0,0,0,0,0,0,0,0,1,0,0,0,1,0
0.32511888815735074,0.28753188012724307,-0.5367288970242127,219,-0.6990049600893694,0,0,1,0,0,0,0,0,0,0,0,0,0,0,0,0,0,1,0,0,0,0,0
-0.5328695887743576,-0.8846202186908425,-1.0778217686204887,187,0.1343135301445871,0,0,1,0,0,0,0,0,0,0,0,0,0,0,0,0,0,1,0,0,0,1,0
-1.2348601608093916,-0.8846202186908425,-1.5802651493884592,155,-0.6990049600893694,0,0,0,0,0,0,0,0,0,0,0,0,0,0,0,0,0,1,0,0,0,1,0
-0.844865398567706,-0.8846202186908425,-1.5029661677318482,162,-0.6990049600893694,0,0,0,0,0,0,0,0,0,0,0,0,0,0,0,0,0,1,0,0,0,1,0
-0.844865398567706,-0.8846202186908425,-1.193770241105405,179,-0.6990049600893694,0,0,0,0,0,0,0,0,0,0,0,0,0,0,0,0,0,1,0,0,0,0,1
-1.2348601608093916,-0.8846202186908425,-1.5802651493884592,157,-0.6990049600893694,0,0,1,0,0,0,0,0,0,0,0,0,0,0,0,0,0,1,0,0,0,1,0
-0.844865398567706,-0.8846202186908425,-1.5029661677318482,162,-0.6990049600893694,0,0,1,0,0,0,0,0,0,0,0,0,0,0,0,0,0,1,0,0,0,1,0
-0.844865398567706,-0.8846202186908425,-1.271069222762016,176,-0.6990049600893694,0,0,1,0,0,0,0,0,0,0,0,0,0,0,0,0,0,1,0,0,0,0,1
-0.5328695887743576,-0.8846202186908425,-1.116471259448794,186,-0.6990049600893694,0,0,0,0,0,0,0,0,0,0,0,1,0,0,0,0,0,1,0,0,0,1,0
-0.5328695887743576,-0.8846202186908425,-0.8459248236506564,202,-0.6990049600893694,0,0,0,0,0,0,0,0,0,0,0,1,0,0,0,0,0,1,0,0,0,1,0
-1.2348601608093916,-0.8846202186908425,-1.541615658560154,157,0.1343135301445871,0,0,0,0,0,0,0,0,0,0,0,0,0,1,0,0,0,1,0,0,0,1,0
-1.2348601608093916,-0.8846202186908425,-1.3483682044186267,169,-0.6990049600893694,0,0,0,0,0,0,0,0,0,0,0,0,0,1,0,0,0,1,0,0,0,0,1
-1.2348601608093916,-0.8846202186908425,-1.6962136218733754,150,-0.6990049600893694,0,0,0,0,0,0,0,0,0,1,0,0,0,0,0,0,0,1,0,0,0,1,0
-1.2348601608093916,-0.8846202186908425,-1.541615658560154,158,0.1343135301445871,0,0,0,0,0,0,0,0,0,1,0,0,0,0,0,0,0,1,0,0,0,1,0
-1.2348601608093916,-0.8846202186908425,-1.3483682044186267,171,-0.6990049600893694,0,0,0,0,0,0,0,0,0,1,0,0,0,0,0,0,0,1,0,0,0,0,1
-1.0008633034643803,-0.8846202186908425,-1.2324197319337105,177,-0.6990049600893694,0,0,0,0,0,0,0,0,0,0,0,1,0,0,0,0,0,1,0,0,0,1,0
-1.0008633034643803,-0.8846202186908425,-1.2324197319337105,177,0.1343135301445871,0,0,0,0,0,0,0,0,0,0,0,1,0,0,0,0,0,1,0,0,0,1,0
-1.0008633034643803,-0.8846202186908425,-0.9618732961355722,193,-0.6990049600893694,0,0,0,0,0,0,0,0,0,0,0,1,0,0,0,0,0,1,0,0,0,0,1
-1.0008633034643803,-0.8846202186908425,-1.0391722777921835,190,-0.6990049600893694,0,0,0,0,0,0,0,0,0,0,0,1,0,0,0,0,0,1,0,0,0,1,0
-1.0008633034643803,-0.8846202186908425,-1.0391722777921835,190,0.1343135301445871,0,0,0,0,0,0,0,0,0,0,0,1,0,0,0,0,0,1,0,0,0,1,0
0.32511888815735074,0.28753188012724307,-0.07293500708454788,250,-0.6990049600893694,1,0,0,0,1,0,0,0,0,0,0,0,0,0,0,0,0,1,0,0,0,0,0
0.32511888815735074,0.28753188012724307,0.004363974572063373,253,-0.6990049600893694,1,0,0,0,0,0,0,0,0,0,0,1,0,0,0,0,0,1,0,0,0,0,0
0.32511888815735074,0.28753188012724307,0.1976114287135905,265,-0.6990049600893694,1,0,0,0,0,0,0,0,0,0,0,1,0,0,0,0,0,1,0,0,0,0,0
0.32511888815735074,0.28753188012724307,0.08166295622867395,257,1.8009505106125,1,0,0,0,0,0,0,0,0,0,0,1,0,0,0,0,0,1,0,0,1,0,0
-1.1568612083610545,-0.8846202186908425,-1.193770241105405,179,-0.6990049600893694,0,0,0,0,0,0,0,0,0,0,0,0,0,0,0,0,0,1,0,0,1,0,0
-1.1568612083610545,-0.8846202186908425,-1.2324197319337105,176,-0.6990049600893694,0,0,0,0,0,0,0,0,0,0,0,0,0,0,0,0,0,1,0,0,0,0,1
-1.0008633034643803,-0.8846202186908425,-1.271069222762016,176,-0.6990049600893694,0,0,1,0,0,0,0,0,0,0,0,0,0,0,0,0,0,1,0,0,1,0,0
-1.0008633034643803,-0.8846202186908425,-1.193770241105405,180,-0.6990049600893694,0,0,1,0,0,0,0,0,0,0,0,0,0,0,0,0,0,1,0,0,0,0,1
-0.844865398567706,-0.8846202186908425,-0.9618732961355722,194,-0.6990049600893694,0,0,1,0,0,0,0,0,0,0,0,0,0,0,0,0,0,1,0,0,1,0,0
-0.844865398567706,-0.8846202186908425,-0.8845743144789616,198,-0.6990049600893694,0,0,1,0,0,0,0,0,0,0,0,0,0,0,0,0,0,1,0,0,0,0,1
-0.844865398567706,-0.8846202186908425,-0.8459248236506564,203,-0.6990049600893694,0,0,1,0,0,0,0,0,0,0,0,0,0,0,0,0,0,1,0,0,1,0,0
-0.844865398567706,-0.8846202186908425,-0.8459248236506564,202,-0.6990049600893694,0,0,1,0,0,0,0,0,0,0,0,0,0,0,0,0,0,1,0,0,0,0,1
1.4951031748824075,1.4596839789453286,0.9706012452796989,312,0.9676320203785437,1,1,0,0,0,0,0,0,0,0,0,0,0,0,0,0,0,0,1,0,1,0,0
0.559115745502362,0.28753188012724307,0.5068073553400334,285,0.9676320203785437,1,1,0,0,0,0,0,0,0,0,0,0,0,0,0,0,0,1,0,0,1,0,0
1.4951031748824075,1.4596839789453286,1.318446662734447,332,0.9676320203785437,1,1,0,0,0,0,0,0,0,0,0,0,0,0,0,0,0,0,1,0,1,0,0
0.559115745502362,0.28753188012724307,0.5454568461683388,284,0.9676320203785437,1,0,0,0,0,0,0,0,0,0,1,0,0,0,0,0,0,0,1,0,1,0,0
0.559115745502362,0.28753188012724307,0.5068073553400334,283,-0.6990049600893694,1,0,0,0,0,0,0,0,0,0,1,0,0,0,0,0,0,0,1,0,0,0,1
0.16912098326067637,0.28753188012724307,0.1976114287135905,265,-0.6990049600893694,1,0,0,0,0,0,0,0,0,0,0,1,0,0,0,0,0,1,0,0,1,0,0
0.16912098326067637,0.28753188012724307,0.27491041037020103,269,-0.6990049600893694,1,0,0,0,0,0,0,0,0,0,0,1,0,0,0,0,0,1,0,0,1,0,0
-0.5328695887743576,-0.8846202186908425,-0.18888347956946375,239,-0.6990049600893694,0,0,0,0,0,0,0,0,0,0,0,1,0,0,0,0,0,1,0,0,1,0,0
-0.844865398567706,-0.8846202186908425,0.27491041037020103,266,-0.6990049600893694,1,0,0,0,0,0,0,0,0,0,0,1,0,0,0,0,0,1,0,0,1,0,0
-0.5328695887743576,-0.8846202186908425,0.12031244705697923,257,-0.6990049600893694,1,0,0,0,0,0,0,0,0,0,0,1,0,0,0,0,0,1,0,0,1,0,0
0.16912098326067637,0.28753188012724307,0.6614053186532552,295,-0.6990049600893694,1,0,0,0,0,0,0,0,0,0,0,1,0,0,0,0,0,1,0,0,1,0,0
-0.844865398567706,-0.8846202186908425,-0.6526773695091292,214,-0.6990049600893694,0,1,0,0,0,0,0,0,0,0,0,0,0,0,0,0,0,1,0,0,1,0,0
-0.5328695887743576,-0.8846202186908425,-1.0391722777921835,191,-0.6990049600893694,0,1,0,0,0,0,0,0,0,0,0,0,0,0,0,0,0,1,0,0,1,0,0
-0.5328695887743576,-0.8846202186908425,-0.8459248236506564,204,-0.6990049600893694,0,1,0,0,0,0,0,0,0,0,0,0,0,0,0,0,0,1,0,0,1,0,0
-0.844865398567706,-0.8846202186908425,-2.005409548499819,133,-0.6990049600893694,0,0,1,0,0,0,0,0,0,0,0,0,0,0,0,0,0,1,0,1,0,0,0
-0.844865398567706,-0.8846202186908425,-1.9281105668432081,136,-0.6990049600893694,0,0,1,0,0,0,0,0,0,0,0,0,0,0,0,0,0,1,0,1,0,0,0
-0.844865398567706,-0.8846202186908425,-0.6913268603374345,211,-0.6990049600893694,0,0,0,0,0,0,0,0,0,0,0,1,0,0,0,0,0,1,0,0,1,0,0
-1.1568612083610545,-0.8846202186908425,-0.614027878680824,219,0.1343135301445871,0,0,0,0,0,0,0,0,0,0,0,1,0,0,0,0,0,1,0,1,0,0,0
-0.844865398567706,-0.8846202186908425,-0.266182461226075,240,-0.6990049600893694,0,0,0,0,0,0,0,0,0,0,0,1,0,0,0,0,0,1,0,0,1,0,0
-1.1568612083610545,-0.8846202186908425,-1.271069222762016,177,-0.6990049600893694,0,0,0,0,0,0,0,0,0,0,0,0,0,0,0,0,0,1,0,1,0,0,0
-1.1568612083610545,-0.8846202186908425,-1.1551207502770997,186,-0.6990049600893694,0,0,0,0,0,0,0,0,0,0,0,0,0,0,0,0,0,1,0,0,0,0,1
-1.1568612083610545,-0.8846202186908425,-1.0391722777921835,191,-0.6990049600893694,0,0,0,0,0,0,0,0,0,0,0,0,0,0,0,0,0,1,0,1,0,0,0
-1.1568612083610545,-0.8846202186908425,-0.9618732961355722,197,-0.6990049600893694,0,0,0,0,0,0,0,0,0,0,0,0,0,0,0,0,0,1,0,0,0,0,1
-0.844865398567706,-0.8846202186908425,-0.6526773695091292,214,0.1343135301445871,0,0,1,0,0,0,0,0,0,0,0,0,0,0,0,0,0,0,1,0,1,0,0
-0.06487587408433486,0.28753188012724307,-0.18888347956946375,242,0.1343135301445871,0,0,1,0,0,0,0,0,0,0,0,0,0,0,0,0,0,0,1,0,1,0,0
-0.844865398567706,-0.8846202186908425,-0.4594299153676021,226,0.1343135301445871,0,0,1,0,0,0,0,0,0,0,0,0,0,0,0,0,0,0,1,0,1,0,0
-0.06487587408433486,0.28753188012724307,-0.07293500708454788,249,0.1343135301445871,1,0,1,0,0,0,0,0,0,0,0,0,0,0,0,0,0,0,1,0,1,0,0
-0.06487587408433486,0.28753188012724307,0.12031244705697923,262,0.1343135301445871,1,0,1,0,0,0,0,0,0,0,0,0,0,0,0,0,0,0,1,0,1,0,0
-0.06487587408433486,0.28753188012724307,-0.11158449791285317,247,0.1343135301445871,1,0,1,0,0,0,0,0,0,0,0,0,0,0,0,0,0,0,1,0,1,0,0
-0.06487587408433486,0.28753188012724307,0.004363974572063373,256,0.1343135301445871,1,0,1,0,0,0,0,0,0,0,0,0,0,0,0,0,0,0,1,0,1,0,0
0.32511888815735074,0.28753188012724307,-1.193770241105405,181,0.1343135301445871,0,0,0,0,0,0,0,0,0,0,0,0,0,0,0,0,0,0,1,0,1,0,0
0.32511888815735074,0.28753188012724307,-1.0005227869638782,193,0.1343135301445871,0,0,0,0,0,0,0,0,0,0,0,0,0,0,0,0,0,0,1,0,1,0,0
0.4811167930540251,0.28753188012724307,0.31355990119850635,274,0.1343135301445871,1,0,1,0,0,0,0,0,0,0,0,0,0,0,0,0,0,0,1,0,1,0,0
1.9630968895724301,1.4596839789453286,0.7773537911381718,300,0.1343135301445871,1,0,1,0,0,0,0,0,0,0,0,0,0,0,0,0,0,0,1,0,1,0,0
0.32511888815735074,0.28753188012724307,-1.271069222762016,177,0.1343135301445871,0,0,1,0,0,0,0,0,0,0,0,0,0,0,0,0,0,0,1,0,1,0,0
0.4811167930540251,0.28753188012724307,0.4295083736834229,279,0.1343135301445871,1,0,0,0,0,0,0,0,0,1,0,0,0,0,0,0,0,0,1,0,1,0,0
0.32511888815735074,0.28753188012724307,-0.18888347956946375,242,0.1343135301445871,0,0,0,0,0,0,0,0,0,0,0,1,0,0,0,0,0,0,1,0,0,1,0
0.32511888815735074,0.28753188012724307,-0.0342855162562426,252,0.1343135301445871,1,0,0,0,0,0,0,0,0,0,0,1,0,0,0,0,0,0,1,0,0,1,0
-0.4548706363260205,-0.8846202186908425,-0.8072753328223511,204,0.1343135301445871,0,0,0,0,0,0,0,0,0,0,0,0,1,0,0,0,0,1,0,0,0,1,0
0.4811167930540251,0.28753188012724307,0.7773537911381718,301,0.1343135301445871,1,0,0,0,0,0,0,0,0,0,0,1,0,0,0,0,0,0,1,0,1,0,0
1.9630968895724301,1.4596839789453286,1.666292080189196,354,0.1343135301445871,1,0,0,0,0,0,0,0,0,0,0,0,1,0,0,0,0,0,1,0,1,0,0
-0.06487587408433486,0.28753188012724307,-0.11158449791285317,246,0.9676320203785437,1,0,0,0,0,0,0,0,0,0,0,0,0,1,0,0,0,0,1,0,1,0,0
-0.06487587408433486,0.28753188012724307,0.7000548094815605,296,-0.6990049600893694,1,0,0,0,0,0,0,0,0,0,0,0,0,1,0,0,0,0,1,0,0,0,1
-0.06487587408433486,0.28753188012724307,-0.11158449791285317,246,0.9676320203785437,1,0,0,0,0,0,0,0,0,0,0,0,0,1,0,0,0,0,1,0,1,0,0
-0.06487587408433486,0.28753188012724307,0.7000548094815605,296,-0.6990049600893694,1,0,0,0,0,0,0,0,0,0,0,0,0,1,0,0,0,0,1,0,0,0,1
1.4951031748824075,1.4596839789453286,0.7773537911381718,302,0.9676320203785437,1,0,0,0,0,0,0,0,0,0,0,0,0,1,0,0,0,0,1,0,1,0,0
1.4951031748824075,1.4596839789453286,0.9706012452796989,311,0.9676320203785437,1,0,0,0,0,0,0,0,0,0,0,0,0,1,0,0,0,0,1,0,1,0,0
1.4951031748824075,1.4596839789453286,0.9706012452796989,311,-0.6990049600893694,1,0,0,0,0,0,0,0,0,0,0,0,0,1,0,0,0,0,1,0,1,0,0
-0.06487587408433486,0.28753188012724307,0.004363974572063373,254,0.9676320203785437,1,0,0,0,0,0,0,0,0,0,0,0,0,1,0,0,0,0,1,0,1,0,0
-0.06487587408433486,0.28753188012724307,0.8160032819664771,302,-0.6990049600893694,1,0,0,0,0,0,0,0,0,0,0,0,0,1,0,0,0,0,1,0,0,0,1
-0.06487587408433486,0.28753188012724307,0.1976114287135905,264,0.9676320203785437,1,0,0,0,0,0,0,0,0,0,0,0,0,1,0,0,0,0,1,0,1,0,0
-0.06487587408433486,0.28753188012724307,0.004363974572063373,254,0.9676320203785437,1,0,0,0,0,0,0,0,0,0,0,0,0,1,0,0,0,0,1,0,1,0,0
-0.06487587408433486,0.28753188012724307,0.8160032819664771,302,-0.6990049600893694,1,0,0,0,0,0,0,0,0,0,0,0,0,1,0,0,0,0,1,0,0,0,1
-0.06487587408433486,0.28753188012724307,0.1976114287135905,264,0.9676320203785437,1,0,0,0,0,0,0,0,0,0,0,0,0,1,0,0,0,0,1,0,1,0,0
-0.06487587408433486,0.28753188012724307,-0.18888347956946375,241,0.9676320203785437,0,0,1,0,0,0,0,0,0,0,0,0,0,0,0,0,0,0,1,0,1,0,0
-0.06487587408433486,0.28753188012724307,0.3522093920268116,275,0.9676320203785437,1,1,0,0,0,0,0,0,0,0,0,0,0,0,0,0,0,0,1,0,1,0,0
-0.06487587408433486,0.28753188012724307,0.4295083736834229,279,0.9676320203785437,1,1,0,0,0,0,0,0,0,0,0,0,0,0,0,0,0,0,1,0,1,0,0
1.4951031748824075,1.4596839789453286,0.9706012452796989,313,0.9676320203785437,1,1,0,0,0,0,0,0,0,0,0,0,0,0,0,0,0,0,1,0,1,0,0
1.4951031748824075,1.4596839789453286,0.9706012452796989,313,0.9676320203785437,1,1,0,0,0,0,0,0,0,0,0,0,0,0,0,0,0,0,1,0,1,0,0
-0.5328695887743576,-0.8846202186908425,-0.4980794061959074,223,1.8009505106125,0,0,0,0,0,0,0,0,0,0,0,1,0,0,0,0,0,1,0,0,0,0,0
-0.5328695887743576,-0.8846202186908425,-0.4980794061959074,223,1.8009505106125,0,0,0,0,0,0,0,0,0,0,0,1,0,0,0,0,0,1,0,0,0,0,0
-0.5328695887743576,-0.8846202186908425,0.8160032819664771,213,1.8009505106125,0,0,0,0,0,0,0,0,0,0,0,1,0,0,0,0,1,0,0,0,0,0,0
0.09112203081233952,0.28753188012724307,-0.34348144288268556,233,1.8009505106125,0,0,0,0,0,0,0,0,0,0,0,1,0,0,0,0,0,1,0,0,0,0,0
-0.5328695887743576,-0.8846202186908425,-0.3048319520543803,233,1.8009505106125,0,0,0,0,0,0,0,0,0,0,0,1,0,0,0,0,0,1,0,0,0,0,0
-0.5328695887743576,-0.8846202186908425,-0.3048319520543803,233,1.8009505106125,0,0,0,0,0,0,0,0,0,0,0,1,0,0,0,0,0,1,0,0,0,0,0
-0.5328695887743576,-0.8846202186908425,1.12519920859292,226,1.8009505106125,0,0,0,0,0,0,0,0,0,0,0,1,0,0,0,0,1,0,0,0,0,0,0
0.09112203081233952,0.28753188012724307,-0.2275329703977697,240,1.8009505106125,0,0,0,0,0,0,0,0,0,0,0,1,0,0,0,0,0,1,0,0,0,0,0
-0.5328695887743576,-0.8846202186908425,-0.266182461226075,238,1.8009505106125,0,0,0,0,0,0,0,0,0,0,0,1,0,0,0,0,0,1,0,0,0,0,0
0.09112203081233952,0.28753188012724307,0.043013465400368656,256,1.8009505106125,1,0,0,0,0,0,0,0,0,0,0,1,0,0,0,0,0,1,0,0,0,0,0
-0.5328695887743576,-0.8846202186908425,0.043013465400368656,255,1.8009505106125,1,0,0,0,0,0,0,0,0,0,0,1,0,0,0,0,0,1,0,0,0,0,0
0.09112203081233952,0.28753188012724307,0.004363974572063373,253,1.8009505106125,1,0,0,0,0,0,0,0,0,0,0,1,0,0,0,0,0,1,0,0,0,0,0
-0.844865398567706,-0.8846202186908425,-0.3048319520543803,234,-0.6990049600893694,0,0,0,0,0,0,0,0,0,0,0,1,0,0,0,0,0,1,0,0,0,1,0
-0.844865398567706,-0.8846202186908425,-0.614027878680824,214,-1.532323450323326,0,0,0,0,0,0,0,0,0,0,0,1,0,0,0,0,0,1,0,0,0,0,1
-0.5328695887743576,-0.8846202186908425,-0.3048319520543803,235,-0.6990049600893694,0,0,0,0,0,0,0,0,0,0,0,1,0,0,0,0,0,1,0,0,0,0,0
-0.5328695887743576,-0.8846202186908425,-0.5753783878525179,218,-1.532323450323326,0,0,0,0,0,0,0,0,0,0,0,1,0,0,0,0,0,1,0,0,0,0,1
-0.5328695887743576,-0.8846202186908425,-0.11158449791285317,248,-0.6990049600893694,1,0,0,0,0,0,0,0,0,0,0,1,0,0,0,0,0,1,0,0,0,0,0
-0.5328695887743576,-0.8846202186908425,-0.4207804245392968,228,-1.532323450323326,0,0,0,0,0,0,0,0,0,0,0,1,0,0,0,0,0,1,0,0,0,0,1
-0.5328695887743576,-0.8846202186908425,0.12031244705697923,259,-0.6990049600893694,1,0,0,0,0,0,0,0,0,0,0,1,0,0,0,0,0,1,0,0,0,1,0
0.40311784060568795,0.28753188012724307,0.1976114287135905,265,0.9676320203785437,1,0,0,0,0,0,0,0,0,0,0,0,1,0,0,0,0,1,0,0,0,0,0
2.0410958420207677,1.4596839789453286,1.2411476810778366,329,0.9676320203785437,1,0,0,0,0,0,0,0,0,0,0,0,1,0,0,0,0,1,0,0,0,0,0
2.5870885091591274,1.4596839789453286,1.9368385159873345,370,0.9676320203785437,1,0,0,0,0,0,0,0,0,0,0,0,1,0,0,0,0,0,1,0,0,0,0
-0.844865398567706,-0.8846202186908425,-0.3048319520543803,234,-0.6990049600893694,0,0,0,0,0,0,0,0,0,0,0,1,0,0,0,0,0,1,0,0,0,1,0
-0.844865398567706,-0.8846202186908425,-0.614027878680824,214,-1.532323450323326,0,0,0,0,0,0,0,0,0,0,0,1,0,0,0,0,0,1,0,0,0,0,1
-0.5328695887743576,-0.8846202186908425,-0.3048319520543803,235,-0.6990049600893694,0,0,0,0,0,0,0,0,0,0,0,1,0,0,0,0,0,1,0,0,0,0,0
-0.5328695887743576,-0.8846202186908425,-0.5753783878525179,218,-1.532323450323326,0,0,0,0,0,0,0,0,0,0,0,1,0,0,0,0,0,1,0,0,0,0,1
-0.5328695887743576,-0.8846202186908425,-0.11158449791285317,248,-0.6990049600893694,1,0,0,0,0,0,0,0,0,0,0,1,0,0,0,0,0,1,0,0,0,0,0
-0.5328695887743576,-0.8846202186908425,-0.4207804245392968,228,-1.532323450323326,0,0,0,0,0,0,0,0,0,0,0,1,0,0,0,0,0,1,0,0,0,0,1
-0.5328695887743576,-0.8846202186908425,0.12031244705697923,259,-0.6990049600893694,1,0,0,0,0,0,0,0,0,0,0,1,0,0,0,0,0,1,0,0,0,1,0
-1.312859113257729,-0.8846202186908425,-0.768625841994045,207,-0.6990049600893694,0,0,0,0,0,0,0,0,0,0,0,1,0,0,0,0,0,1,0,0,0,0,1
-0.5328695887743576,-0.8846202186908425,-0.5367288970242127,220,1.8009505106125,0,0,0,0,0,0,0,0,0,0,0,1,0,0,0,0,0,1,0,0,0,0,0
-0.5328695887743576,-0.8846202186908425,0.5454568461683388,201,1.8009505106125,0,0,0,0,0,0,0,0,0,0,0,1,0,0,0,0,1,0,0,0,0,0,0
-1.312859113257729,-0.8846202186908425,-0.768625841994045,203,-0.6990049600893694,0,0,0,0,0,0,0,0,0,0,0,1,0,0,0,0,0,1,0,0,0,0,1
-0.5328695887743576,-0.8846202186908425,-0.3821309337109908,229,1.8009505106125,0,0,0,0,0,0,0,0,0,0,0,1,0,0,0,0,0,1,0,0,0,0,0
0.40311784060568795,0.28753188012724307,0.7773537911381718,299,-1.532323450323326,1,0,0,0,0,0,0,0,0,0,0,1,0,0,0,0,0,1,0,0,0,0,0
0.40311784060568795,0.28753188012724307,0.7773537911381718,299,-0.6990049600893694,1,0,0,0,0,0,0,0,0,0,0,1,0,0,0,0,0,1,0,0,0,0,1
0.40311784060568795,0.28753188012724307,1.0092507361080043,314,-1.532323450323326,1,0,0,0,0,0,0,0,0,0,0,1,0,0,0,0,0,1,0,0,0,0,0
0.40311784060568795,0.28753188012724307,1.0092507361080043,312,-0.6990049600893694,1,0,0,0,0,0,0,0,0,0,0,1,0,0,0,0,0,1,0,0,0,0,1
0.16912098326067637,0.28753188012724307,-0.0342855162562426,251,-0.6990049600893694,1,1,0,0,0,0,0,0,0,0,0,0,0,0,0,0,0,1,0,0,1,0,0
-1.0008633034643803,-0.8846202186908425,-1.2324197319337105,179,-0.6990049600893694,0,0,1,0,0,0,0,0,0,0,0,0,0,0,0,0,0,1,0,0,1,0,0
-1.0008633034643803,-0.8846202186908425,-1.116471259448794,186,-0.6990049600893694,0,0,1,0,0,0,0,0,0,0,0,0,0,0,0,0,0,1,0,0,0,0,1
-0.844865398567706,-0.8846202186908425,-0.9618732961355722,196,-0.6990049600893694,0,0,1,0,0,0,0,0,0,0,0,0,0,0,0,0,0,1,0,0,1,0,0
-0.844865398567706,-0.8846202186908425,-0.8845743144789616,198,-0.6990049600893694,0,0,1,0,0,0,0,0,0,0,0,0,0,0,0,0,0,1,0,0,0,0,1
-1.1568612083610545,-0.8846202186908425,-0.4207804245392968,228,-0.6990049600893694,0,1,0,0,0,0,0,0,0,0,0,0,0,0,0,0,0,1,0,0,1,0,0
-1.1568612083610545,-0.8846202186908425,-0.3821309337109908,227,-0.6990049600893694,0,1,0,0,0,0,0,0,0,0,0,0,0,0,0,0,0,1,0,0,0,0,1
-0.844865398567706,-0.8846202186908425,-0.8845743144789616,199,-0.6990049600893694,0,1,0,0,0,0,0,0,0,0,0,0,0,0,0,0,0,1,0,0,1,0,0
-0.844865398567706,-0.8846202186908425,-0.9232238053072669,197,-0.6990049600893694,0,1,0,0,0,0,0,0,0,0,0,0,0,0,0,0,0,1,0,0,0,0,1
-1.1568612083610545,-0.8846202186908425,-0.5367288970242127,218,-0.6990049600893694,0,0,0,0,0,0,0,0,0,0,0,0,0,0,0,0,0,1,0,0,1,0,0
-1.1568612083610545,-0.8846202186908425,-0.4594299153676021,222,-0.6990049600893694,0,0,0,0,0,0,0,0,0,0,0,0,0,0,0,0,0,1,0,0,0,0,1
-0.844865398567706,-0.8846202186908425,-0.8459248236506564,200,-0.6990049600893694,0,0,0,0,0,0,0,0,0,0,0,0,0,0,0,0,0,1,0,0,1,0,0
-0.844865398567706,-0.8846202186908425,-0.768625841994045,206,-0.6990049600893694,0,0,0,0,0,0,0,0,0,0,0,0,0,0,0,0,0,1,0,0,0,0,1
0.559115745502362,0.28753188012724307,0.3908588828551176,278,0.9676320203785437,1,1,0,0,0,0,0,0,0,0,0,0,0,0,0,0,0,1,0,0,1,0,0
1.4951031748824075,1.4596839789453286,1.0092507361080043,318,0.9676320203785437,1,1,0,0,0,0,0,0,0,0,0,0,0,0,0,0,0,1,0,0,1,0,0
-1.1568612083610545,-0.8846202186908425,-1.3097187135903212,175,0.1343135301445871,0,1,0,0,0,0,0,0,0,0,0,0,0,0,0,0,0,1,0,1,0,0,0
-0.844865398567706,-0.8846202186908425,-0.5753783878525179,222,-0.6990049600893694,0,1,0,0,0,0,0,0,0,0,0,0,0,0,0,0,0,1,0,0,1,0,0
-0.5328695887743576,-0.8846202186908425,-1.0391722777921835,193,-0.6990049600893694,0,1,0,0,0,0,0,0,0,0,0,0,0,0,0,0,0,1,0,0,1,0,0
-0.5328695887743576,-0.8846202186908425,-1.734863112701681,147,-0.6990049600893694,0,0,1,0,0,0,0,0,0,0,0,0,0,0,0,0,0,1,0,1,0,0,0
-0.5328695887743576,-0.8846202186908425,-1.6962136218733754,150,-0.6990049600893694,0,0,1,0,0,0,0,0,0,0,0,0,0,0,0,0,0,1,0,1,0,0,0
-1.1568612083610545,-0.8846202186908425,-1.193770241105405,178,-0.6990049600893694,0,0,0,0,0,0,0,0,0,0,0,0,0,0,0,0,0,1,0,0,1,0,0
-1.1568612083610545,-0.8846202186908425,-1.193770241105405,179,-0.6990049600893694,0,0,0,0,0,0,0,0,0,0,0,0,0,0,0,0,0,1,0,0,0,0,1
-0.844865398567706,-0.8846202186908425,-0.6913268603374345,214,-0.6990049600893694,0,0,0,0,0,0,0,0,1,0,0,0,0,0,0,0,0,1,0,0,1,0,0
-0.844865398567706,-0.8846202186908425,-0.5753783878525179,220,-0.6990049600893694,0,0,0,0,0,0,0,0,1,0,0,0,0,0,0,0,0,1,0,0,0,0,1
0.16912098326067637,0.28753188012724307,0.31355990119850635,275,-0.6990049600893694,1,0,0,0,1,0,0,0,0,0,0,0,0,0,0,0,0,1,0,0,1,0,0
0.16912098326067637,0.28753188012724307,0.23626091954189576,269,-0.6990049600893694,1,0,0,0,1,0,0,0,0,0,0,0,0,0,0,0,0,1,0,0,1,0,0
0.16912098326067637,0.28753188012724307,0.6614053186532552,296,-0.6990049600893694,1,0,0,0,1,0,0,0,0,0,0,0,0,0,0,0,0,1,0,0,1,0,0
-0.844865398567706,-0.8846202186908425,-0.18888347956946375,245,-0.6990049600893694,1,0,0,0,0,0,0,0,0,0,0,1,0,0,0,0,0,1,0,0,1,0,0
-0.5328695887743576,-0.8846202186908425,-0.3821309337109908,233,-0.6990049600893694,0,0,0,0,0,0,0,0,0,0,0,1,0,0,0,0,0,1,0,0,1,0,0
-0.844865398567706,-0.8846202186908425,0.043013465400368656,259,-0.6990049600893694,1,0,0,0,0,0,0,0,0,0,0,1,0,0,0,0,0,1,0,0,1,0,0
-0.5328695887743576,-0.8846202186908425,-0.15023398874115845,245,-0.6990049600893694,1,0,0,0,0,0,0,0,0,0,0,1,0,0,0,0,0,1,0,0,1,0,0
0.16912098326067637,0.28753188012724307,0.31355990119850635,275,-0.6990049600893694,1,0,0,0,0,0,0,0,0,0,0,1,0,0,0,0,0,1,0,0,1,0,0
-1.1568612083610545,-0.8846202186908425,-0.7299763511657398,206,-0.6990049600893694,0,0,0,0,0,0,0,0,0,1,0,0,0,0,0,0,0,1,0,0,1,0,0
-1.1568612083610545,-0.8846202186908425,-0.6913268603374345,208,-0.6990049600893694,0,0,0,0,0,0,0,0,0,1,0,0,0,0,0,0,0,1,0,0,0,0,1
-0.844865398567706,-0.8846202186908425,-0.768625841994045,208,-0.6990049600893694,0,0,0,0,0,0,0,0,0,1,0,0,0,0,0,0,0,1,0,0,1,0,0
-0.844865398567706,-0.8846202186908425,-0.768625841994045,208,-0.6990049600893694,0,0,0,0,0,0,0,0,0,1,0,0,0,0,0,0,0,1,0,0,1,0,0
-0.5328695887743576,-0.8846202186908425,-0.3048319520543803,231,-0.6990049600893694,0,0,0,0,0,0,0,0,0,0,0,1,0,0,0,0,0,1,0,0,1,0,0
-0.5328695887743576,-0.8846202186908425,0.1976114287135905,261,-0.6990049600893694,1,0,0,0,0,0,0,0,0,0,0,1,0,0,0,0,0,1,0,0,0,0,1
-0.844865398567706,-0.8846202186908425,0.1976114287135905,261,-0.6990049600893694,1,0,0,0,0,0,0,0,0,0,0,1,0,0,0,0,0,1,0,0,1,0,0
-0.5328695887743576,-0.8846202186908425,0.004363974572063373,251,-0.6990049600893694,1,0,0,0,0,0,0,0,0,0,0,1,0,0,0,0,0,1,0,0,1,0,0
1.651101079779082,2.631836077763414,1.318446662734447,331,0.1343135301445871,1,0,0,0,0,0,0,0,0,0,0,0,0,1,0,0,0,0,1,1,0,0,0
1.651101079779082,2.631836077763414,1.473044626047669,340,0.1343135301445871,1,0,0,0,0,0,0,0,0,0,0,0,0,1,0,0,0,0,1,1,0,0,0
-0.844865398567706,-0.8846202186908425,-0.07293500708454788,248,1.8009505106125,1,0,0,0,0,0,0,0,0,0,0,1,0,0,0,0,0,0,1,0,1,0,0
-0.06487587408433486,0.28753188012724307,1.3570961535627533,336,0.9676320203785437,1,0,0,0,0,0,0,0,0,0,0,0,1,0,0,0,0,0,1,0,1,0,0
-0.06487587408433486,0.28753188012724307,0.62275582782495,291,0.9676320203785437,1,0,0,0,0,0,0,0,0,0,0,0,1,0,0,0,0,0,1,0,1,0,0
-0.06487587408433486,0.28753188012724307,-0.5367288970242127,254,0.9676320203785437,1,0,0,0,0,0,0,0,0,0,0,0,1,0,0,0,0,0,0,0,1,0,0
1.4951031748824075,1.4596839789453286,1.666292080189196,356,0.9676320203785437,1,0,0,0,0,0,0,0,0,0,0,0,1,0,0,0,0,0,1,0,1,0,0
1.4951031748824075,1.4596839789453286,1.666292080189196,356,0.9676320203785437,1,0,0,0,0,0,0,0,0,0,0,0,1,0,0,0,0,0,1,0,1,0,0
-0.06487587408433486,0.28753188012724307,0.62275582782495,291,0.9676320203785437,1,0,0,0,0,0,0,0,0,0,0,0,1,0,0,0,0,0,1,0,1,0,0
-0.06487587408433486,0.28753188012724307,-0.5367288970242127,254,0.9676320203785437,1,0,0,0,0,0,0,0,0,0,0,0,1,0,0,0,0,0,0,0,1,0,0
1.4951031748824075,1.4596839789453286,1.5116941168759743,344,0.9676320203785437,1,0,0,0,0,0,0,0,0,0,0,0,1,0,0,0,0,0,1,0,1,0,0
-0.844865398567706,-0.8846202186908425,-0.4207804245392968,229,1.8009505106125,0,0,0,0,0,0,0,0,0,0,0,1,0,0,0,0,0,0,1,0,1,0,0
-1.0008633034643803,-0.8846202186908425,-1.9667600576715134,132,-0.6990049600893694,0,0,0,0,0,0,0,0,0,0,0,0,0,0,0,0,0,1,0,0,0,1,0
-0.4548706363260205,-0.8846202186908425,-1.8894610760149024,139,-0.6990049600893694,0,0,1,0,0,0,0,0,0,0,0,0,0,0,0,0,0,1,0,0,0,1,0
0.32511888815735074,0.28753188012724307,-0.4207804245392968,225,-0.6990049600893694,0,0,1,0,0,0,0,0,0,0,0,0,0,0,0,0,0,1,0,0,1,0,0
-0.844865398567706,-0.8846202186908425,-0.6913268603374345,212,0.9676320203785437,0,0,1,0,0,0,0,0,0,0,0,0,0,0,0,0,0,0,1,0,1,0,0
-0.844865398567706,-0.8846202186908425,-0.4207804245392968,227,0.9676320203785437,0,0,1,0,0,0,0,0,0,0,0,0,0,0,0,0,0,0,1,0,1,0,0
0.32511888815735074,0.28753188012724307,-0.2275329703977697,237,0.9676320203785437,0,0,1,0,0,0,0,0,0,0,0,0,0,0,0,0,0,0,1,0,1,0,0
0.32511888815735074,0.28753188012724307,0.043013465400368656,254,-0.6990049600893694,1,0,1,0,0,0,0,0,0,0,0,0,0,0,0,0,0,0,1,0,1,0,0
0.32511888815735074,0.28753188012724307,-0.0342855162562426,251,0.9676320203785437,1,0,1,0,0,0,0,0,0,0,0,0,0,0,0,0,0,0,1,0,1,0,0
0.32511888815735074,0.28753188012724307,-1.2324197319337105,177,0.9676320203785437,0,0,1,0,0,0,0,0,0,0,0,0,0,0,0,0,0,0,1,0,0,1,0
1.4951031748824075,1.4596839789453286,0.6614053186532552,293,0.9676320203785437,1,0,0,0,0,0,0,0,0,0,0,0,0,0,0,0,0,0,1,0,1,0,0
1.183107365089059,1.4596839789453286,1.2024981902495313,322,-0.6990049600893694,1,0,0,0,0,0,0,0,0,0,0,0,1,0,0,0,0,0,1,0,1,0,0
-0.844865398567706,-0.8846202186908425,-0.6913268603374345,212,0.9676320203785437,0,0,0,0,0,0,0,0,0,0,0,0,0,0,0,0,0,0,1,0,1,0,0
0.32511888815735074,0.28753188012724307,0.12031244705697923,258,-0.6990049600893694,1,0,0,0,0,0,0,0,0,0,0,0,0,0,0,0,0,0,1,0,1,0,0
0.32511888815735074,0.28753188012724307,-0.07293500708454788,246,0.9676320203785437,1,0,0,0,0,0,0,0,0,0,0,0,0,0,0,0,0,0,1,0,1,0,0
0.32511888815735074,0.28753188012724307,0.12031244705697923,258,-0.6990049600893694,1,0,0,0,0,0,0,0,0,0,0,0,0,0,0,0,0,0,1,0,1,0,0
1.183107365089059,1.4596839789453286,0.5841063369966447,286,0.9676320203785437,1,0,1,0,0,0,0,0,0,0,0,0,0,0,0,0,0,0,1,0,1,0,0
1.183107365089059,1.4596839789453286,0.8160032819664771,303,0.9676320203785437,1,0,1,0,0,0,0,0,0,0,0,0,0,0,0,0,0,0,1,0,1,0,0
1.183107365089059,1.4596839789453286,0.8160032819664771,303,0.9676320203785437,1,0,1,0,0,0,0,0,0,0,0,0,0,0,0,0,0,0,1,0,1,0,0
1.4951031748824075,1.4596839789453286,0.27491041037020103,268,0.9676320203785437,1,0,1,0,0,0,0,0,0,0,0,0,0,0,0,0,0,0,1,0,0,1,0
2.0410958420207677,1.4596839789453286,1.9754880068156397,371,0.9676320203785437,1,0,0,0,0,0,0,0,0,0,0,0,1,0,0,0,0,0,1,0,1,0,0
-0.844865398567706,-0.8846202186908425,-0.4594299153676021,225,-0.6990049600893694,0,0,0,0,0,0,0,0,0,0,0,1,0,0,0,0,0,0,1,0,1,0,0
-0.844865398567706,-0.8846202186908425,-0.34348144288268556,231,-0.6990049600893694,0,0,0,0,0,0,0,0,0,0,0,1,0,0,0,0,0,0,1,0,1,0,0
-0.4548706363260205,-0.8846202186908425,-1.3097187135903212,172,-0.6990049600893694,0,0,0,0,0,0,0,0,0,0,0,1,0,0,0,0,0,1,0,0,0,1,0
-0.844865398567706,-0.8846202186908425,-0.6913268603374345,214,0.9676320203785437,0,0,0,0,0,0,0,0,0,0,1,0,0,0,0,0,0,0,1,0,1,0,0
0.32511888815735074,0.28753188012724307,0.12031244705697923,258,-0.6990049600893694,1,0,0,0,0,0,0,0,0,0,1,0,0,0,0,0,0,0,1,0,1,0,0
0.32511888815735074,0.28753188012724307,-0.07293500708454788,246,0.9676320203785437,1,0,0,0,0,0,0,0,0,0,1,0,0,0,0,0,0,0,1,0,1,0,0
0.32511888815735074,0.28753188012724307,0.12031244705697923,258,-0.6990049600893694,1,0,0,0,0,0,0,0,0,0,1,0,0,0,0,0,0,0,1,0,1,0,0
1.4951031748824075,1.4596839789453286,0.7000548094815605,289,0.9676320203785437,1,0,0,0,0,0,0,0,0,0,1,0,0,0,0,0,0,0,1,0,1,0,0
0.32511888815735074,0.28753188012724307,-0.0342855162562426,251,0.9676320203785437,1,0,0,0,0,0,0,0,0,0,0,1,0,0,0,0,0,1,0,0,1,0,0
0.32511888815735074,0.28753188012724307,-1.0778217686204887,186,-0.6990049600893694,0,0,0,0,0,0,0,0,0,0,0,0,1,0,0,0,0,0,1,0,0,1,0
-0.844865398567706,-0.8846202186908425,0.043013465400368656,256,-0.6990049600893694,1,0,0,0,0,0,0,0,0,0,0,1,0,0,0,0,0,1,0,0,1,0,0
-0.6108685412226948,-0.8846202186908425,0.12031244705697923,261,-0.6990049600893694,1,0,0,0,0,0,0,0,0,0,0,1,0,0,0,0,0,1,0,0,1,0,0
0.32511888815735074,0.28753188012724307,0.6614053186532552,293,-0.6990049600893694,1,1,0,0,0,0,0,0,0,0,0,0,0,0,0,0,0,1,0,0,1,0,0
0.4811167930540251,0.28753188012724307,0.5454568461683388,287,-0.6990049600893694,1,1,0,0,0,0,0,0,0,0,0,0,0,0,0,0,0,1,0,0,1,0,0
0.32511888815735074,0.28753188012724307,1.12519920859292,322,-0.6990049600893694,1,0,0,0,0,0,0,0,0,0,0,0,1,0,0,0,0,1,0,0,1,0,0
-0.844865398567706,-0.8846202186908425,0.23626091954189576,268,-0.6990049600893694,1,0,0,0,0,0,0,1,0,0,0,0,0,0,0,0,0,1,0,0,1,0,0
0.4811167930540251,0.28753188012724307,0.7387043003098659,298,-0.6990049600893694,1,0,0,0,0,0,0,1,0,0,0,0,0,0,0,0,0,1,0,0,0,0,0
-0.2988727314293461,0.28753188012724307,0.5068073553400334,283,-0.6990049600893694,1,0,0,0,0,0,0,0,0,0,0,1,0,0,0,0,0,1,0,0,1,0,0
0.4811167930540251,0.28753188012724307,0.6614053186532552,293,-0.6990049600893694,1,0,0,0,0,0,0,0,0,0,0,1,0,0,0,0,0,1,0,0,1,0,0
-0.844865398567706,-0.8846202186908425,-0.7299763511657398,210,-0.6990049600893694,0,0,1,0,0,0,0,0,0,0,0,0,0,0,0,0,0,1,0,0,1,0,0
0.4811167930540251,0.28753188012724307,0.043013465400368656,257,-0.6990049600893694,1,0,1,0,0,0,0,0,0,0,0,0,0,0,0,0,0,1,0,0,1,0,0
-0.844865398567706,-0.8846202186908425,-0.5753783878525179,220,-0.6990049600893694,0,0,1,0,0,0,0,0,0,0,0,0,0,0,0,0,0,1,0,0,1,0,0
0.4811167930540251,0.28753188012724307,0.4295083736834229,279,-0.6990049600893694,1,0,1,0,0,0,0,0,0,0,0,0,0,0,0,0,0,1,0,0,1,0,0
-0.844865398567706,-0.8846202186908425,-1.9281105668432081,136,-0.6990049600893694,0,0,1,0,0,0,0,0,0,0,0,0,0,0,0,0,0,1,0,0,0,1,0
0.32511888815735074,0.28753188012724307,1.3570961535627533,334,-0.6990049600893694,1,0,0,0,0,0,0,0,0,0,0,0,1,0,0,0,0,1,0,0,1,0,0
0.32511888815735074,0.28753188012724307,1.3957456443910585,339,-0.6990049600893694,1,0,0,0,0,0,0,0,0,0,0,0,1,0,0,0,0,1,0,0,1,0,0
-0.06487587408433486,0.28753188012724307,0.5454568461683388,286,0.9676320203785437,1,0,1,0,0,0,0,0,0,0,0,0,0,0,0,0,0,0,1,0,1,0,0
-0.06487587408433486,0.28753188012724307,0.6614053186532552,293,0.9676320203785437,1,0,1,0,0,0,0,0,0,0,0,0,0,0,0,0,0,0,1,0,1,0,0
-0.06487587408433486,0.28753188012724307,0.7000548094815605,295,0.9676320203785437,1,0,1,0,0,0,0,0,0,0,0,0,0,0,0,0,0,0,1,0,1,0,0
1.2611063175373964,1.4596839789453286,1.666292080189196,357,-0.6990049600893694,1,0,0,0,0,0,0,0,0,0,1,0,0,0,0,0,0,0,1,0,1,0,0
1.2611063175373964,1.4596839789453286,1.7049415710175013,360,-0.6990049600893694,1,0,0,0,0,0,0,0,0,0,1,0,0,0,0,0,0,0,1,0,1,0,0
0.559115745502362,1.4596839789453286,1.2411476810778366,322,0.9676320203785437,1,1,0,0,0,0,0,0,0,0,0,0,0,0,0,0,0,0,1,0,1,0,0
-0.06487587408433486,0.28753188012724307,0.8160032819664771,300,0.9676320203785437,1,1,0,0,0,0,0,0,0,0,0,0,0,0,0,0,0,0,1,0,1,0,0
-0.06487587408433486,0.28753188012724307,0.8160032819664771,302,0.9676320203785437,1,1,0,0,0,0,0,0,0,0,0,0,0,0,0,0,0,0,1,0,1,0,0
-0.844865398567706,-0.8846202186908425,-1.2324197319337105,179,-0.6990049600893694,0,0,0,0,0,0,0,0,0,0,0,0,0,0,0,0,0,1,0,0,1,0,0
-0.844865398567706,-0.8846202186908425,-1.0391722777921835,189,-0.6990049600893694,0,0,0,0,0,0,0,0,0,0,0,0,0,0,0,0,0,1,0,0,1,0,0
-0.844865398567706,-0.8846202186908425,-1.0005227869638782,192,-0.6990049600893694,0,0,0,0,0,0,0,0,0,0,0,1,0,0,0,0,0,1,0,0,1,0,0
-0.4548706363260205,-0.8846202186908425,-1.0391722777921835,190,-0.6990049600893694,0,0,0,0,0,0,0,0,0,0,0,1,0,0,0,0,0,1,0,0,1,0,0
-0.844865398567706,-0.8846202186908425,-1.0778217686204887,188,-0.6990049600893694,0,0,0,0,0,0,0,0,0,0,0,1,0,0,0,0,0,1,0,0,0,0,1
-0.844865398567706,-0.8846202186908425,-0.8845743144789616,199,-0.6990049600893694,0,0,0,0,0,0,0,0,0,0,0,1,0,0,0,0,0,1,0,0,1,0,0
-0.4548706363260205,-0.8846202186908425,-0.6913268603374345,210,-0.6990049600893694,0,0,0,0,0,0,0,0,0,0,0,1,0,0,0,0,0,1,0,0,1,0,0
-0.844865398567706,-0.8846202186908425,-1.5029661677318482,162,-0.6990049600893694,0,0,0,0,0,0,0,0,0,0,0,0,0,0,0,0,0,1,0,0,1,0,0
-0.844865398567706,-0.8846202186908425,-1.464316676903543,165,-0.6990049600893694,0,0,0,0,0,0,0,0,0,0,0,0,0,0,0,0,0,1,0,0,0,0,1
-0.4548706363260205,-0.8846202186908425,-1.3097187135903212,173,-0.6990049600893694,0,0,0,0,0,0,0,0,0,0,0,0,0,0,0,0,0,1,0,0,1,0,0
-0.4548706363260205,-0.8846202186908425,-1.387017695246932,169,-0.6990049600893694,0,0,0,0,0,0,0,0,0,0,0,0,0,0,0,0,0,1,0,0,1,0,0
-0.4548706363260205,-0.8846202186908425,-1.0778217686204887,189,-0.6990049600893694,0,0,0,0,0,0,0,0,0,0,0,0,0,0,0,0,0,1,0,0,0,0,1
-0.844865398567706,-0.8846202186908425,-1.464316676903543,165,-0.6990049600893694,0,0,1,0,0,0,0,0,0,0,0,0,0,0,0,0,0,1,0,0,1,0,0
-0.844865398567706,-0.8846202186908425,-1.4256671860752377,167,-0.6990049600893694,0,0,1,0,0,0,0,0,0,0,0,0,0,0,0,0,0,1,0,0,0,0,1
-0.4548706363260205,-0.8846202186908425,-1.193770241105405,182,-0.6990049600893694,0,0,1,0,0,0,0,0,0,0,0,0,0,0,0,0,0,1,0,0,1,0,0
-0.4548706363260205,-0.8846202186908425,-1.387017695246932,170,-0.6990049600893694,0,0,1,0,0,0,0,0,0,0,0,0,0,0,0,0,0,1,0,0,1,0,0
-0.4548706363260205,-0.8846202186908425,-1.0391722777921835,190,-0.6990049600893694,0,0,1,0,0,0,0,0,0,0,0,0,0,0,0,0,0,1,0,0,0,0,1
-0.4548706363260205,-0.8846202186908425,-0.4207804245392968,226,-1.532323450323326,0,0,0,0,1,0,0,0,0,0,0,0,0,0,0,0,0,1,0,0,1,0,0
-0.4548706363260205,-0.8846202186908425,-0.3821309337109908,229,-0.6990049600893694,0,0,0,0,1,0,0,0,0,0,0,0,0,0,0,0,0,1,0,0,0,0,1
-0.4548706363260205,-0.8846202186908425,-1.2324197319337105,178,-0.6990049600893694,0,0,1,0,0,0,0,0,0,0,0,0,0,0,0,0,0,1,0,0,1,0,0
-0.4548706363260205,-0.8846202186908425,-1.3483682044186267,171,-0.6990049600893694,0,0,1,0,0,0,0,0,0,0,0,0,0,0,0,0,0,1,0,0,1,0,0
-0.4548706363260205,-0.8846202186908425,-1.0391722777921835,188,-0.6990049600893694,0,0,1,0,0,0,0,0,0,0,0,0,0,0,0,0,0,1,0,0,0,0,1
-0.844865398567706,-0.8846202186908425,-1.1551207502770997,183,-0.6990049600893694,0,0,0,0,0,0,0,0,0,0,0,0,0,1,0,0,0,0,1,0,1,0,0
-0.844865398567706,-0.8846202186908425,-1.1551207502770997,183,-0.6990049600893694,0,0,0,0,0,0,0,0,0,0,0,0,0,1,0,0,0,0,1,0,0,0,1
0.7151136503990364,1.4596839789453286,0.3522093920268116,268,0.1343135301445871,1,0,0,0,0,0,0,0,0,0,0,0,0,0,0,0,0,0,1,0,1,0,0
0.7151136503990364,1.4596839789453286,0.3522093920268116,268,0.1343135301445871,1,0,0,0,0,0,0,0,0,0,0,0,0,0,0,0,0,0,1,0,1,0,0
-0.844865398567706,-0.8846202186908425,-0.6526773695091292,214,0.1343135301445871,0,0,0,0,0,0,0,0,0,0,0,0,0,0,0,0,0,0,1,0,1,0,0
1.8850979371240932,1.4596839789453286,0.8933022636230876,308,0.1343135301445871,1,0,0,0,0,0,0,0,0,0,0,0,0,0,0,0,0,0,1,0,1,0,0
1.8850979371240932,1.4596839789453286,0.9706012452796989,310,0.1343135301445871,1,0,1,0,0,0,0,0,0,0,0,0,0,0,0,0,0,0,1,0,1,0,0
1.8850979371240932,1.4596839789453286,0.9706012452796989,310,0.1343135301445871,1,0,0,0,0,0,0,0,1,0,0,0,0,0,0,0,0,0,1,0,1,0,0
1.8850979371240932,1.4596839789453286,2.1300859701288615,369,0.1343135301445871,1,0,0,0,0,0,0,0,0,0,0,0,1,0,0,0,0,0,1,0,1,0,0
-0.844865398567706,-0.8846202186908425,-0.5753783878525179,216,0.1343135301445871,0,0,0,0,0,0,0,0,0,0,0,1,0,0,0,0,0,0,1,0,1,0,0
1.8850979371240932,1.4596839789453286,1.8595395343307233,366,0.1343135301445871,1,0,0,0,0,0,0,0,0,0,0,0,1,0,0,0,0,0,1,0,1,0,0
1.8850979371240932,1.4596839789453286,1.7049415710175013,363,0.1343135301445871,1,0,0,0,0,0,0,0,0,0,0,0,1,0,0,0,0,0,1,0,1,0,0
0.7151136503990364,1.4596839789453286,0.7773537911381718,303,0.1343135301445871,1,0,0,0,0,0,0,0,0,0,0,0,0,1,0,0,0,0,1,1,0,0,0
1.8850979371240932,1.4596839789453286,0.931951754451393,313,0.1343135301445871,1,1,0,0,0,0,0,0,0,0,0,0,0,0,0,0,0,0,1,0,1,0,0
1.8850979371240932,1.4596839789453286,0.8546527727947824,313,0.1343135301445871,1,0,0,0,0,0,0,0,0,0,0,0,0,0,0,0,0,0,1,0,1,0,0
2.275092699365779,3.8039881765815,1.820890043502418,361,0.1343135301445871,1,1,0,0,0,0,0,0,0,0,0,0,0,0,0,0,0,0,1,0,1,0,0
2.275092699365779,3.8039881765815,1.6276425893608908,355,0.1343135301445871,1,0,0,0,0,0,0,0,0,0,0,0,0,0,0,0,0,0,1,0,1,0,0
1.8850979371240932,1.4596839789453286,0.62275582782495,298,0.1343135301445871,1,0,0,0,0,0,0,0,0,0,0,0,0,1,0,0,0,0,1,0,1,0,0
2.275092699365779,3.8039881765815,1.318446662734447,335,0.1343135301445871,1,0,0,0,0,0,0,0,0,0,0,0,0,1,0,0,0,0,1,0,1,0,0
1.8850979371240932,1.4596839789453286,-0.07293500708454788,252,0.1343135301445871,1,0,0,0,0,0,0,0,0,0,0,0,0,1,0,0,0,0,1,0,1,0,0
-0.844865398567706,-0.8846202186908425,-1.0778217686204887,188,0.1343135301445871,0,0,1,0,0,0,0,0,0,0,0,0,0,0,0,0,0,0,1,0,1,0,0
-0.844865398567706,-0.8846202186908425,-0.7299763511657398,206,0.1343135301445871,0,0,1,0,0,0,0,0,0,0,0,0,0,0,0,0,0,0,1,0,1,0,0
-0.844865398567706,-0.8846202186908425,-0.6913268603374345,212,0.1343135301445871,0,0,0,0,0,0,0,0,0,0,0,0,0,0,0,0,0,0,1,0,1,0,0
-0.06487587408433486,0.28753188012724307,-0.15023398874115845,231,0.1343135301445871,0,0,0,0,0,0,0,0,0,0,0,0,0,0,0,0,0,0,1,0,1,0,0
-0.844865398567706,-0.8846202186908425,-1.0391722777921835,188,0.1343135301445871,0,0,0,0,0,0,0,0,0,0,0,0,0,0,0,0,0,0,1,0,1,0,0
-0.844865398567706,-0.8846202186908425,-0.8459248236506564,198,0.1343135301445871,0,0,0,0,0,0,0,0,0,0,0,0,0,0,0,0,0,0,1,0,1,0,0
-0.844865398567706,-0.8846202186908425,0.31355990119850635,198,0.1343135301445871,0,0,0,0,0,0,0,0,0,0,0,0,0,0,0,0,1,0,0,0,1,0,0
-0.06487587408433486,0.28753188012724307,-0.0342855162562426,252,0.1343135301445871,1,0,0,0,0,0,0,0,0,0,0,0,0,0,0,0,0,0,1,0,1,0,0
1.2611063175373964,1.4596839789453286,0.3522093920268116,277,0.1343135301445871,1,0,0,0,0,0,0,0,0,0,0,0,0,0,0,0,0,0,1,0,1,0,0
-0.7668664461193689,-0.8846202186908425,-1.3097187135903212,200,0.1343135301445871,0,0,1,0,0,0,0,0,0,0,0,0,0,0,0,0,0,0,0,0,1,0,0
0.32511888815735074,0.28753188012724307,-0.2275329703977697,240,0.1343135301445871,0,0,1,0,0,0,0,0,0,0,0,0,0,0,0,0,0,0,1,0,1,0,0
-0.06487587408433486,0.28753188012724307,-0.15023398874115845,244,0.1343135301445871,0,0,1,0,0,0,0,0,0,0,0,0,0,0,0,0,0,0,1,0,1,0,0
-0.06487587408433486,0.28753188012724307,-0.2275329703977697,239,0.1343135301445871,0,0,0,0,0,0,0,0,0,0,1,0,0,0,0,0,0,0,1,0,1,0,0
-0.06487587408433486,0.28753188012724307,0.004363974572063373,253,0.1343135301445871,1,0,0,0,0,0,0,0,1,0,0,0,0,0,0,0,0,0,1,0,1,0,0
-0.06487587408433486,0.28753188012724307,-0.3048319520543803,233,0.1343135301445871,0,0,0,0,0,0,0,0,0,0,1,0,0,0,0,0,0,0,1,0,1,0,0
1.2611063175373964,1.4596839789453286,0.23626091954189576,270,0.1343135301445871,1,0,1,0,0,0,0,0,0,0,0,0,0,0,0,0,0,0,1,0,1,0,0
1.2611063175373964,1.4596839789453286,0.3522093920268116,275,0.1343135301445871,1,0,0,0,0,0,0,0,0,0,1,0,0,0,0,0,0,0,1,0,1,0,0
1.2611063175373964,1.4596839789453286,0.23626091954189576,268,0.1343135301445871,1,0,0,0,0,0,0,0,0,0,1,0,0,0,0,0,0,0,1,0,1,0,0
1.8850979371240932,1.4596839789453286,2.7484778233817475,401,0.1343135301445871,1,0,0,0,0,0,0,0,0,0,0,0,1,0,0,0,0,0,1,0,1,0,0
-0.06487587408433486,0.28753188012724307,0.4681578645117282,322,0.1343135301445871,1,0,0,0,0,0,0,0,0,0,0,0,1,0,0,0,0,0,0,0,1,0,0
-0.06487587408433486,0.28753188012724307,1.2411476810778366,298,0.1343135301445871,1,0,0,0,0,0,0,0,0,0,0,0,1,0,0,0,0,0,1,0,1,0,0
1.2611063175373964,1.4596839789453286,1.820890043502418,365,0.1343135301445871,1,0,0,0,0,0,0,0,0,0,0,0,1,0,0,0,0,0,1,0,1,0,0
-0.844865398567706,-0.8846202186908425,-0.8072753328223511,203,0.1343135301445871,0,0,0,0,0,0,0,0,0,0,0,1,0,0,0,0,0,0,1,0,1,0,0
-0.06487587408433486,0.28753188012724307,-0.614027878680824,246,1.8009505106125,1,0,0,0,0,0,0,0,0,0,0,0,1,0,0,0,0,0,0,0,0,0,0
-0.06487587408433486,0.28753188012724307,-0.5367288970242127,253,1.8009505106125,1,0,0,0,0,0,0,0,0,0,0,0,1,0,0,0,0,0,0,0,0,0,0
-0.06487587408433486,0.28753188012724307,0.4681578645117282,282,0.1343135301445871,1,0,0,0,0,0,0,0,0,0,0,0,1,0,0,0,0,0,1,0,1,0,0
-0.06487587408433486,0.28753188012724307,0.4681578645117282,281,1.8009505106125,1,0,0,0,0,0,0,0,0,0,0,0,1,0,0,0,0,0,1,0,0,0,0
1.2611063175373964,1.4596839789453286,1.318446662734447,335,0.1343135301445871,1,0,0,0,0,0,0,0,0,0,0,0,1,0,0,0,0,0,1,0,1,0,0
2.275092699365779,3.8039881765815,1.7435910618458075,359,0.1343135301445871,1,1,0,0,0,0,0,0,0,0,0,0,0,0,0,0,0,0,1,0,1,0,0
-0.844865398567706,-0.8846202186908425,-0.2275329703977697,233,0.1343135301445871,0,0,0,0,0,0,0,1,0,0,0,0,0,0,0,0,0,0,1,0,1,0,0
-0.844865398567706,-0.8846202186908425,0.043013465400368656,248,0.1343135301445871,1,0,0,0,0,0,0,1,0,0,0,0,0,0,0,0,0,0,1,0,1,0,0
-0.06487587408433486,0.28753188012724307,0.004363974572063373,253,0.1343135301445871,1,0,1,0,0,0,0,0,0,0,0,0,0,0,0,0,0,0,1,0,1,0,0
1.2611063175373964,1.4596839789453286,0.5454568461683388,294,0.1343135301445871,1,0,1,0,0,0,0,0,0,0,0,0,0,0,0,0,0,0,1,0,1,0,0
1.2611063175373964,1.4596839789453286,0.6614053186532552,287,0.1343135301445871,1,1,0,0,0,0,0,0,0,0,0,0,0,0,0,0,0,0,1,0,1,0,0
1.2611063175373964,1.4596839789453286,0.5841063369966447,289,0.1343135301445871,1,0,0,0,0,0,0,0,0,0,0,0,0,0,0,0,0,0,1,0,1,0,0
2.275092699365779,3.8039881765815,1.4343951352193638,340,0.1343135301445871,1,1,0,0,0,0,0,0,0,0,0,0,0,0,0,0,0,0,1,0,1,0,0
1.2611063175373964,1.4596839789453286,0.5841063369966447,289,0.1343135301445871,1,0,0,0,0,0,0,0,0,0,0,0,0,1,0,0,0,0,1,0,1,0,0
-0.844865398567706,-0.8846202186908425,-0.8845743144789616,199,1.8009505106125,0,0,0,0,0,0,0,0,0,0,0,0,0,1,0,0,0,0,1,0,0,0,0
0.32511888815735074,0.28753188012724307,-0.3821309337109908,229,0.1343135301445871,0,0,0,0,0,0,0,0,0,0,0,0,0,1,0,0,0,0,1,0,1,0,0
-1.2348601608093916,-1.4706962680998854,-1.193770241105405,181,-0.6990049600893694,0,0,0,0,0,0,0,0,0,0,1,0,0,0,0,0,0,0,1,0,1,0,0
-1.2348601608093916,-1.4706962680998854,-1.3483682044186267,172,-0.6990049600893694,0,0,0,0,0,0,0,0,0,0,1,0,0,0,0,0,0,0,1,0,0,0,1
-1.2348601608093916,-1.4706962680998854,-1.193770241105405,181,-0.6990049600893694,0,0,0,0,0,0,0,0,0,0,1,0,0,0,0,0,0,0,1,0,1,0,0
-1.2348601608093916,-1.4706962680998854,-1.387017695246932,170,-0.6990049600893694,0,0,0,0,0,0,0,0,0,0,1,0,0,0,0,0,0,0,1,0,0,0,1
-1.2348601608093916,-1.4706962680998854,-0.9618732961355722,195,-0.6990049600893694,0,0,1,0,0,0,0,0,0,0,0,0,0,0,0,0,0,0,1,0,1,0,0
-1.2348601608093916,-1.4706962680998854,-1.0005227869638782,194,-0.6990049600893694,0,0,1,0,0,0,0,0,0,0,0,0,0,0,0,0,0,0,1,0,0,0,1
-1.2348601608093916,-1.4706962680998854,-1.193770241105405,181,-0.6990049600893694,0,0,0,1,0,0,0,0,0,0,0,0,0,0,0,0,0,0,1,0,1,0,0
-1.2348601608093916,-1.4706962680998854,-1.387017695246932,170,-0.6990049600893694,0,0,0,1,0,0,0,0,0,0,0,0,0,0,0,0,0,0,1,0,0,0,1
-0.844865398567706,-0.8846202186908425,-1.0005227869638782,193,-0.6990049600893694,0,0,0,0,0,0,0,0,0,0,1,0,0,0,0,0,0,0,1,0,1,0,0
-0.844865398567706,-0.8846202186908425,-0.8072753328223511,203,-0.6990049600893694,0,0,0,0,0,0,0,0,0,0,1,0,0,0,0,0,0,0,1,0,0,0,1
-0.844865398567706,-0.8846202186908425,-1.0005227869638782,193,-0.6990049600893694,0,0,0,0,0,0,0,0,0,0,1,0,0,0,0,0,0,0,1,0,1,0,0
-0.844865398567706,-0.8846202186908425,-0.8072753328223511,203,-0.6990049600893694,0,0,0,0,0,0,0,0,0,0,1,0,0,0,0,0,0,0,1,0,0,0,1
-0.844865398567706,-0.8846202186908425,-0.8845743144789616,198,-0.6990049600893694,0,0,1,0,0,0,0,0,0,0,0,0,0,0,0,0,0,0,1,0,1,0,0
-0.844865398567706,-0.8846202186908425,-0.614027878680824,215,-0.6990049600893694,0,0,1,0,0,0,0,0,0,0,0,0,0,0,0,0,0,0,1,0,0,0,1
-0.844865398567706,-0.8846202186908425,-0.8845743144789616,198,-0.6990049600893694,0,0,0,1,0,0,0,0,0,0,0,0,0,0,0,0,0,0,1,0,1,0,0
-0.844865398567706,-0.8846202186908425,-0.8072753328223511,203,-0.6990049600893694,0,0,0,1,0,0,0,0,0,0,0,0,0,0,0,0,0,0,1,0,0,0,1
-1.1568612083610545,-0.8846202186908425,-0.6913268603374345,212,-0.6990049600893694,0,0,0,0,0,0,0,0,0,0,0,0,0,0,0,0,0,0,1,0,1,0,0
-1.1568612083610545,-0.8846202186908425,-0.8459248236506564,201,-0.6990049600893694,0,0,0,0,0,0,0,0,0,0,0,0,0,0,0,0,0,0,1,0,0,0,1
-1.1568612083610545,-0.8846202186908425,-0.6913268603374345,212,-0.6990049600893694,0,0,0,0,0,0,0,0,0,0,0,0,0,0,0,0,0,0,1,0,1,0,0
-1.1568612083610545,-0.8846202186908425,-0.8459248236506564,201,-0.6990049600893694,0,0,0,0,0,0,0,0,0,0,0,0,0,0,0,0,0,0,1,0,0,0,1
-0.844865398567706,-0.8846202186908425,-0.8845743144789616,199,-0.6990049600893694,0,0,0,0,0,0,0,0,0,0,1,0,0,0,0,0,0,0,1,0,1,0,0
-0.844865398567706,-0.8846202186908425,-0.614027878680824,214,-0.6990049600893694,0,0,0,0,0,0,0,0,0,0,1,0,0,0,0,0,0,0,1,0,0,0,1
-1.1568612083610545,-0.8846202186908425,-0.6913268603374345,212,-0.6990049600893694,0,0,0,0,0,0,0,0,0,0,0,0,0,0,0,0,0,0,1,0,1,0,0
-1.1568612083610545,-0.8846202186908425,-0.8459248236506564,201,-0.6990049600893694,0,0,0,0,0,0,0,0,0,0,0,0,0,0,0,0,0,0,1,0,0,0,1
-1.1568612083610545,-0.8846202186908425,-0.6913268603374345,212,-0.6990049600893694,0,0,0,0,0,0,0,0,0,0,0,0,0,0,0,0,0,0,1,0,1,0,0
-1.1568612083610545,-0.8846202186908425,-0.8459248236506564,201,-0.6990049600893694,0,0,0,0,0,0,0,0,0,0,0,0,0,0,0,0,0,0,1,0,0,0,1
-0.844865398567706,-0.8846202186908425,-1.1551207502770997,181,-0.6990049600893694,0,0,0,0,0,0,0,0,0,0,0,0,0,0,0,0,0,1,0,0,0,1,0
-0.844865398567706,-0.8846202186908425,-0.9232238053072669,198,-1.532323450323326,0,0,0,0,0,0,0,0,0,0,0,0,0,0,0,0,0,1,0,0,0,0,1
-0.5328695887743576,-0.8846202186908425,-0.768625841994045,204,-0.6990049600893694,0,0,0,0,0,0,0,0,0,0,0,0,0,0,0,0,0,1,0,0,0,1,0
-0.5328695887743576,-0.8846202186908425,-0.614027878680824,217,-1.532323450323326,0,0,0,0,0,0,0,0,0,0,0,0,0,0,0,0,0,1,0,0,0,0,1
-0.5328695887743576,-0.8846202186908425,-0.6526773695091292,210,-0.6990049600893694,0,0,0,0,0,0,0,0,0,0,0,0,0,0,0,0,0,1,0,0,0,1,0
-0.844865398567706,-0.8846202186908425,-0.9618732961355722,191,-0.6990049600893694,0,0,0,0,0,0,0,0,0,1,0,0,0,0,0,0,0,1,0,0,0,1,0
-0.844865398567706,-0.8846202186908425,-0.8072753328223511,203,-1.532323450323326,0,0,0,0,0,0,0,0,0,1,0,0,0,0,0,0,0,1,0,0,0,0,1
-1.4688570181544032,-1.4706962680998854,-1.8894610760149024,139,-0.6990049600893694,0,0,0,0,0,0,0,0,0,0,0,0,0,0,0,0,0,1,0,0,0,1,0
-1.4688570181544032,-1.4706962680998854,-1.734863112701681,147,-1.532323450323326,0,0,0,0,0,0,0,0,0,0,0,0,0,0,0,0,0,1,0,0,0,0,1
-0.5328695887743576,-0.8846202186908425,-0.9232238053072669,193,-0.6990049600893694,0,0,0,0,0,0,0,0,0,0,0,1,0,0,0,0,0,1,0,0,0,1,0
-0.5328695887743576,-0.8846202186908425,-0.6913268603374345,207,-0.6990049600893694,0,0,0,0,0,0,0,0,0,0,0,1,0,0,0,0,0,1,0,0,0,1,0
-0.06487587408433486,0.28753188012724307,-0.15023398874115845,238,-0.6990049600893694,0,0,0,0,0,0,0,0,0,0,0,1,0,0,0,0,0,0,1,0,1,0,0
-0.844865398567706,-0.8846202186908425,-0.8072753328223511,202,-0.6990049600893694,0,0,0,0,0,0,0,0,0,0,0,1,0,0,0,0,0,1,0,0,0,1,0
-0.844865398567706,-0.8846202186908425,-0.5753783878525179,214,-1.532323450323326,0,0,0,0,0,0,0,0,0,0,0,1,0,0,0,0,0,1,0,0,0,0,1
-0.5328695887743576,-0.8846202186908425,-0.4594299153676021,223,-0.6990049600893694,0,0,0,0,0,0,0,0,0,0,0,1,0,0,0,0,0,1,0,0,0,1,0
0.4811167930540251,0.28753188012724307,0.12031244705697923,260,0.1343135301445871,1,0,0,0,0,0,0,0,0,0,0,0,0,1,0,0,0,0,1,0,1,0,0
0.4811167930540251,0.28753188012724307,0.27491041037020103,269,-0.6990049600893694,1,0,0,0,0,0,0,0,0,0,0,0,0,1,0,0,0,0,1,0,0,0,1
0.4811167930540251,0.28753188012724307,0.27491041037020103,270,0.1343135301445871,1,0,0,0,0,0,0,0,0,0,0,0,0,1,0,0,0,0,1,0,1,0,0
0.4811167930540251,0.28753188012724307,0.3908588828551176,278,-0.6990049600893694,1,0,0,0,0,0,0,0,0,0,0,0,0,1,0,0,0,0,1,0,0,0,1
-0.4548706363260205,-0.8846202186908425,-1.271069222762016,176,-0.6990049600893694,0,0,1,0,0,0,0,0,0,0,0,0,0,0,0,0,0,1,0,0,0,1,0
0.32511888815735074,0.28753188012724307,-0.6913268603374345,212,0.1343135301445871,0,0,1,0,0,0,0,0,0,0,0,0,0,0,0,0,0,1,0,0,0,1,0
-0.4548706363260205,-0.8846202186908425,-1.193770241105405,181,0.1343135301445871,0,0,1,0,0,0,0,0,0,0,0,0,0,0,0,0,0,1,0,0,0,1,0
-0.4548706363260205,-0.8846202186908425,0.5068073553400334,285,-1.532323450323326,1,0,0,0,0,1,0,0,0,0,0,0,0,0,0,0,0,1,0,0,0,0,0
-0.4548706363260205,-0.8846202186908425,0.1976114287135905,266,-1.532323450323326,1,0,0,0,0,1,0,0,0,0,0,0,0,0,0,0,0,1,0,0,0,0,1
0.7151136503990364,0.28753188012724307,0.7387043003098659,300,-1.532323450323326,1,0,0,0,0,1,0,0,0,0,0,0,0,0,0,0,0,1,0,0,0,0,0
0.7151136503990364,0.28753188012724307,1.12519920859292,322,-1.532323450323326,1,0,0,0,0,1,0,0,0,0,0,0,0,0,0,0,0,1,0,0,0,0,0
0.7151136503990364,0.28753188012724307,0.9706012452796989,313,-0.6990049600893694,1,0,0,0,0,1,0,0,0,0,0,0,0,0,0,0,0,1,0,0,0,0,1
0.559115745502362,0.28753188012724307,0.7000548094815605,294,-0.6990049600893694,1,0,0,0,0,0,0,0,0,0,1,0,0,0,0,0,0,0,1,1,0,0,0
-1.1568612083610545,-0.8846202186908425,-1.116471259448794,186,0.1343135301445871,0,0,0,0,0,0,0,0,0,1,0,0,0,0,0,0,0,0,1,0,0,1,0
-1.1568612083610545,-0.8846202186908425,-1.1551207502770997,183,-0.6990049600893694,0,0,0,0,0,0,0,0,0,1,0,0,0,0,0,0,0,0,1,0,0,0,1
-1.1568612083610545,-0.8846202186908425,-1.0005227869638782,194,0.1343135301445871,0,0,0,0,0,0,0,0,0,1,0,0,0,0,0,0,0,0,1,0,0,1,0
-1.1568612083610545,-0.8846202186908425,-0.9618732961355722,194,-0.6990049600893694,0,0,0,0,0,0,0,0,0,1,0,0,0,0,0,0,0,0,1,0,0,0,1
-1.1568612083610545,-0.8846202186908425,-0.768625841994045,208,0.9676320203785437,0,0,0,0,0,0,0,0,0,1,0,0,0,0,0,0,0,0,1,0,0,1,0
0.32511888815735074,0.28753188012724307,-0.4980794061959074,223,0.1343135301445871,0,0,1,0,0,0,0,0,0,0,0,0,0,0,0,0,0,0,1,0,0,1,0
-1.1568612083610545,-0.8846202186908425,-1.1551207502770997,184,-2.3656419405572824,0,0,0,0,0,0,0,0,0,0,0,0,0,0,0,0,0,1,0,0,0,0,0
-1.1568612083610545,-0.8846202186908425,-1.193770241105405,182,-1.532323450323326,0,0,0,0,0,0,0,0,0,0,0,0,0,0,0,0,0,1,0,0,0,0,1
0.32511888815735074,0.28753188012724307,-0.3821309337109908,230,0.1343135301445871,0,0,0,0,0,0,0,0,1,0,0,0,0,0,0,0,0,1,0,0,0,1,0
0.32511888815735074,0.28753188012724307,-0.34348144288268556,232,0.1343135301445871,0,0,0,0,0,0,0,0,1,0,0,0,0,0,0,0,0,1,0,0,0,1,0
-0.844865398567706,-0.8846202186908425,-0.5367288970242127,220,-0.6990049600893694,0,0,0,0,0,0,0,1,0,0,0,0,0,0,0,0,0,1,0,0,0,1,0
0.32511888815735074,0.28753188012724307,-0.15023398874115845,245,-0.6990049600893694,1,0,0,0,0,0,0,0,0,0,0,1,0,0,0,0,0,1,0,0,0,1,0
0.32511888815735074,0.28753188012724307,-0.0342855162562426,251,-0.6990049600893694,1,0,0,0,0,0,0,0,0,0,0,1,0,0,0,0,0,1,0,0,0,1,0
0.32511888815735074,0.28753188012724307,0.08166295622867395,258,-0.6990049600893694,1,0,0,0,0,0,0,0,0,0,0,1,0,0,0,0,0,1,0,0,0,1,0
-0.4548706363260205,-0.8846202186908425,-1.0005227869638782,194,-0.6990049600893694,0,0,0,0,0,0,0,0,0,0,0,1,0,0,0,0,0,1,0,0,0,1,0
-0.4548706363260205,-0.8846202186908425,-0.8459248236506564,201,-0.6990049600893694,0,0,0,0,0,0,0,0,0,0,0,1,0,0,0,0,0,1,0,0,0,1,0
-1.0008633034643803,-0.8846202186908425,-1.387017695246932,167,-0.6990049600893694,0,0,1,0,0,0,0,0,0,0,0,0,0,0,0,0,0,1,0,0,0,1,0
-1.0008633034643803,-0.8846202186908425,-1.116471259448794,184,-0.6990049600893694,0,0,1,0,0,0,0,0,0,0,0,0,0,0,0,0,0,1,0,0,0,0,1
-1.1568612083610545,-0.8846202186908425,-1.541615658560154,161,-0.6990049600893694,0,0,1,0,0,0,0,0,0,0,0,0,0,0,0,0,0,1,0,0,0,1,0
-1.1568612083610545,-0.8846202186908425,-1.2324197319337105,179,-1.532323450323326,0,0,1,0,0,0,0,0,0,0,0,0,0,0,0,0,0,1,0,0,0,0,1
0.24711993570901356,0.28753188012724307,-0.266182461226075,238,0.1343135301445871,0,0,0,1,0,0,0,0,0,0,0,0,0,0,0,0,0,0,1,1,0,0,0
0.24711993570901356,0.28753188012724307,-0.07293500708454788,249,0.1343135301445871,1,0,0,1,0,0,0,0,0,0,0,0,0,0,0,0,0,0,1,0,0,0,1
0.24711993570901356,0.28753188012724307,-0.266182461226075,236,0.1343135301445871,0,0,0,1,0,0,0,0,0,0,0,0,0,0,0,0,0,0,1,1,0,0,0
0.24711993570901356,0.28753188012724307,-0.0342855162562426,251,0.1343135301445871,1,0,0,1,0,0,0,0,0,0,0,0,0,0,0,0,0,0,1,0,0,0,1
0.559115745502362,0.28753188012724307,0.08166295622867395,259,0.1343135301445871,1,0,0,1,0,0,0,0,0,0,0,0,0,0,0,0,0,0,1,1,0,0,0
0.559115745502362,0.28753188012724307,0.1589619378852845,262,0.1343135301445871,1,0,0,1,0,0,0,0,0,0,0,0,0,0,0,0,0,0,1,0,0,0,1
0.559115745502362,0.28753188012724307,0.12031244705697923,260,0.1343135301445871,1,0,0,1,0,0,0,0,0,0,0,0,0,0,0,0,0,0,1,1,0,0,0
0.559115745502362,0.28753188012724307,0.31355990119850635,272,0.1343135301445871,1,0,0,1,0,0,0,0,0,0,0,0,0,0,0,0,0,0,1,0,0,0,1
0.559115745502362,0.28753188012724307,-0.11158449791285317,245,0.1343135301445871,1,0,0,1,0,0,0,0,0,0,0,0,0,0,0,0,0,0,1,1,0,0,0
0.559115745502362,0.28753188012724307,-0.0342855162562426,252,0.1343135301445871,1,0,0,1,0,0,0,0,0,0,0,0,0,0,0,0,0,0,1,0,0,0,1
0.559115745502362,0.28753188012724307,-0.07293500708454788,250,0.1343135301445871,1,0,0,1,0,0,0,0,0,0,0,0,0,0,0,0,0,0,1,1,0,0,0
0.559115745502362,0.28753188012724307,0.043013465400368656,255,0.1343135301445871,1,0,0,1,0,0,0,0,0,0,0,0,0,0,0,0,0,0,1,0,0,0,1
0.24711993570901356,0.28753188012724307,-0.2275329703977697,240,0.1343135301445871,0,0,0,1,0,0,0,0,0,0,0,0,0,0,0,0,0,0,1,1,0,0,0
0.24711993570901356,0.28753188012724307,-0.0342855162562426,251,0.1343135301445871,1,0,0,1,0,0,0,0,0,0,0,0,0,0,0,0,0,0,1,0,0,0,1
0.24711993570901356,0.28753188012724307,-0.11158449791285317,246,0.1343135301445871,1,0,0,1,0,0,0,0,0,0,0,0,0,0,0,0,0,0,1,1,0,0,0
0.24711993570901356,0.28753188012724307,0.043013465400368656,257,0.1343135301445871,1,0,0,1,0,0,0,0,0,0,0,0,0,0,0,0,0,0,1,0,0,0,1
0.559115745502362,0.28753188012724307,0.12031244705697923,260,0.1343135301445871,1,0,0,1,0,0,0,0,0,0,0,0,0,0,0,0,0,0,1,1,0,0,0
0.559115745502362,0.28753188012724307,0.1976114287135905,265,0.1343135301445871,1,0,0,1,0,0,0,0,0,0,0,0,0,0,0,0,0,0,1,0,0,0,1
0.559115745502362,0.28753188012724307,0.23626091954189576,268,0.1343135301445871,1,0,0,1,0,0,0,0,0,0,0,0,0,0,0,0,0,0,1,1,0,0,0
0.559115745502362,0.28753188012724307,0.31355990119850635,272,0.1343135301445871,1,0,0,1,0,0,0,0,0,0,0,0,0,0,0,0,0,0,1,0,0,0,1
0.559115745502362,0.28753188012724307,-0.0342855162562426,251,0.1343135301445871,1,0,0,1,0,0,0,0,0,0,0,0,0,0,0,0,0,0,1,1,0,0,0
0.559115745502362,0.28753188012724307,0.08166295622867395,258,0.1343135301445871,1,0,0,1,0,0,0,0,0,0,0,0,0,0,0,0,0,0,1,0,0,0,1
0.559115745502362,0.28753188012724307,0.08166295622867395,257,0.1343135301445871,1,0,0,1,0,0,0,0,0,0,0,0,0,0,0,0,0,0,1,1,0,0,0
0.559115745502362,0.28753188012724307,0.1589619378852845,262,0.1343135301445871,1,0,0,1,0,0,0,0,0,0,0,0,0,0,0,0,0,0,1,0,0,0,1
0.559115745502362,0.28753188012724307,1.2411476810778366,329,0.1343135301445871,1,0,0,0,0,0,0,0,0,0,0,0,0,1,0,0,0,0,1,1,0,0,0
0.7151136503990364,0.28753188012724307,1.3570961535627533,334,0.1343135301445871,1,0,0,0,0,0,0,0,0,0,0,0,0,1,0,0,0,0,1,1,0,0,0
0.24711993570901356,0.28753188012724307,0.004363974572063373,253,0.1343135301445871,1,0,0,1,0,0,0,0,0,0,0,0,0,0,0,0,0,0,1,1,0,0,0
0.24711993570901356,0.28753188012724307,0.12031244705697923,261,0.1343135301445871,1,0,0,1,0,0,0,0,0,0,0,0,0,0,0,0,0,0,1,0,0,0,1
0.559115745502362,0.28753188012724307,0.1589619378852845,260,0.1343135301445871,1,0,0,1,0,0,0,0,0,0,0,0,0,0,0,0,0,0,1,1,0,0,0
0.559115745502362,0.28753188012724307,0.23626091954189576,267,0.1343135301445871,1,0,0,1,0,0,0,0,0,0,0,0,0,0,0,0,0,0,1,0,0,0,1
0.559115745502362,0.28753188012724307,0.4295083736834229,278,0.1343135301445871,1,0,0,1,0,0,0,0,0,0,0,0,0,0,0,0,0,0,1,1,0,0,0
0.559115745502362,0.28753188012724307,0.4295083736834229,278,0.1343135301445871,1,0,0,1,0,0,0,0,0,0,0,0,0,0,0,0,0,0,1,1,0,0,0
0.559115745502362,0.28753188012724307,0.4295083736834229,278,0.1343135301445871,1,0,0,1,0,0,0,0,0,0,0,0,0,0,0,0,0,0,1,1,0,0,0
0.559115745502362,0.28753188012724307,0.4295083736834229,278,0.1343135301445871,1,0,0,1,0,0,0,0,0,0,0,0,0,0,0,0,0,0,1,1,0,0,0
-0.2988727314293461,0.28753188012724307,-0.614027878680824,217,0.1343135301445871,0,0,0,0,0,0,0,0,0,0,0,0,0,1,0,0,0,0,1,1,0,0,0
-0.2988727314293461,0.28753188012724307,-0.34348144288268556,232,-0.6990049600893694,0,0,0,0,0,0,0,0,0,0,0,0,0,1,0,0,0,0,1,0,0,0,1
0.24711993570901356,0.28753188012724307,-0.4980794061959074,222,0.1343135301445871,0,0,0,0,0,0,0,0,0,0,0,0,0,1,0,0,0,0,1,1,0,0,0
0.24711993570901356,0.28753188012724307,-0.0342855162562426,250,-0.6990049600893694,1,0,0,0,0,0,0,0,0,0,0,0,0,1,0,0,0,0,1,0,0,0,1
0.24711993570901356,0.28753188012724307,-0.3821309337109908,230,0.1343135301445871,0,0,0,0,0,0,0,0,0,0,0,0,0,1,0,0,0,0,1,1,0,0,0
0.24711993570901356,0.28753188012724307,-0.15023398874115845,245,-0.6990049600893694,1,0,0,0,0,0,0,0,0,0,0,0,0,1,0,0,0,0,1,0,0,0,1
0.559115745502362,0.28753188012724307,0.31355990119850635,272,-0.6990049600893694,1,0,0,0,0,0,0,0,0,0,0,0,0,1,0,0,0,0,1,0,0,0,1
0.40311784060568795,0.28753188012724307,0.3908588828551176,277,0.9676320203785437,1,0,0,0,0,0,0,0,0,0,0,0,1,0,0,0,0,0,1,0,0,0,0
-0.06487587408433486,0.28753188012724307,-0.3821309337109908,270,0.9676320203785437,1,0,0,0,0,0,0,0,0,0,0,0,1,0,0,0,0,0,0,0,0,0,0
0.40311784060568795,0.28753188012724307,0.7773537911381718,300,0.9676320203785437,1,0,0,0,0,0,0,0,0,0,0,0,1,0,0,0,0,0,1,0,0,0,0
1.339105269985733,1.4596839789453286,1.318446662734447,334,0.9676320203785437,1,0,0,0,0,0,0,0,0,0,0,0,1,0,0,0,0,0,1,0,0,0,0
1.339105269985733,1.4596839789453286,1.3570961535627533,336,0.9676320203785437,1,0,0,0,0,0,0,0,0,0,0,0,1,0,0,0,0,0,1,0,0,0,0
-0.2988727314293461,0.28753188012724307,-0.614027878680824,217,0.1343135301445871,0,0,0,0,0,0,0,0,0,0,0,0,0,1,0,0,0,0,1,1,0,0,0
-0.2988727314293461,0.28753188012724307,-0.34348144288268556,232,-0.6990049600893694,0,0,0,0,0,0,0,0,0,0,0,0,0,1,0,0,0,0,1,0,0,0,1
0.559115745502362,0.28753188012724307,0.3908588828551176,277,-0.6990049600893694,1,0,0,0,0,0,0,0,0,0,0,0,0,1,0,0,0,0,1,0,0,0,1
0.24711993570901356,0.28753188012724307,-0.4980794061959074,222,0.1343135301445871,0,0,0,0,0,0,0,0,0,0,0,0,0,1,0,0,0,0,1,1,0,0,0
0.24711993570901356,0.28753188012724307,-0.0342855162562426,250,-0.6990049600893694,1,0,0,0,0,0,0,0,0,0,0,0,0,1,0,0,0,0,1,0,0,0,1
0.24711993570901356,0.28753188012724307,-0.3821309337109908,230,0.1343135301445871,0,0,0,0,0,0,0,0,0,0,0,0,0,1,0,0,0,0,1,1,0,0,0
0.24711993570901356,0.28753188012724307,-0.15023398874115845,245,-0.6990049600893694,1,0,0,0,0,0,0,0,0,0,0,0,0,1,0,0,0,0,1,0,0,0,1
-0.06487587408433486,0.28753188012724307,0.5454568461683388,285,0.1343135301445871,1,0,0,0,0,0,0,0,0,0,0,1,0,0,0,0,0,0,1,0,0,0,0
0.40311784060568795,0.28753188012724307,0.5841063369966447,287,0.1343135301445871,1,0,0,0,0,0,0,0,0,0,0,1,0,0,0,0,0,0,1,0,0,0,0
0.40311784060568795,0.28753188012724307,0.043013465400368656,255,0.1343135301445871,1,1,0,0,0,0,0,0,0,0,0,0,0,0,0,0,0,0,1,1,0,0,0
1.339105269985733,1.4596839789453286,0.7387043003098659,298,0.1343135301445871,1,1,0,0,0,0,0,0,0,0,0,0,0,0,0,0,0,0,1,1,0,0,0
-0.06487587408433486,0.28753188012724307,0.23626091954189576,267,0.1343135301445871,1,1,0,0,0,0,0,0,0,0,0,0,0,0,0,0,0,0,1,1,0,0,0
0.40311784060568795,0.28753188012724307,0.12031244705697923,262,0.1343135301445871,1,1,0,0,0,0,0,0,0,0,0,0,0,0,0,0,0,0,1,1,0,0,0
-0.06487587408433486,0.28753188012724307,0.23626091954189576,267,0.1343135301445871,1,1,0,0,0,0,0,0,0,0,0,0,0,0,0,0,0,0,1,1,0,0,0
-0.06487587408433486,0.28753188012724307,0.27491041037020103,271,0.1343135301445871,1,1,0,0,0,0,0,0,0,0,0,0,0,0,0,0,0,0,1,1,0,0,0
1.339105269985733,1.4596839789453286,0.7773537911381718,300,0.1343135301445871,1,1,0,0,0,0,0,0,0,0,0,0,0,0,0,0,0,0,1,1,0,0,0
1.339105269985733,1.4596839789453286,0.8160032819664771,303,0.1343135301445871,1,1,0,0,0,0,0,0,0,0,0,0,0,0,0,0,0,0,1,1,0,0,0
1.339105269985733,1.4596839789453286,0.7773537911381718,300,0.1343135301445871,1,1,0,0,0,0,0,0,0,0,0,0,0,0,0,0,0,0,1,1,0,0,0
1.339105269985733,1.4596839789453286,0.8160032819664771,303,0.1343135301445871,1,1,0,0,0,0,0,0,0,0,0,0,0,0,0,0,0,0,1,1,0,0,0
0.40311784060568795,0.28753188012724307,0.4295083736834229,279,0.9676320203785437,1,0,0,0,0,0,1,0,0,0,0,0,0,0,0,0,0,1,0,0,0,0,0
0.40311784060568795,0.28753188012724307,2.323333424270389,279,0.9676320203785437,1,0,0,0,0,0,1,0,0,0,0,0,0,0,0,0,1,0,0,0,0,0,0
0.40311784060568795,0.28753188012724307,0.1976114287135905,264,0.9676320203785437,1,0,0,0,0,0,1,0,0,0,0,0,0,0,0,0,0,1,0,0,0,0,0
2.0410958420207677,1.4596839789453286,1.5503436077042803,348,-0.6990049600893694,1,0,0,0,0,0,1,0,0,0,0,0,0,0,0,0,0,1,0,0,0,0,0
2.0410958420207677,1.4596839789453286,1.0865497177646148,319,0.9676320203785437,1,0,0,0,0,0,1,0,0,0,0,0,0,0,0,0,0,1,0,0,0,0,0
-0.06487587408433486,0.28753188012724307,-0.2275329703977697,272,0.9676320203785437,1,0,0,0,0,0,1,0,0,0,0,0,0,0,0,0,0,0,0,0,0,0,0
-0.06487587408433486,0.28753188012724307,-0.3821309337109908,264,0.9676320203785437,1,0,0,0,0,0,1,0,0,0,0,0,0,0,0,0,0,0,0,0,0,0,0
0.40311784060568795,0.28753188012724307,0.7000548094815605,294,0.9676320203785437,1,0,0,0,0,0,1,0,0,0,0,0,0,0,0,0,0,1,0,0,0,0,0
0.40311784060568795,0.28753188012724307,2.709828332553443,296,0.9676320203785437,1,0,0,0,0,0,1,0,0,0,0,0,0,0,0,0,1,0,0,0,0,0,0
2.0410958420207677,1.4596839789453286,1.7822405526741127,362,-0.6990049600893694,1,0,0,0,0,0,1,0,0,0,0,0,0,0,0,0,0,1,0,0,0,0,0
2.0410958420207677,1.4596839789453286,1.2797971719061418,330,0.9676320203785437,1,0,0,0,0,0,1,0,0,0,0,0,0,0,0,0,0,1,0,0,0,0,0
-0.06487587408433486,0.28753188012724307,-0.07293500708454788,283,0.9676320203785437,1,0,0,0,0,0,1,0,0,0,0,0,0,0,0,0,0,0,0,0,0,0,0
-0.5328695887743576,-0.8846202186908425,-0.3821309337109908,231,1.8009505106125,0,0,0,0,0,0,0,1,0,0,0,0,0,0,0,0,0,1,0,0,0,0,0
-0.844865398567706,-0.8846202186908425,-0.9232238053072669,197,-0.6990049600893694,0,0,0,1,0,0,0,0,0,0,0,0,0,0,0,0,0,0,1,0,1,0,0
-0.844865398567706,-0.8846202186908425,-0.4594299153676021,224,-0.6990049600893694,0,0,0,1,0,0,0,0,0,0,0,0,0,0,0,0,0,0,1,0,0,0,1
-1.0008633034643803,-0.8846202186908425,-1.3097187135903212,173,0.1343135301445871,0,0,1,0,0,0,0,0,0,0,0,0,0,0,0,0,0,1,0,0,0,1,0
-1.0008633034643803,-0.8846202186908425,-1.193770241105405,180,-0.6990049600893694,0,0,1,0,0,0,0,0,0,0,0,0,0,0,0,0,0,1,0,0,0,0,1
-0.4548706363260205,-0.8846202186908425,-0.6913268603374345,211,-0.6990049600893694,0,0,0,0,0,0,0,0,0,0,0,0,0,0,0,0,0,1,0,0,1,0,0
-0.4548706363260205,-0.8846202186908425,-0.6913268603374345,210,-0.6990049600893694,0,0,0,0,0,0,0,0,0,0,0,0,0,0,0,0,0,1,0,0,0,0,1
-1.7028538754994145,-1.4706962680998854,-1.5029661677318482,157,-0.6990049600893694,0,0,0,0,0,0,0,0,0,0,0,0,0,1,0,0,0,0,1,1,0,0,0
-1.7028538754994145,-1.4706962680998854,-1.5029661677318482,157,-0.6990049600893694,0,0,0,0,0,0,0,0,0,0,0,0,0,1,0,0,0,0,1,1,0,0,0
-0.844865398567706,-0.8846202186908425,-0.9232238053072669,197,-0.6990049600893694,0,0,0,1,0,0,0,0,0,0,0,0,0,0,0,0,0,0,1,0,1,0,0
-0.844865398567706,-0.8846202186908425,-0.4594299153676021,224,-0.6990049600893694,0,0,0,1,0,0,0,0,0,0,0,0,0,0,0,0,0,0,1,0,0,0,1
-0.844865398567706,-0.8846202186908425,-0.5367288970242127,222,0.9676320203785437,0,0,0,0,0,0,0,0,0,0,0,1,0,0,0,0,0,0,1,0,0,1,0
-0.4548706363260205,-0.8846202186908425,-0.8072753328223511,204,-0.6990049600893694,0,0,0,0,0,0,0,0,0,0,0,1,0,0,0,0,0,1,0,0,0,1,0
-0.4548706363260205,-0.8846202186908425,-0.4594299153676021,227,-0.6990049600893694,0,0,0,0,0,0,0,0,0,0,0,1,0,0,0,0,0,1,0,0,0,0,1
-0.844865398567706,-0.8846202186908425,-1.2324197319337105,177,-0.6990049600893694,0,0,0,0,0,0,0,0,0,0,0,0,0,0,0,0,0,1,0,0,0,1,0
-0.844865398567706,-0.8846202186908425,-0.9232238053072669,197,-1.532323450323326,0,0,0,0,0,0,0,0,0,0,0,0,0,0,0,0,0,1,0,0,0,0,1
-0.844865398567706,-0.8846202186908425,-1.2324197319337105,177,-0.6990049600893694,0,0,0,0,0,0,0,0,0,1,0,0,0,0,0,0,0,1,0,0,0,1,0
-0.844865398567706,-0.8846202186908425,-0.9232238053072669,197,-1.532323450323326,0,0,0,0,0,0,0,0,0,1,0,0,0,0,0,0,0,1,0,0,0,0,1
-0.4548706363260205,-0.8846202186908425,-1.116471259448794,185,-0.6990049600893694,0,0,1,0,0,0,0,0,0,0,0,0,0,0,0,0,0,1,0,0,0,1,0
-0.4548706363260205,-0.8846202186908425,-0.5367288970242127,220,-0.6990049600893694,0,0,1,0,0,0,0,0,0,0,0,0,0,0,0,0,0,1,0,0,0,0,1
0.40311784060568795,0.28753188012724307,-0.2275329703977697,239,-0.6990049600893694,0,0,1,0,0,0,0,0,0,0,0,0,0,0,0,0,0,1,0,0,0,1,0
-0.4548706363260205,-0.8846202186908425,-0.9618732961355722,196,-0.6990049600893694,0,0,0,0,0,0,0,0,0,0,0,1,0,0,0,0,0,1,0,0,0,1,0
-0.4548706363260205,-0.8846202186908425,-0.4207804245392968,228,-0.6990049600893694,0,0,0,0,0,0,0,0,0,0,0,1,0,0,0,0,0,1,0,0,0,0,1
0.40311784060568795,0.28753188012724307,-0.11158449791285317,246,-0.6990049600893694,1,0,0,0,0,0,0,0,0,0,0,1,0,0,0,0,0,1,0,0,0,1,0
-0.844865398567706,-0.8846202186908425,0.1589619378852845,254,0.9676320203785437,1,0,0,0,0,0,0,0,0,0,0,0,0,0,0,0,0,0,1,0,0,1,0
-0.844865398567706,-0.8846202186908425,-0.3048319520543803,233,-0.6990049600893694,0,0,0,0,0,0,0,0,0,0,0,0,0,0,0,0,0,0,1,0,0,0,1
-0.4548706363260205,-0.8846202186908425,0.5454568461683388,285,-0.6990049600893694,1,0,0,0,0,0,0,0,0,0,0,0,0,0,0,0,0,0,1,0,0,0,1
-0.844865398567706,-0.8846202186908425,-1.0391722777921835,191,-0.6990049600893694,0,0,0,0,0,0,0,0,0,0,0,1,0,0,0,0,0,1,0,0,0,1,0
-0.844865398567706,-0.8846202186908425,-0.6526773695091292,214,-1.532323450323326,0,0,0,0,0,0,0,0,0,0,0,1,0,0,0,0,0,1,0,0,0,0,1
-0.844865398567706,-0.8846202186908425,-1.271069222762016,175,-0.6990049600893694,0,0,0,0,0,0,0,0,0,0,0,1,0,0,0,0,0,1,0,0,0,1,0
0.7151136503990364,0.28753188012724307,0.7773537911381718,298,-1.532323450323326,1,0,0,0,0,0,0,0,0,0,0,0,1,0,0,0,0,1,0,0,1,0,0
0.7151136503990364,0.28753188012724307,0.7773537911381718,298,-1.532323450323326,1,0,0,0,0,0,0,0,0,0,0,0,1,0,0,0,0,1,0,0,1,0,0
0.32511888815735074,0.28753188012724307,-0.4207804245392968,225,-0.6990049600893694,0,0,1,0,0,0,0,0,0,0,0,0,0,0,0,0,0,1,0,0,1,0,0
-0.4548706363260205,-0.8846202186908425,-1.0005227869638782,192,-0.6990049600893694,0,0,1,0,0,0,0,0,0,0,0,0,0,0,0,0,0,1,0,0,1,0,0
0.32511888815735074,0.28753188012724307,-0.4980794061959074,222,-0.6990049600893694,0,0,1,0,0,0,0,0,0,0,0,0,0,0,0,0,0,1,0,0,1,0,0
-0.4548706363260205,-0.8846202186908425,-1.9667600576715134,134,-0.6990049600893694,0,0,1,0,0,0,0,0,0,0,0,0,0,0,0,0,0,1,0,0,0,1,0
-0.4548706363260205,-0.8846202186908425,-1.8894610760149024,137,-0.6990049600893694,0,0,1,0,0,0,0,0,0,0,0,0,0,0,0,0,0,1,0,0,0,1,0
-1.0008633034643803,-0.8846202186908425,-1.2324197319337105,179,-2.3656419405572824,0,0,1,0,0,0,0,0,0,0,0,0,0,0,0,0,0,1,0,0,0,0,0
-1.0008633034643803,-0.8846202186908425,-1.3483682044186267,171,-0.6990049600893694,0,0,1,0,0,0,0,0,0,0,0,0,0,0,0,0,0,1,0,0,0,1,0
-1.0008633034643803,-0.8846202186908425,-1.4256671860752377,166,0.1343135301445871,0,0,1,0,0,0,0,0,0,0,0,0,0,0,0,0,0,1,0,0,0,1,0
-1.0008633034643803,-0.8846202186908425,-1.271069222762016,174,-0.6990049600893694,0,0,1,0,0,0,0,0,0,0,0,0,0,0,0,0,0,1,0,0,0,0,1
-1.0008633034643803,-0.8846202186908425,-1.541615658560154,160,-0.6990049600893694,0,0,1,0,0,0,0,0,0,0,0,0,0,0,0,0,0,1,0,0,0,1,0
-1.0008633034643803,-0.8846202186908425,-1.5029661677318482,162,-0.6990049600893694,0,0,1,0,0,0,0,0,0,0,0,0,0,0,0,0,0,1,0,0,0,1,0
0.32511888815735074,0.28753188012724307,0.12031244705697923,260,-0.6990049600893694,1,0,0,0,0,0,0,0,0,0,0,1,0,0,0,0,0,1,0,0,1,0,0
0.32511888815735074,0.28753188012724307,0.31355990119850635,272,-0.6990049600893694,1,0,0,0,0,0,0,0,0,0,0,0,1,0,0,0,0,1,0,0,1,0,0
0.32511888815735074,0.28753188012724307,-0.8845743144789616,198,-0.6990049600893694,0,0,0,0,0,0,0,0,0,0,0,0,1,0,0,0,0,1,0,0,0,1,0
0.32511888815735074,0.28753188012724307,-0.9232238053072669,195,-0.6990049600893694,0,0,0,0,0,0,0,0,0,0,0,0,1,0,0,0,0,1,0,0,0,1,0
-1.0008633034643803,-0.8846202186908425,-2.4305539476111786,104,-0.6990049600893694,0,0,1,0,0,0,0,0,0,0,0,0,0,0,0,0,0,1,0,0,0,1,0
-1.2348601608093916,-0.8846202186908425,-2.3532549659545676,111,-0.6990049600893694,0,0,0,0,0,0,0,0,0,0,0,0,0,0,0,0,0,1,0,0,0,1,0
-1.0008633034643803,-0.8846202186908425,-2.005409548499819,131,-0.6990049600893694,0,0,0,0,0,0,0,0,1,0,0,0,0,0,0,0,0,1,0,0,0,1,0
-0.4548706363260205,-0.8846202186908425,-0.6913268603374345,212,-0.6990049600893694,0,0,0,0,0,0,0,0,0,0,0,1,0,0,0,0,0,1,0,0,1,0,0
-0.4548706363260205,-0.8846202186908425,-0.4980794061959074,220,-0.6990049600893694,0,0,0,0,0,0,0,0,0,0,0,1,0,0,0,0,0,1,0,0,1,0,0
-0.4548706363260205,-0.8846202186908425,-1.387017695246932,169,-0.6990049600893694,0,0,0,0,0,0,0,0,0,0,0,1,0,0,0,0,0,1,0,0,0,1,0
-0.4548706363260205,-0.8846202186908425,-0.7299763511657398,208,-0.6990049600893694,0,0,0,0,0,0,0,0,0,0,0,1,0,0,0,0,0,1,0,0,1,0,0
-0.4548706363260205,-0.8846202186908425,-0.5367288970242127,220,-0.6990049600893694,0,0,0,0,0,0,0,0,0,0,0,1,0,0,0,0,0,1,0,0,1,0,0
0.32511888815735074,0.28753188012724307,0.23626091954189576,267,-0.6990049600893694,1,0,0,0,1,0,0,0,0,0,0,0,0,0,0,0,0,1,0,0,1,0,0
0.32511888815735074,0.28753188012724307,0.6614053186532552,290,-0.6990049600893694,1,0,0,0,1,0,0,0,0,0,0,0,0,0,0,0,0,1,0,0,1,0,0
-0.2988727314293461,-0.8846202186908425,0.12031244705697923,261,-0.6990049600893694,1,0,0,0,0,1,0,0,0,0,0,0,0,0,0,0,0,1,0,0,1,0,0
0.32511888815735074,0.28753188012724307,0.23626091954189576,267,-0.6990049600893694,1,0,0,0,0,1,0,0,0,0,0,0,0,0,0,0,0,1,0,0,1,0,0
-0.2988727314293461,-0.8846202186908425,0.3522093920268116,274,-0.6990049600893694,1,0,0,0,0,1,0,0,0,0,0,0,0,0,0,0,0,1,0,0,1,0,0
-0.2988727314293461,-0.8846202186908425,0.4295083736834229,279,-1.532323450323326,1,0,0,0,0,1,0,0,0,0,0,0,0,0,0,0,0,1,0,0,0,0,1
0.32511888815735074,0.28753188012724307,0.4295083736834229,280,-0.6990049600893694,1,0,0,0,0,1,0,0,0,0,0,0,0,0,0,0,0,1,0,0,1,0,0
0.32511888815735074,0.28753188012724307,0.6614053186532552,292,-0.6990049600893694,1,0,0,0,0,1,0,0,0,0,0,0,0,0,0,0,0,1,0,0,0,0,1
0.32511888815735074,0.28753188012724307,0.8160032819664771,300,-0.6990049600893694,1,0,0,0,0,1,0,0,0,0,0,0,0,0,0,0,0,1,0,0,0,0,1
1.183107365089059,1.4596839789453286,1.3570961535627533,335,-0.6990049600893694,1,0,0,0,0,0,1,0,0,0,0,0,0,0,0,0,0,1,0,0,1,0,0
2.0410958420207677,1.4596839789453286,1.7822405526741127,360,-0.6990049600893694,1,0,0,0,0,0,1,0,0,0,0,0,0,0,0,0,0,1,0,0,1,0,0
1.183107365089059,1.4596839789453286,1.666292080189196,351,-0.6990049600893694,1,0,0,0,0,0,1,0,0,0,0,0,0,0,0,0,0,1,0,0,1,0,0
2.0410958420207677,1.4596839789453286,2.1300859701288615,380,-0.6990049600893694,1,0,0,0,0,0,1,0,0,0,0,0,0,0,0,0,0,1,0,0,1,0,0
-0.2988727314293461,-0.8846202186908425,-0.15023398874115845,244,-0.6990049600893694,0,0,0,0,0,0,0,0,0,0,0,1,0,0,0,0,0,1,0,0,1,0,0
0.32511888815735074,0.28753188012724307,0.043013465400368656,256,-0.6990049600893694,1,0,0,0,0,0,0,0,0,0,0,1,0,0,0,0,0,1,0,0,1,0,0
-0.2988727314293461,-0.8846202186908425,-0.11158449791285317,241,-0.6990049600893694,0,0,0,0,0,0,0,0,0,0,0,1,0,0,0,0,0,1,0,0,1,0,0
0.32511888815735074,0.28753188012724307,0.1976114287135905,263,-0.6990049600893694,1,0,0,0,0,0,0,0,0,0,0,1,0,0,0,0,0,1,0,0,1,0,0
-1.2348601608093916,-0.8846202186908425,-1.6962136218733754,151,-0.6990049600893694,0,0,0,0,0,0,0,0,0,0,0,0,0,0,0,0,0,1,0,0,1,0,0
-1.2348601608093916,-0.8846202186908425,-1.5802651493884592,157,-0.6990049600893694,0,0,0,0,0,0,0,0,0,0,0,0,0,0,0,0,0,1,0,0,0,0,1
-1.2348601608093916,-0.8846202186908425,-1.3483682044186267,170,-2.3656419405572824,0,0,0,0,0,0,0,0,0,0,0,0,0,0,0,0,0,1,0,0,0,0,0
-1.2348601608093916,-0.8846202186908425,-1.4256671860752377,165,-1.532323450323326,0,0,0,0,0,0,0,0,0,0,0,0,0,0,0,0,0,1,0,0,0,0,1
-1.0008633034643803,-0.8846202186908425,-0.9232238053072669,196,-0.6990049600893694,0,0,0,0,0,0,0,0,0,0,0,0,0,0,0,0,0,1,0,0,1,0,0
-1.0008633034643803,-0.8846202186908425,-0.9232238053072669,196,-1.532323450323326,0,0,0,0,0,0,0,0,0,0,0,0,0,0,0,0,0,1,0,0,0,0,1
-1.0008633034643803,-0.8846202186908425,-0.9232238053072669,196,-0.6990049600893694,0,0,0,0,0,0,0,0,0,0,1,0,0,0,0,0,0,1,0,0,1,0,0
-1.0008633034643803,-0.8846202186908425,-0.8072753328223511,203,-0.6990049600893694,0,0,0,0,0,0,0,0,0,0,0,0,0,0,0,0,0,1,0,0,1,0,0
-0.844865398567706,-0.8846202186908425,-0.5753783878525179,217,-0.6990049600893694,0,0,0,0,0,0,0,0,0,0,0,0,0,0,0,0,0,0,1,1,0,0,0
-1.0008633034643803,-0.8846202186908425,-1.0391722777921835,189,-0.6990049600893694,0,0,0,0,0,0,0,0,0,0,0,0,0,0,0,0,0,1,0,0,1,0,0
-1.0008633034643803,-0.8846202186908425,-1.0778217686204887,187,-1.532323450323326,0,0,0,0,0,0,0,0,0,0,0,0,0,0,0,0,0,1,0,0,0,0,1
-0.844865398567706,-0.8846202186908425,-0.8845743144789616,198,-0.6990049600893694,0,0,0,0,0,0,0,0,0,0,0,0,0,0,0,0,0,1,0,1,0,0,0
-0.844865398567706,-0.8846202186908425,-0.9618732961355722,193,-0.6990049600893694,0,0,0,0,0,0,0,0,0,0,0,0,0,0,0,0,0,1,0,0,0,0,1
-0.844865398567706,-0.8846202186908425,-0.5753783878525179,216,-0.6990049600893694,0,0,0,0,0,0,0,0,0,0,0,0,0,0,0,0,0,0,1,1,0,0,0
-0.844865398567706,-0.8846202186908425,-0.5367288970242127,220,-0.6990049600893694,0,0,0,0,0,0,0,0,0,0,0,0,0,0,0,0,0,0,1,0,0,0,1
-1.0008633034643803,-0.8846202186908425,-1.0005227869638782,192,-1.532323450323326,0,0,0,0,0,0,0,0,0,1,0,0,0,0,0,0,0,1,0,0,0,0,1
-1.312859113257729,-0.8846202186908425,-1.3483682044186267,173,-0.6990049600893694,0,0,0,0,0,0,0,0,0,0,0,0,0,0,0,0,0,1,0,0,1,0,0
-1.312859113257729,-0.8846202186908425,-1.387017695246932,168,-1.532323450323326,0,0,0,0,0,0,0,0,0,0,0,0,0,0,0,0,0,1,0,0,0,0,1
-1.0008633034643803,-0.8846202186908425,-1.0778217686204887,186,-0.6990049600893694,0,0,0,0,0,0,0,0,0,0,0,0,0,0,0,0,0,1,0,0,1,0,0
-1.0008633034643803,-0.8846202186908425,-1.0391722777921835,189,-1.532323450323326,0,0,0,0,0,0,0,0,0,0,0,0,0,0,0,0,0,1,0,0,0,0,1
-0.844865398567706,-0.8846202186908425,-0.8459248236506564,201,-0.6990049600893694,0,0,0,0,0,0,0,0,0,0,0,0,0,0,0,0,0,1,0,1,0,0,0
-0.844865398567706,-0.8846202186908425,-0.768625841994045,207,-0.6990049600893694,0,0,0,0,0,0,0,0,0,0,0,0,0,0,0,0,0,1,0,0,0,0,1
-1.312859113257729,-0.8846202186908425,-2.121358020984735,124,0.1343135301445871,0,0,0,0,0,0,0,0,0,0,0,0,0,0,0,0,0,0,1,1,0,0,0
-1.0008633034643803,-0.8846202186908425,-1.0778217686204887,187,-0.6990049600893694,0,0,1,0,0,0,0,0,0,0,0,0,0,0,0,0,0,1,0,0,1,0,0
-1.0008633034643803,-0.8846202186908425,-1.0391722777921835,189,-0.6990049600893694,0,0,1,0,0,0,0,0,0,0,0,0,0,0,0,0,0,1,0,0,0,0,1
0.40311784060568795,0.28753188012724307,-0.15023398874115845,243,-0.6990049600893694,0,0,1,0,0,0,0,0,0,0,0,0,0,0,0,0,0,1,0,1,0,0,0
-0.844865398567706,-0.8846202186908425,-0.0342855162562426,251,-0.6990049600893694,1,0,0,0,0,0,0,0,0,0,0,1,0,0,0,0,0,0,1,0,1,0,0
-0.844865398567706,-0.8846202186908425,0.1589619378852845,259,-0.6990049600893694,1,0,0,0,0,0,0,0,0,0,0,1,0,0,0,0,0,0,1,0,0,0,1
-0.844865398567706,-0.8846202186908425,-0.07293500708454788,248,-0.6990049600893694,1,0,0,0,0,0,0,0,0,0,0,1,0,0,0,0,0,0,1,0,1,0,0
0.40311784060568795,0.28753188012724307,0.62275582782495,292,0.9676320203785437,1,0,0,0,0,0,0,0,0,0,0,0,1,0,0,0,0,1,0,0,1,0,0
-0.06487587408433486,0.28753188012724307,-0.3821309337109908,270,0.9676320203785437,1,0,0,0,0,0,0,0,0,0,0,0,1,0,0,0,0,0,0,0,1,0,0
-0.4548706363260205,-0.2985441692817997,-0.18888347956946375,239,-0.6990049600893694,0,0,0,0,0,0,0,0,0,0,0,0,0,0,0,0,0,1,0,0,1,0,0
-0.844865398567706,-0.8846202186908425,-0.9618732961355722,193,0.9676320203785437,0,0,0,0,0,0,0,0,0,0,0,0,0,0,0,0,0,1,0,0,1,0,0
-0.4548706363260205,-0.2985441692817997,-0.266182461226075,233,-0.6990049600893694,0,0,0,0,0,0,0,0,0,0,0,0,0,0,0,0,0,1,0,0,1,0,0
-0.844865398567706,-0.8846202186908425,-0.9618732961355722,193,0.9676320203785437,0,0,0,0,0,0,0,0,0,0,0,0,0,0,0,0,0,1,0,0,1,0,0
-0.4548706363260205,-0.2985441692817997,-0.266182461226075,233,-0.6990049600893694,0,0,0,0,0,0,0,0,0,0,0,0,0,0,0,0,0,1,0,0,1,0,0
-0.844865398567706,-0.8846202186908425,-0.5753783878525179,218,0.9676320203785437,0,0,0,0,0,0,0,0,0,0,0,0,0,0,0,0,0,0,1,0,1,0,0
-0.844865398567706,-0.8846202186908425,-0.34348144288268556,231,0.9676320203785437,0,0,0,0,0,0,0,0,0,0,0,0,0,0,0,0,0,0,1,0,1,0,0
-0.06487587408433486,0.28753188012724307,0.1589619378852845,259,-0.6990049600893694,1,0,0,0,0,0,0,0,0,0,0,0,0,0,0,0,0,1,0,0,1,0,0
-0.06487587408433486,0.28753188012724307,0.1589619378852845,259,-0.6990049600893694,1,0,0,0,0,0,0,0,0,0,0,0,0,0,0,0,0,1,0,0,1,0,0
-0.844865398567706,-0.8846202186908425,-0.9618732961355722,193,0.9676320203785437,0,0,1,0,0,0,0,0,0,0,0,0,0,0,0,0,0,1,0,0,1,0,0
-0.4548706363260205,-0.2985441692817997,-0.18888347956946375,239,-0.6990049600893694,0,0,0,0,0,0,0,0,0,1,0,0,0,0,0,0,0,1,0,0,1,0,0
-0.844865398567706,-0.8846202186908425,-0.9618732961355722,193,0.9676320203785437,0,0,0,0,0,0,0,0,0,1,0,0,0,0,0,0,0,1,0,0,1,0,0
-0.4548706363260205,-0.2985441692817997,-0.266182461226075,233,-0.6990049600893694,0,0,0,0,0,0,0,0,0,1,0,0,0,0,0,0,0,1,0,0,1,0,0
-0.844865398567706,-0.8846202186908425,-0.34348144288268556,231,0.9676320203785437,0,0,0,0,0,0,0,0,0,1,0,0,0,0,0,0,0,0,1,0,1,0,0
-0.06487587408433486,0.28753188012724307,0.1589619378852845,259,-0.6990049600893694,1,0,0,0,0,0,0,0,0,1,0,0,0,0,0,0,0,1,0,0,1,0,0
-0.06487587408433486,0.28753188012724307,0.1589619378852845,259,-0.6990049600893694,1,0,0,0,0,0,0,0,0,1,0,0,0,0,0,0,0,1,0,0,1,0,0
-0.844865398567706,-0.8846202186908425,-0.6526773695091292,213,0.9676320203785437,0,0,0,0,0,0,0,0,0,0,0,1,0,0,0,0,0,1,0,0,1,0,0
-0.4548706363260205,-0.2985441692817997,0.08166295622867395,254,-0.6990049600893694,1,0,0,0,0,0,0,0,0,0,0,1,0,0,0,0,0,1,0,0,1,0,0
-0.844865398567706,-0.8846202186908425,-0.4207804245392968,226,0.9676320203785437,0,0,0,0,0,0,0,0,0,0,0,1,0,0,0,0,0,0,1,0,1,0,0
-0.844865398567706,-0.8846202186908425,-0.07293500708454788,247,0.9676320203785437,1,0,0,0,0,0,0,0,0,0,0,1,0,0,0,0,0,0,1,0,1,0,0
-0.06487587408433486,0.28753188012724307,0.4681578645117282,276,-0.6990049600893694,1,0,0,0,0,0,0,0,0,0,0,1,0,0,0,0,0,1,0,0,1,0,0
-0.844865398567706,-0.8846202186908425,-0.6526773695091292,213,0.9676320203785437,0,0,0,0,0,0,0,0,0,0,0,1,0,0,0,0,0,1,0,0,1,0,0
-0.4548706363260205,-0.2985441692817997,0.08166295622867395,254,-0.6990049600893694,1,0,0,0,0,0,0,0,0,0,0,1,0,0,0,0,0,1,0,0,1,0,0
-0.844865398567706,-0.8846202186908425,-0.3048319520543803,232,0.9676320203785437,0,0,0,0,0,0,0,0,0,0,0,0,1,0,0,0,0,0,1,0,1,0,0
-0.844865398567706,-0.8846202186908425,-0.2275329703977697,239,0.9676320203785437,0,0,0,0,0,0,0,0,0,0,0,0,1,0,0,0,0,0,1,0,1,0,0
-0.844865398567706,-0.8846202186908425,-0.07293500708454788,247,0.9676320203785437,1,0,0,0,0,0,0,0,0,0,0,0,1,0,0,0,0,0,1,0,1,0,0
-0.5328695887743576,-0.8846202186908425,-1.0005227869638782,192,0.9676320203785437,0,0,0,0,0,0,0,0,0,0,0,0,0,0,0,0,0,0,1,1,0,0,0
0.32511888815735074,0.28753188012724307,0.08166295622867395,259,1.8009505106125,1,0,0,0,0,0,0,0,0,0,0,1,0,0,0,0,0,0,1,0,1,0,0
0.32511888815735074,0.28753188012724307,-0.0342855162562426,251,1.8009505106125,1,0,0,0,0,0,0,0,0,0,0,1,0,0,0,0,0,0,1,0,1,0,0
-0.06487587408433486,0.28753188012724307,-0.6913268603374345,210,0.1343135301445871,0,0,0,0,0,0,0,0,0,0,0,1,0,0,0,0,0,0,1,1,0,0,0
0.32511888815735074,0.28753188012724307,0.08166295622867395,261,1.8009505106125,1,0,0,0,0,0,0,0,0,0,0,0,0,1,0,0,0,0,1,1,0,0,0
0.32511888815735074,0.28753188012724307,-0.0342855162562426,250,-0.6990049600893694,1,0,0,0,0,0,0,0,0,0,0,1,0,0,0,0,0,0,1,0,1,0,0
0.32511888815735074,0.28753188012724307,-1.0391722777921835,190,0.1343135301445871,0,0,1,0,0,0,0,0,0,0,0,0,0,0,0,0,0,0,1,1,0,0,0
-0.5328695887743576,-0.8846202186908425,-0.9618732961355722,197,0.9676320203785437,0,0,0,0,0,0,0,0,0,0,0,0,0,0,0,0,0,0,1,1,0,0,0
-1.0008633034643803,-0.8846202186908425,-0.9232238053072669,197,-0.6990049600893694,0,0,0,0,0,0,0,0,0,0,0,0,0,1,0,0,0,0,1,1,0,0,0
-0.844865398567706,-0.8846202186908425,-0.8072753328223511,205,0.9676320203785437,0,0,1,0,0,0,0,0,0,0,0,0,0,0,0,0,0,0,1,0,0,0,0
-0.844865398567706,-0.8846202186908425,-0.614027878680824,217,0.9676320203785437,0,0,1,0,0,0,0,0,0,0,0,0,0,0,0,0,0,0,1,0,0,0,0
-0.14287482653267206,0.28753188012724307,0.4295083736834229,280,0.9676320203785437,1,0,1,0,0,0,0,0,0,0,0,0,0,0,0,0,0,0,1,0,0,0,0
1.651101079779082,3.8039881765815,1.12519920859292,322,0.9676320203785437,1,0,0,1,0,0,0,0,0,0,0,0,0,0,0,0,0,0,1,0,0,0,0
2.275092699365779,3.8039881765815,1.2797971719061418,331,0.9676320203785437,1,0,0,0,0,0,0,0,0,0,1,0,0,0,0,0,0,0,1,0,0,0,0
2.275092699365779,3.8039881765815,1.5116941168759743,345,0.9676320203785437,1,0,0,1,0,0,0,0,0,0,0,0,0,0,0,0,0,0,1,0,0,0,0
2.275092699365779,3.8039881765815,2.168735460957166,388,0.1343135301445871,1,0,0,0,0,0,0,0,0,0,0,0,0,1,0,0,0,0,1,1,0,0,0
-0.844865398567706,-0.8846202186908425,-1.0778217686204887,188,0.1343135301445871,0,0,0,0,0,0,0,0,0,0,1,0,0,0,0,0,0,1,0,1,0,0,0
-0.844865398567706,-0.8846202186908425,-0.8072753328223511,205,-0.6990049600893694,0,0,0,0,0,0,0,0,0,0,1,0,0,0,0,0,0,1,0,1,0,0,0
-0.844865398567706,-0.8846202186908425,-0.4980794061959074,223,-0.6990049600893694,0,0,0,0,0,0,0,0,0,0,1,0,0,0,0,0,0,1,0,1,0,0,0
-0.844865398567706,-0.8846202186908425,-1.2324197319337105,177,0.1343135301445871,0,0,0,0,0,0,0,0,0,0,0,0,0,0,0,0,0,0,1,1,0,0,0
-0.844865398567706,-0.8846202186908425,-0.768625841994045,205,0.1343135301445871,0,0,0,0,0,0,0,0,0,0,0,0,0,0,0,0,0,0,1,1,0,0,0
-0.844865398567706,-0.8846202186908425,-0.8459248236506564,204,-0.6990049600893694,0,0,0,0,0,0,0,0,0,0,0,0,0,0,0,0,0,0,1,0,0,0,1
-0.844865398567706,-0.8846202186908425,-0.5753783878525179,217,0.1343135301445871,0,0,0,0,0,0,0,0,0,1,0,0,0,0,0,0,0,0,1,1,0,0,0
-0.844865398567706,-0.8846202186908425,-0.4207804245392968,226,0.9676320203785437,0,0,0,0,0,0,0,0,0,0,1,0,0,0,0,0,0,0,1,0,1,0,0
-0.844865398567706,-0.8846202186908425,-0.6913268603374345,210,-0.6990049600893694,0,0,0,0,0,0,0,0,0,0,1,0,0,0,0,0,0,0,1,0,0,0,1
-0.844865398567706,-0.8846202186908425,-0.34348144288268556,231,0.9676320203785437,0,0,0,0,0,0,0,0,0,0,1,0,0,0,0,0,0,0,1,0,1,0,0
-0.844865398567706,-0.8846202186908425,-0.5367288970242127,220,0.9676320203785437,0,0,1,0,0,0,0,0,0,0,0,0,0,0,0,0,0,0,1,0,1,0,0
-0.06487587408433486,0.28753188012724307,-0.3048319520543803,238,0.9676320203785437,0,0,1,0,0,0,0,0,0,0,0,0,0,0,0,0,0,0,1,0,1,0,0
-0.06487587408433486,0.28753188012724307,-0.3048319520543803,238,0.9676320203785437,0,0,1,0,0,0,0,0,0,0,0,0,0,0,0,0,0,0,1,0,1,0,0
-0.06487587408433486,0.28753188012724307,-0.11158449791285317,246,0.9676320203785437,1,0,1,0,0,0,0,0,0,0,0,0,0,0,0,0,0,0,1,0,1,0,0
0.7151136503990364,1.4596839789453286,-0.0342855162562426,249,0.9676320203785437,1,0,1,0,0,0,0,0,0,0,0,0,0,0,0,0,0,0,1,0,1,0,0
0.7151136503990364,1.4596839789453286,0.043013465400368656,255,0.9676320203785437,1,1,0,0,0,0,0,0,0,0,0,0,0,0,0,0,0,0,1,0,1,0,0
-0.844865398567706,-0.8846202186908425,-0.18888347956946375,243,-0.6990049600893694,0,0,0,0,0,0,0,0,0,0,0,0,0,0,0,0,0,0,1,0,1,0,0
-0.844865398567706,-0.8846202186908425,-0.18888347956946375,241,-0.6990049600893694,0,0,0,0,0,0,0,0,0,0,0,0,0,0,0,0,0,0,1,0,1,0,0
-0.844865398567706,-0.8846202186908425,-0.11158449791285317,246,0.9676320203785437,1,0,0,0,0,0,0,0,0,0,0,1,0,0,0,0,0,0,1,0,1,0,0
-0.06487587408433486,0.28753188012724307,0.23626091954189576,267,0.9676320203785437,1,0,0,0,0,0,0,0,0,0,0,1,0,0,0,0,0,0,1,0,1,0,0
-0.844865398567706,-0.8846202186908425,0.004363974572063373,253,0.9676320203785437,1,0,0,0,0,0,0,0,0,0,0,0,1,0,0,0,0,0,1,0,1,0,0
-0.06487587408433486,0.28753188012724307,0.12031244705697923,260,0.9676320203785437,1,0,0,0,0,0,0,0,0,0,0,0,1,0,0,0,0,0,1,0,1,0,0
1.651101079779082,2.631836077763414,1.2797971719061418,330,0.1343135301445871,1,0,0,0,0,0,0,0,0,0,0,0,0,1,0,0,0,0,1,1,0,0,0
1.651101079779082,2.631836077763414,1.2797971719061418,330,0.1343135301445871,1,0,0,0,0,0,0,0,0,0,0,0,0,1,0,0,0,0,1,1,0,0,0
0.7151136503990364,1.4596839789453286,0.8933022636230876,309,0.9676320203785437,1,0,1,0,0,0,0,0,0,0,0,0,0,0,0,0,0,0,1,0,1,0,0
-0.844865398567706,-0.8846202186908425,-0.34348144288268556,232,-0.6990049600893694,0,0,0,0,0,0,0,0,0,0,1,0,0,0,0,0,0,0,1,1,0,0,0
-0.06487587408433486,0.28753188012724307,0.08166295622867395,259,0.1343135301445871,1,0,0,0,0,0,0,0,0,0,1,0,0,0,0,0,0,0,1,1,0,0,0
-0.06487587408433486,0.28753188012724307,0.3522093920268116,273,-0.6990049600893694,1,0,0,0,0,0,0,0,0,0,1,0,0,0,0,0,0,0,1,0,0,0,1
-0.06487587408433486,0.28753188012724307,0.23626091954189576,266,0.1343135301445871,1,0,0,0,0,0,0,0,0,0,1,0,0,0,0,0,0,0,1,1,0,0,0
0.7151136503990364,1.4596839789453286,0.1976114287135905,263,0.1343135301445871,1,0,1,0,0,0,0,0,0,0,0,0,0,0,0,0,0,0,1,1,0,0,0
0.7151136503990364,1.4596839789453286,0.23626091954189576,265,0.1343135301445871,1,0,1,0,0,0,0,0,0,0,0,0,0,0,0,0,0,0,1,1,0,0,0
0.7151136503990364,1.4596839789453286,1.0092507361080043,312,0.9676320203785437,1,0,1,0,0,0,0,0,0,0,0,0,0,0,0,0,0,0,1,0,1,0,0
-0.06487587408433486,0.28753188012724307,0.5454568461683388,285,0.9676320203785437,1,0,0,0,0,0,0,0,0,0,0,1,0,0,0,0,0,0,1,0,1,0,0
2.275092699365779,3.8039881765815,1.9754880068156397,370,0.9676320203785437,1,0,0,0,0,0,0,0,0,0,0,0,1,0,0,0,0,0,1,0,1,0,0
0.7151136503990364,1.4596839789453286,1.163848699421226,321,0.9676320203785437,1,0,1,0,0,0,0,0,0,0,0,0,0,0,0,0,0,0,1,0,1,0,0
2.275092699365779,3.8039881765815,2.014137497643945,375,0.9676320203785437,1,0,1,0,0,0,0,0,0,0,0,0,0,0,0,0,0,0,1,0,1,0,0
-0.844865398567706,-0.8846202186908425,-0.8072753328223511,207,0.9676320203785437,0,0,0,0,0,0,0,0,0,0,1,0,0,0,0,0,0,0,1,0,1,0,0
-0.844865398567706,-0.8846202186908425,-0.9232238053072669,197,0.9676320203785437,0,0,0,0,0,0,0,0,0,0,1,0,0,0,0,0,0,0,1,0,1,0,0
-0.844865398567706,-0.8846202186908425,-0.5367288970242127,219,-0.6990049600893694,0,0,0,0,0,0,0,0,0,0,1,0,0,0,0,0,0,0,1,0,0,0,1
-0.844865398567706,-0.8846202186908425,-0.6526773695091292,213,0.9676320203785437,0,0,0,0,0,0,0,0,0,0,1,0,0,0,0,0,0,0,1,0,1,0,0
-0.844865398567706,-0.8846202186908425,-0.6913268603374345,210,0.9676320203785437,0,0,0,0,0,0,0,0,0,0,1,0,0,0,0,0,0,0,1,0,1,0,0
-0.844865398567706,-0.8846202186908425,-0.9232238053072669,200,0.9676320203785437,0,0,0,0,0,0,0,0,0,0,0,0,0,0,0,0,0,0,1,0,1,0,0
-0.844865398567706,-0.8846202186908425,-0.8459248236506564,202,-0.6990049600893694,0,0,0,0,0,0,0,0,0,0,0,0,0,0,0,0,0,0,1,0,0,0,1
-0.844865398567706,-0.8846202186908425,-0.768625841994045,206,0.9676320203785437,0,0,0,0,0,0,0,0,0,0,0,0,0,0,0,0,0,0,1,0,1,0,0
-0.844865398567706,-0.8846202186908425,-1.464316676903543,189,0.9676320203785437,0,0,0,0,0,0,0,0,0,0,0,0,0,0,0,0,0,0,0,0,1,0,0
-0.844865398567706,-0.8846202186908425,-1.464316676903543,189,0.9676320203785437,0,0,0,0,0,0,0,0,0,1,0,0,0,0,0,0,0,0,0,0,1,0,0
-0.844865398567706,-0.8846202186908425,-0.6526773695091292,213,0.9676320203785437,0,0,0,0,0,0,0,0,0,0,0,0,0,0,0,0,0,0,1,0,1,0,0
-0.844865398567706,-0.8846202186908425,-0.6526773695091292,213,0.9676320203785437,0,1,0,0,0,0,0,0,0,0,0,0,0,0,0,0,0,0,1,0,1,0,0
-0.844865398567706,-0.8846202186908425,-0.6526773695091292,213,0.9676320203785437,0,0,0,0,0,0,0,0,0,1,0,0,0,0,0,0,0,0,1,0,1,0,0
-0.06487587408433486,0.28753188012724307,-0.4594299153676021,224,0.9676320203785437,0,0,0,0,0,0,0,0,0,0,0,0,0,0,0,0,0,0,1,0,1,0,0
-0.06487587408433486,0.28753188012724307,-0.15023398874115845,242,-0.6990049600893694,0,0,0,0,0,0,0,0,0,0,0,0,0,0,0,0,0,0,1,0,0,0,1
-0.06487587408433486,0.28753188012724307,-0.3821309337109908,228,0.9676320203785437,0,0,0,0,0,0,0,0,0,0,0,0,0,0,0,0,0,0,1,0,1,0,0
-0.06487587408433486,0.28753188012724307,-0.11158449791285317,246,-0.6990049600893694,1,0,0,0,0,0,0,0,0,0,0,0,0,0,0,0,0,0,1,0,0,0,1
-0.06487587408433486,0.28753188012724307,-0.2275329703977697,238,0.9676320203785437,0,1,0,0,0,0,0,0,0,0,0,0,0,0,0,0,0,0,1,0,1,0,0
-0.844865398567706,-0.8846202186908425,-0.6526773695091292,211,0.9676320203785437,0,0,0,0,0,0,0,0,0,0,1,0,0,0,0,0,0,0,1,0,1,0,0
-0.844865398567706,-0.8846202186908425,-0.6526773695091292,213,0.9676320203785437,0,0,0,0,0,0,0,0,0,0,0,0,0,0,0,0,0,0,1,0,1,0,0
-0.844865398567706,-0.8846202186908425,-0.6526773695091292,213,0.9676320203785437,0,0,0,0,0,0,0,0,0,0,0,0,0,0,0,0,0,0,1,0,1,0,0
-0.06487587408433486,0.28753188012724307,-0.4594299153676021,224,0.9676320203785437,0,0,0,0,0,0,0,0,0,0,0,0,0,0,0,0,0,0,1,0,1,0,0
-0.06487587408433486,0.28753188012724307,-0.15023398874115845,242,-0.6990049600893694,0,0,0,0,0,0,0,0,0,0,0,0,0,0,0,0,0,0,1,0,0,0,1
-0.06487587408433486,0.28753188012724307,-0.2275329703977697,238,0.9676320203785437,0,0,0,0,0,0,0,0,0,0,1,0,0,0,0,0,0,0,1,0,1,0,0
-0.06487587408433486,0.28753188012724307,-0.3821309337109908,228,0.9676320203785437,0,0,0,0,0,0,0,0,0,0,0,0,0,0,0,0,0,0,1,0,1,0,0
-0.06487587408433486,0.28753188012724307,-0.11158449791285317,246,-0.6990049600893694,1,0,0,0,0,0,0,0,0,0,0,0,0,0,0,0,0,0,1,0,0,0,1
-0.06487587408433486,0.28753188012724307,-0.3821309337109908,228,0.9676320203785437,0,0,0,0,0,0,0,0,0,0,0,0,0,0,0,0,0,0,1,0,1,0,0
-0.844865398567706,-0.8846202186908425,-0.6526773695091292,213,0.9676320203785437,0,0,1,0,0,0,0,0,0,0,0,0,0,0,0,0,0,0,1,0,1,0,0
-0.06487587408433486,0.28753188012724307,-0.3821309337109908,228,0.9676320203785437,0,0,1,0,0,0,0,0,0,0,0,0,0,0,0,0,0,0,1,0,1,0,0
-0.06487587408433486,0.28753188012724307,-0.07293500708454788,249,0.9676320203785437,1,0,0,0,0,0,0,0,0,0,1,0,0,0,0,0,0,0,1,0,1,0,0
-0.06487587408433486,0.28753188012724307,-0.07293500708454788,249,0.9676320203785437,1,0,0,0,0,0,0,0,0,0,0,0,0,0,0,0,0,0,1,0,1,0,0
1.0271094601923851,1.4596839789453286,0.6614053186532552,292,0.9676320203785437,1,0,0,0,0,0,0,0,0,0,1,0,0,0,0,0,0,0,1,0,1,0,0
1.0271094601923851,1.4596839789453286,0.3522093920268116,273,0.9676320203785437,1,0,0,0,0,0,0,0,0,0,0,0,0,0,0,0,0,0,1,0,1,0,0
1.0271094601923851,1.4596839789453286,0.6614053186532552,292,0.9676320203785437,1,0,0,0,0,0,0,0,0,0,0,0,0,0,0,0,0,0,1,0,1,0,0
-0.06487587408433486,0.28753188012724307,-0.2275329703977697,238,0.9676320203785437,0,1,0,0,0,0,0,0,0,0,0,0,0,0,0,0,0,0,1,0,1,0,0
1.0271094601923851,1.4596839789453286,0.3522093920268116,273,0.9676320203785437,1,1,0,0,0,0,0,0,0,0,0,0,0,0,0,0,0,0,1,0,1,0,0
1.0271094601923851,1.4596839789453286,0.6614053186532552,292,0.9676320203785437,1,1,0,0,0,0,0,0,0,0,0,0,0,0,0,0,0,0,1,0,1,0,0
1.0271094601923851,1.4596839789453286,0.6614053186532552,292,0.9676320203785437,1,0,0,0,0,0,0,0,0,0,0,0,0,0,0,0,0,0,1,0,1,0,0
1.0271094601923851,1.4596839789453286,0.6614053186532552,292,0.9676320203785437,1,1,0,0,0,0,0,0,0,0,0,0,0,0,0,0,0,0,1,0,1,0,0
-0.06487587408433486,0.28753188012724307,-0.11158449791285317,245,0.1343135301445871,1,0,0,0,0,0,0,0,0,0,1,0,0,0,0,0,0,0,1,1,0,0,0
-0.06487587408433486,0.28753188012724307,0.23626091954189576,267,-0.6990049600893694,1,0,0,0,0,0,0,0,0,0,1,0,0,0,0,0,0,0,1,0,0,0,1
-0.06487587408433486,0.28753188012724307,-0.4594299153676021,224,0.9676320203785437,0,0,0,0,0,0,0,0,0,0,1,0,0,0,0,0,0,0,1,0,1,0,0
-0.06487587408433486,0.28753188012724307,-0.15023398874115845,242,-0.6990049600893694,0,0,0,0,0,0,0,0,0,0,1,0,0,0,0,0,0,0,1,0,0,0,1
-0.06487587408433486,0.28753188012724307,-0.4594299153676021,224,0.9676320203785437,0,0,0,0,0,0,0,0,0,0,1,0,0,0,0,0,0,0,1,0,1,0,0
-0.06487587408433486,0.28753188012724307,-0.0342855162562426,250,-0.6990049600893694,1,0,0,0,0,0,0,0,0,0,1,0,0,0,0,0,0,0,1,0,0,0,1
-0.06487587408433486,0.28753188012724307,-0.3821309337109908,228,0.9676320203785437,0,0,0,0,0,0,0,0,0,0,1,0,0,0,0,0,0,0,1,0,1,0,0
-0.06487587408433486,0.28753188012724307,-0.3821309337109908,228,0.9676320203785437,0,0,0,0,0,0,0,0,0,0,1,0,0,0,0,0,0,0,1,0,1,0,0
-0.06487587408433486,0.28753188012724307,0.5068073553400334,284,0.1343135301445871,1,0,0,0,0,0,0,0,0,0,0,0,0,0,0,0,0,0,1,1,0,0,0
-0.06487587408433486,0.28753188012724307,0.3522093920268116,273,-0.6990049600893694,1,0,0,0,0,0,0,0,0,0,0,0,0,0,0,0,0,0,1,0,0,0,1
-0.06487587408433486,0.28753188012724307,0.5068073553400334,283,0.1343135301445871,1,0,0,0,0,0,0,0,0,0,1,0,0,0,0,0,0,0,1,1,0,0,0
-0.06487587408433486,0.28753188012724307,0.3522093920268116,273,-0.6990049600893694,1,0,0,0,0,0,0,0,0,0,1,0,0,0,0,0,0,0,1,0,0,0,1
-0.06487587408433486,0.28753188012724307,0.5068073553400334,284,0.1343135301445871,1,0,0,0,0,0,0,0,0,0,0,0,0,0,0,0,0,0,1,1,0,0,0
-0.06487587408433486,0.28753188012724307,0.3522093920268116,273,-0.6990049600893694,1,0,0,0,0,0,0,0,0,0,0,0,0,0,0,0,0,0,1,0,0,0,1
1.0271094601923851,1.4596839789453286,1.5116941168759743,343,0.1343135301445871,1,0,0,0,0,0,0,0,0,0,0,0,0,0,0,0,0,0,1,1,0,0,0
1.0271094601923851,1.4596839789453286,1.163848699421226,324,-0.6990049600893694,1,0,0,0,0,0,0,0,0,0,0,0,0,0,0,0,0,0,1,0,0,0,1
1.0271094601923851,1.4596839789453286,1.5116941168759743,343,0.1343135301445871,1,0,0,0,0,0,0,0,0,0,1,0,0,0,0,0,0,0,1,1,0,0,0
1.0271094601923851,1.4596839789453286,1.163848699421226,324,-0.6990049600893694,1,0,0,0,0,0,0,0,0,0,1,0,0,0,0,0,0,0,1,0,0,0,1
1.0271094601923851,1.4596839789453286,1.5116941168759743,343,0.1343135301445871,1,0,0,0,0,0,0,0,0,0,0,0,0,0,0,0,0,0,1,1,0,0,0
1.0271094601923851,1.4596839789453286,1.163848699421226,324,-0.6990049600893694,1,0,0,0,0,0,0,0,0,0,0,0,0,0,0,0,0,0,1,0,0,0,1
-0.844865398567706,-0.8846202186908425,-0.6526773695091292,213,0.9676320203785437,0,0,0,0,0,0,0,0,0,0,0,1,0,0,0,0,0,0,1,0,1,0,0
-0.844865398567706,-0.8846202186908425,-1.0778217686204887,211,0.9676320203785437,0,0,0,0,0,0,0,0,0,0,0,1,0,0,0,0,0,0,0,0,1,0,0
-0.844865398567706,-0.8846202186908425,-0.3048319520543803,233,0.9676320203785437,0,0,0,0,0,0,0,0,0,0,0,1,0,0,0,0,0,0,1,0,1,0,0
-0.06487587408433486,0.28753188012724307,0.12031244705697923,260,0.9676320203785437,1,0,0,0,0,0,0,0,0,0,0,1,0,0,0,0,0,0,1,0,1,0,0
-0.06487587408433486,0.28753188012724307,0.12031244705697923,260,0.9676320203785437,1,0,0,0,0,0,0,0,0,0,0,1,0,0,0,0,0,0,1,0,1,0,0
-0.844865398567706,-0.8846202186908425,-0.18888347956946375,240,0.9676320203785437,0,0,0,0,0,0,0,0,0,0,0,1,0,0,0,0,0,0,1,0,1,0,0
1.0271094601923851,1.4596839789453286,1.473044626047669,341,0.9676320203785437,1,0,0,0,0,0,0,0,0,0,0,0,1,0,0,0,0,0,1,0,1,0,0
-0.06487587408433486,0.28753188012724307,-0.5753783878525179,249,0.9676320203785437,1,0,0,0,0,0,0,0,0,0,0,0,1,0,0,0,0,0,0,0,1,0,0
-0.06487587408433486,0.28753188012724307,0.27491041037020103,270,0.9676320203785437,1,0,0,0,0,0,0,0,0,0,0,0,1,0,0,0,0,0,1,0,1,0,0
1.0271094601923851,1.4596839789453286,1.12519920859292,320,0.9676320203785437,1,0,0,0,0,0,0,0,0,0,0,0,1,0,0,0,0,0,1,0,1,0,0
1.0271094601923851,1.4596839789453286,1.473044626047669,341,0.9676320203785437,1,0,0,0,0,0,0,0,0,0,0,0,1,0,0,0,0,0,1,0,1,0,0
-0.06487587408433486,0.28753188012724307,0.27491041037020103,270,0.9676320203785437,1,0,0,0,0,0,0,0,0,0,0,0,1,0,0,0,0,0,1,0,1,0,0
1.0271094601923851,1.4596839789453286,1.12519920859292,320,0.9676320203785437,1,0,0,0,0,0,0,0,0,0,0,0,1,0,0,0,0,0,1,0,1,0,0
0.40311784060568795,0.28753188012724307,1.0092507361080043,315,-0.6990049600893694,1,0,0,0,0,0,0,0,0,0,0,0,1,0,0,0,0,1,0,0,0,0,0
0.40311784060568795,0.28753188012724307,1.12519920859292,322,-0.6990049600893694,1,0,0,0,0,0,0,0,0,0,0,0,1,0,0,0,0,1,0,0,0,0,0
-1.312859113257729,-0.8846202186908425,-0.9618732961355722,194,-0.6990049600893694,0,0,0,0,0,0,0,0,0,0,0,1,0,0,0,0,0,1,0,0,1,0,0
-1.312859113257729,-0.8846202186908425,-1.116471259448794,185,-0.6990049600893694,0,0,0,0,0,0,0,0,0,0,0,1,0,0,0,0,0,1,0,0,1,0,0
-1.312859113257729,-0.8846202186908425,-0.768625841994045,208,-0.6990049600893694,0,0,0,0,0,0,0,0,0,0,0,1,0,0,0,0,0,1,0,0,1,0,0
-1.312859113257729,-0.8846202186908425,-0.9618732961355722,196,-0.6990049600893694,0,0,0,0,0,0,0,0,0,0,0,1,0,0,0,0,0,1,0,0,1,0,0
-0.4548706363260205,-0.8846202186908425,-0.34348144288268556,232,-0.6990049600893694,0,0,0,0,0,0,0,0,0,0,0,1,0,0,0,0,0,1,0,0,0,0,0
0.40311784060568795,0.28753188012724307,-0.4980794061959074,224,0.9676320203785437,0,0,1,0,0,0,0,0,0,0,0,0,0,0,0,0,0,1,0,0,1,0,0
0.40311784060568795,0.28753188012724307,-0.3048319520543803,235,0.9676320203785437,0,0,1,0,0,0,0,0,0,0,0,0,0,0,0,0,0,1,0,0,1,0,0
-0.844865398567706,-0.8846202186908425,-0.34348144288268556,233,-0.6990049600893694,0,0,1,0,0,0,0,0,0,0,0,0,0,0,0,0,0,0,1,0,1,0,0
-0.844865398567706,-0.8846202186908425,-0.0342855162562426,250,-0.6990049600893694,1,0,1,0,0,0,0,0,0,0,0,0,0,0,0,0,0,0,1,0,1,0,0
-0.5328695887743576,-0.8846202186908425,-0.4207804245392968,226,-0.6990049600893694,0,0,0,0,0,0,0,0,0,0,0,0,0,0,0,0,0,1,0,0,1,0,0
-0.844865398567706,-0.8846202186908425,-0.5753783878525179,217,0.9676320203785437,0,0,0,0,0,0,0,0,0,0,0,0,0,0,0,0,0,0,1,0,1,0,0
-0.844865398567706,-0.8846202186908425,-0.266182461226075,236,-0.6990049600893694,0,0,0,0,0,0,0,0,0,0,0,0,0,0,0,0,0,0,1,0,0,0,1
-0.4548706363260205,-0.8846202186908425,-0.614027878680824,216,0.9676320203785437,0,0,0,0,0,0,0,0,0,0,0,0,0,0,0,0,0,1,0,0,1,0,0
0.40311784060568795,0.28753188012724307,-0.3048319520543803,234,0.9676320203785437,0,0,0,0,0,0,0,0,0,0,0,0,0,0,0,0,0,1,0,0,1,0,0
-0.844865398567706,-0.8846202186908425,-0.4980794061959074,222,0.9676320203785437,0,0,0,0,0,0,0,0,0,0,0,0,0,0,0,0,0,0,1,0,1,0,0
0.40311784060568795,0.28753188012724307,-0.07293500708454788,248,0.9676320203785437,1,0,0,0,0,0,0,0,0,0,0,0,0,0,0,0,0,1,0,0,1,0,0
0.40311784060568795,0.28753188012724307,0.4295083736834229,279,0.9676320203785437,1,0,0,0,0,0,0,0,0,0,0,0,0,0,0,0,0,0,1,0,1,0,0
0.40311784060568795,0.28753188012724307,0.7000548094815605,295,-0.6990049600893694,1,0,0,0,0,0,0,0,0,0,0,0,0,0,0,0,0,0,1,0,0,0,1
-0.844865398567706,-0.8846202186908425,-0.4980794061959074,223,0.9676320203785437,0,1,0,0,0,0,0,0,0,0,0,0,0,0,0,0,0,0,1,0,1,0,0
-0.06487587408433486,0.28753188012724307,0.1589619378852845,263,0.9676320203785437,1,1,0,0,0,0,0,0,0,0,0,0,0,0,0,0,0,0,1,0,1,0,0
0.40311784060568795,0.28753188012724307,0.08166295622867395,259,0.9676320203785437,1,1,0,0,0,0,0,0,0,0,0,0,0,0,0,0,0,1,0,0,1,0,0
-0.844865398567706,-0.8846202186908425,-0.4980794061959074,223,0.9676320203785437,0,0,1,0,0,0,0,0,0,0,0,0,0,0,0,0,0,0,1,0,1,0,0
0.40311784060568795,0.28753188012724307,-0.3048319520543803,234,0.9676320203785437,0,0,1,0,0,0,0,0,0,0,0,0,0,0,0,0,0,1,0,0,1,0,0
-0.844865398567706,-0.8846202186908425,-0.3821309337109908,229,0.9676320203785437,0,0,1,0,0,0,0,0,0,0,0,0,0,0,0,0,0,0,1,0,1,0,0
0.40311784060568795,0.28753188012724307,-0.07293500708454788,248,0.9676320203785437,1,0,1,0,0,0,0,0,0,0,0,0,0,0,0,0,0,1,0,0,1,0,0
0.40311784060568795,0.28753188012724307,0.7387043003098659,299,0.9676320203785437,1,0,1,0,0,0,0,0,0,0,0,0,0,0,0,0,0,0,1,0,1,0,0
2.431090604262453,1.4596839789453286,1.2411476810778366,329,0.9676320203785437,1,0,1,0,0,0,0,0,0,0,0,0,0,0,0,0,0,0,1,0,1,0,0
2.431090604262453,1.4596839789453286,1.2797971719061418,331,0.9676320203785437,1,0,0,0,0,0,0,0,0,0,0,0,1,0,0,0,0,0,1,0,0,0,0
0.40311784060568795,0.28753188012724307,-0.11158449791285317,245,0.9676320203785437,1,0,0,0,0,0,0,0,0,0,0,1,0,0,0,0,0,1,0,0,1,0,0
0.40311784060568795,0.28753188012724307,0.12031244705697923,260,0.9676320203785437,1,0,0,0,0,0,0,0,0,0,0,1,0,0,0,0,0,1,0,0,1,0,0
0.40311784060568795,0.28753188012724307,0.12031244705697923,260,-0.6990049600893694,1,1,0,0,0,0,0,0,0,0,0,0,0,0,0,0,0,1,0,0,1,0,0
0.40311784060568795,0.28753188012724307,0.31355990119850635,272,-0.6990049600893694,1,1,0,0,0,0,0,0,0,0,0,0,0,0,0,0,0,1,0,0,1,0,0
0.40311784060568795,0.28753188012724307,0.7773537911381718,299,-0.6990049600893694,1,1,0,0,0,0,0,0,0,0,0,0,0,0,0,0,0,0,1,0,1,0,0
-0.844865398567706,-0.8846202186908425,-0.4980794061959074,222,0.9676320203785437,0,0,0,0,0,0,0,0,0,0,1,0,0,0,0,0,0,0,1,0,1,0,0
-0.844865398567706,-0.8846202186908425,-0.266182461226075,236,-0.6990049600893694,0,0,0,0,0,0,0,0,0,0,1,0,0,0,0,0,0,0,1,0,0,0,1
0.40311784060568795,0.28753188012724307,-0.07293500708454788,249,0.9676320203785437,1,0,0,0,0,0,0,0,0,0,1,0,0,0,0,0,0,1,0,0,1,0,0
0.40311784060568795,0.28753188012724307,0.3522093920268116,274,-0.6990049600893694,1,0,0,0,0,0,0,0,0,0,1,0,0,0,0,0,0,1,0,0,0,0,1
2.431090604262453,1.4596839789453286,0.3522093920268116,273,0.9676320203785437,1,0,0,0,0,0,0,0,0,0,1,0,0,0,0,0,0,0,1,0,1,0,0
2.431090604262453,1.4596839789453286,0.5068073553400334,284,-0.6990049600893694,1,0,0,0,0,0,0,0,0,0,1,0,0,0,0,0,0,0,1,0,0,0,1
2.431090604262453,1.4596839789453286,1.8595395343307233,367,2.634269000846457,1,0,0,0,0,0,0,0,0,0,1,0,0,0,0,0,0,0,1,0,1,0,0
2.431090604262453,1.4596839789453286,1.5889930985325855,349,-0.6990049600893694,1,0,0,0,0,0,0,0,0,0,1,0,0,0,0,0,0,0,1,0,0,0,1
-0.844865398567706,-0.8846202186908425,-0.5367288970242127,220,-0.6990049600893694,0,0,0,0,0,0,0,1,0,0,0,0,0,0,0,0,0,1,0,0,0,1,0
-0.4548706363260205,-0.8846202186908425,-0.0342855162562426,252,-0.6990049600893694,1,0,0,0,0,1,0,0,0,0,0,0,0,0,0,0,0,1,0,0,0,0,0
-0.4548706363260205,-0.8846202186908425,0.043013465400368656,254,-0.6990049600893694,1,0,0,0,0,1,0,0,0,0,0,0,0,0,0,0,0,1,0,0,0,0,1
-0.22087377898100924,-0.8846202186908425,-0.4980794061959074,255,-0.6990049600893694,1,0,0,0,0,1,0,0,0,0,0,0,0,0,0,0,0,0,0,0,0,0,0
0.40311784060568795,0.28753188012724307,0.3522093920268116,274,0.9676320203785437,1,0,0,0,0,1,0,0,0,0,0,0,0,0,0,0,0,1,0,0,0,0,0
-0.4548706363260205,-0.8846202186908425,0.1976114287135905,263,-0.6990049600893694,1,0,0,0,0,1,0,0,0,0,0,0,0,0,0,0,0,1,0,0,0,0,0
-0.22087377898100924,-0.8846202186908425,-0.15023398874115845,280,-0.6990049600893694,1,0,0,0,0,1,0,0,0,0,0,0,0,0,0,0,0,0,0,0,0,0,0
0.40311784060568795,0.28753188012724307,0.5454568461683388,286,0.9676320203785437,1,0,0,0,0,1,0,0,0,0,0,0,0,0,0,0,0,1,0,0,0,0,0
-0.22087377898100924,-0.8846202186908425,0.3522093920268116,315,-0.6990049600893694,1,0,0,0,0,1,0,0,0,0,0,0,0,0,0,0,0,0,0,0,0,0,0
0.40311784060568795,0.28753188012724307,1.2797971719061418,331,0.9676320203785437,1,0,0,0,0,1,0,0,0,0,0,0,0,0,0,0,0,1,0,0,0,0,0
2.431090604262453,1.4596839789453286,0.62275582782495,290,0.9676320203785437,1,0,0,0,0,0,0,0,0,0,0,0,0,1,0,0,0,0,1,0,1,0,0
2.431090604262453,1.4596839789453286,0.4295083736834229,278,0.1343135301445871,1,0,0,0,0,0,0,0,0,0,0,0,0,1,0,0,0,0,1,0,0,0,1
2.431090604262453,1.4596839789453286,1.3570961535627533,336,0.9676320203785437,1,0,0,0,0,0,0,0,0,0,0,0,0,1,0,0,0,0,1,0,1,0,0
2.431090604262453,1.4596839789453286,1.0092507361080043,312,0.1343135301445871,1,0,0,0,0,0,0,0,0,0,0,0,0,1,0,0,0,0,1,0,0,0,1
-1.312859113257729,-0.8846202186908425,-1.464316676903543,165,-0.6990049600893694,0,0,0,0,0,0,0,0,0,0,0,0,0,0,0,0,0,1,0,0,1,0,0
-1.312859113257729,-0.8846202186908425,-1.3483682044186267,170,-0.6990049600893694,0,0,0,0,0,0,0,0,0,0,0,0,0,0,0,0,0,1,0,0,0,0,1
-1.312859113257729,-0.8846202186908425,-1.387017695246932,169,-0.6990049600893694,0,0,0,0,0,0,0,0,0,0,0,0,0,0,0,0,0,1,0,0,1,0,0
-1.1568612083610545,-0.8846202186908425,-1.6962136218733754,172,1.8009505106125,0,0,0,0,0,0,0,0,0,0,0,0,0,0,0,0,0,0,0,0,0,0,0
-1.1568612083610545,-0.8846202186908425,-1.734863112701681,169,-0.6990049600893694,0,0,0,0,0,0,0,0,0,0,0,0,0,0,0,0,0,0,0,0,0,0,1
-1.312859113257729,-0.8846202186908425,-1.3483682044186267,172,-0.6990049600893694,0,0,0,0,0,0,0,0,0,0,0,0,0,0,0,0,0,1,0,0,1,0,0
-1.312859113257729,-0.8846202186908425,-1.3097187135903212,173,-0.6990049600893694,0,0,0,0,0,0,0,0,0,0,0,0,0,0,0,0,0,1,0,0,0,0,1
-1.312859113257729,-0.8846202186908425,-1.271069222762016,176,-0.6990049600893694,0,0,0,0,0,0,0,0,0,0,0,0,0,0,0,0,0,1,0,0,1,0,0
-0.5328695887743576,-0.8846202186908425,-0.5367288970242127,221,-0.6990049600893694,0,0,0,0,0,0,0,0,0,0,0,1,0,0,0,0,0,1,0,0,0,0,0
-0.5328695887743576,-0.8846202186908425,-0.5367288970242127,221,-0.6990049600893694,0,0,0,0,0,0,0,0,0,0,0,1,0,0,0,0,0,1,0,0,0,0,0
-0.5328695887743576,-0.8846202186908425,1.0865497177646148,223,-0.6990049600893694,0,0,0,0,0,0,0,0,0,0,0,1,0,0,0,0,1,0,0,0,0,0,0
0.40311784060568795,0.28753188012724307,0.5068073553400334,285,-0.6990049600893694,1,0,0,0,0,0,0,0,0,0,0,1,0,0,0,0,0,1,0,0,0,0,0
-0.5328695887743576,-0.8846202186908425,-0.266182461226075,237,-0.6990049600893694,0,0,0,0,0,0,0,0,0,0,0,1,0,0,0,0,0,1,0,0,0,0,0
-0.5328695887743576,-0.8846202186908425,-0.266182461226075,237,-0.6990049600893694,0,0,0,0,0,0,0,0,0,0,0,1,0,0,0,0,0,1,0,0,0,0,0
-0.5328695887743576,-0.8846202186908425,1.318446662734447,234,-0.6990049600893694,0,0,0,0,0,0,0,0,0,0,0,1,0,0,0,0,1,0,0,0,0,0,0
0.40311784060568795,0.28753188012724307,0.8546527727947824,304,-0.6990049600893694,1,0,0,0,0,0,0,0,0,0,0,1,0,0,0,0,0,1,0,0,0,0,0
-0.4548706363260205,-0.8846202186908425,-0.4980794061959074,224,-0.6990049600893694,0,1,0,0,0,0,0,0,0,0,0,0,0,0,0,0,0,1,0,0,1,0,0
0.40311784060568795,0.28753188012724307,-0.07293500708454788,249,-0.6990049600893694,1,1,0,0,0,0,0,0,0,0,0,0,0,0,0,0,0,1,0,0,1,0,0
0.40311784060568795,0.28753188012724307,1.473044626047669,240,-0.6990049600893694,0,1,0,0,0,0,0,0,0,0,0,0,0,0,0,0,1,0,0,0,1,0,0
-1.2348601608093916,-0.8846202186908425,-1.1551207502770997,182,-0.6990049600893694,0,0,1,0,0,0,0,0,0,0,0,0,0,0,0,0,0,1,0,0,0,0,0
-0.844865398567706,-0.8846202186908425,-0.6526773695091292,212,1.8009505106125,0,0,1,0,0,0,0,0,0,0,0,0,0,0,0,0,0,0,1,0,0,0,0
-1.0008633034643803,-0.8846202186908425,-2.198657002641346,121,-0.6990049600893694,0,0,1,0,0,0,0,0,0,0,0,0,0,0,0,0,0,1,0,0,0,1,0
1.7291000322274188,1.4596839789453286,0.7387043003098659,297,-0.6990049600893694,1,0,0,0,0,0,1,0,0,0,0,0,0,0,0,0,0,1,0,0,0,0,0
1.7291000322274188,1.4596839789453286,0.8933022636230876,309,0.9676320203785437,1,0,0,0,0,0,1,0,0,0,0,0,0,0,0,0,0,1,0,0,0,0,0
2.431090604262453,1.4596839789453286,1.163848699421226,324,0.9676320203785437,1,0,0,0,0,0,1,0,0,0,0,0,0,0,0,0,0,0,1,0,0,0,0
0.9491105077440476,0.28753188012724307,0.4295083736834229,279,-0.6990049600893694,1,0,0,0,0,0,1,0,0,0,0,0,0,0,0,0,0,1,0,0,0,0,0
0.9491105077440476,0.28753188012724307,2.4392818967553054,284,-0.6990049600893694,1,0,0,0,0,0,1,0,0,0,0,0,0,0,0,0,1,0,0,0,0,0,0
1.7291000322274188,1.4596839789453286,0.7387043003098659,298,-0.6990049600893694,1,0,0,0,0,0,1,0,0,0,0,0,0,0,0,0,0,1,0,0,0,0,0
1.7291000322274188,1.4596839789453286,2.4392818967553054,284,-0.6990049600893694,1,0,0,0,0,0,1,0,0,0,0,0,0,0,0,0,1,0,0,0,0,0,0
1.7291000322274188,1.4596839789453286,1.2024981902495313,327,0.9676320203785437,1,0,0,0,0,0,1,0,0,0,0,0,0,0,0,0,0,1,0,0,0,0,0
2.431090604262453,1.4596839789453286,1.2797971719061418,330,0.9676320203785437,1,0,0,0,0,0,1,0,0,0,0,0,0,0,0,0,0,0,1,0,0,0,0
0.9491105077440476,0.28753188012724307,0.6614053186532552,294,-0.6990049600893694,1,0,0,0,0,0,1,0,0,0,0,0,0,0,0,0,0,1,0,0,0,0,0
0.9491105077440476,0.28753188012724307,2.7871273142100534,294,-0.6990049600893694,1,0,0,0,0,0,1,0,0,0,0,0,0,0,0,0,1,0,0,0,0,0,0
1.7291000322274188,1.4596839789453286,0.8933022636230876,307,-0.6990049600893694,1,0,0,0,0,0,1,0,0,0,0,0,0,0,0,0,0,1,0,0,0,0,0
1.7291000322274188,1.4596839789453286,2.7484778233817475,315,-0.6990049600893694,1,0,0,0,0,0,1,0,0,0,0,0,0,0,0,0,1,0,0,0,0,0,0
1.7291000322274188,1.4596839789453286,0.8546527727947824,303,0.9676320203785437,1,0,0,0,0,0,1,0,0,0,0,0,0,0,0,0,0,1,0,0,0,0,0
-1.312859113257729,-0.8846202186908425,-1.1551207502770997,184,-0.6990049600893694,0,0,0,0,0,0,0,0,0,0,0,0,0,0,0,0,0,1,0,0,1,0,0
-1.312859113257729,-0.8846202186908425,-1.3097187135903212,174,-0.6990049600893694,0,0,0,0,0,0,0,0,0,0,0,0,0,0,0,0,0,1,0,0,0,0,1
-1.0008633034643803,-0.8846202186908425,-0.9232238053072669,197,-0.6990049600893694,0,0,0,0,0,0,0,0,0,0,0,0,0,0,0,0,0,1,0,0,1,0,0
-1.0008633034643803,-0.8846202186908425,-0.9618732961355722,194,-1.532323450323326,0,0,0,0,0,0,0,0,0,0,0,0,0,0,0,0,0,1,0,0,0,0,1
-1.312859113257729,-0.8846202186908425,-1.1551207502770997,184,-0.6990049600893694,0,0,0,0,0,0,0,0,0,1,0,0,0,0,0,0,0,1,0,0,1,0,0
-1.312859113257729,-0.8846202186908425,-1.3097187135903212,174,-0.6990049600893694,0,0,0,0,0,0,0,0,0,1,0,0,0,0,0,0,0,1,0,0,0,0,1
-1.0008633034643803,-0.8846202186908425,-0.9232238053072669,197,-0.6990049600893694,0,0,0,0,0,0,0,0,0,1,0,0,0,0,0,0,0,1,0,0,1,0,0
-1.0008633034643803,-0.8846202186908425,-0.9618732961355722,194,-1.532323450323326,0,0,0,0,0,0,0,0,0,1,0,0,0,0,0,0,0,1,0,0,0,0,1
-1.312859113257729,-0.8846202186908425,-1.4256671860752377,167,-0.6990049600893694,0,0,0,0,0,0,0,0,0,0,1,0,0,0,0,0,0,1,0,0,0,1,0
-1.312859113257729,-0.8846202186908425,-1.387017695246932,168,-1.532323450323326,0,0,0,0,0,0,0,0,0,0,1,0,0,0,0,0,0,1,0,0,0,0,1
1.7291000322274188,1.4596839789453286,0.8546527727947824,305,-0.6990049600893694,1,0,0,0,0,0,0,0,0,0,0,0,1,0,0,0,0,1,0,0,0,0,0
1.7291000322274188,1.4596839789453286,0.8546527727947824,305,-0.6990049600893694,1,0,0,0,0,0,0,0,0,0,0,0,1,0,0,0,0,1,0,0,0,0,0
1.7291000322274188,1.4596839789453286,2.4392818967553054,284,-0.6990049600893694,1,0,0,0,0,0,0,0,0,0,0,0,1,0,0,0,1,0,0,0,0,0,0
1.7291000322274188,1.4596839789453286,0.8546527727947824,305,-0.6990049600893694,1,0,0,0,0,0,0,0,0,0,0,0,1,0,0,0,0,1,0,0,0,0,0
1.7291000322274188,1.4596839789453286,0.8546527727947824,305,-0.6990049600893694,1,0,0,0,0,0,0,0,0,0,0,0,1,0,0,0,0,1,0,0,0,0,0
1.7291000322274188,1.4596839789453286,2.4392818967553054,284,-0.6990049600893694,1,0,0,0,0,0,0,0,0,0,0,0,1,0,0,0,1,0,0,0,0,0,0
1.7291000322274188,1.4596839789453286,2.7871273142100534,299,-0.6990049600893694,1,0,0,0,0,0,0,0,0,0,0,0,1,0,0,0,1,0,0,0,0,0,0
0.40311784060568795,0.28753188012724307,1.0092507361080043,315,-0.6990049600893694,1,0,0,0,0,0,0,0,0,0,0,0,1,0,0,0,0,1,0,0,0,0,0
0.40311784060568795,0.28753188012724307,1.12519920859292,322,-0.6990049600893694,1,0,0,0,0,0,0,0,0,0,0,0,1,0,0,0,0,1,0,0,0,0,0
-1.312859113257729,-0.8846202186908425,-0.9618732961355722,194,-0.6990049600893694,0,0,0,0,0,0,0,0,0,0,0,1,0,0,0,0,0,1,0,0,1,0,0
-1.312859113257729,-0.8846202186908425,-1.0005227869638782,194,-0.6990049600893694,0,0,0,0,0,0,0,0,0,0,0,1,0,0,0,0,0,1,0,0,0,0,1
-1.312859113257729,-0.8846202186908425,-0.768625841994045,208,-0.6990049600893694,0,0,0,0,0,0,0,0,0,0,0,1,0,0,0,0,0,1,0,0,1,0,0
-0.5328695887743576,-0.8846202186908425,-0.8459248236506564,201,1.8009505106125,0,0,1,0,0,0,0,0,0,0,0,0,0,0,0,0,0,1,0,0,0,0,0
-0.5328695887743576,-0.8846202186908425,0.3522093920268116,192,1.8009505106125,0,0,1,0,0,0,0,0,0,0,0,0,0,0,0,0,1,0,0,0,0,0,0
0.40311784060568795,0.28753188012724307,-0.2275329703977697,241,1.8009505106125,0,0,1,0,0,0,0,0,0,0,0,0,0,0,0,0,0,1,0,0,0,0,0
0.40311784060568795,0.28753188012724307,1.2024981902495313,230,1.8009505106125,0,0,1,0,0,0,0,0,0,0,0,0,0,0,0,0,1,0,0,0,0,0,0
0.40311784060568795,0.28753188012724307,0.004363974572063373,252,1.8009505106125,1,0,1,0,0,0,0,0,0,0,0,0,0,0,0,0,0,1,0,0,0,0,0
0.40311784060568795,0.28753188012724307,1.3957456443910585,237,1.8009505106125,0,0,1,0,0,0,0,0,0,0,0,0,0,0,0,0,1,0,0,0,0,0,0
0.40311784060568795,0.28753188012724307,-0.18888347956946375,242,0.9676320203785437,0,1,0,0,0,0,0,0,0,0,0,0,0,0,0,0,0,1,0,0,0,0,0
2.0410958420207677,1.4596839789453286,0.5841063369966447,289,0.9676320203785437,1,1,0,0,0,0,0,0,0,0,0,0,0,0,0,0,0,1,0,0,0,0,0
0.40311784060568795,0.28753188012724307,0.08166295622867395,258,0.9676320203785437,1,1,0,0,0,0,0,0,0,0,0,0,0,0,0,0,0,1,0,0,0,0,0
0.40311784060568795,0.28753188012724307,0.08166295622867395,258,0.9676320203785437,1,1,0,0,0,0,0,0,0,0,0,0,0,0,0,0,0,1,0,0,0,0,0
0.40311784060568795,0.28753188012724307,1.6276425893608908,248,0.9676320203785437,1,1,0,0,0,0,0,0,0,0,0,0,0,0,0,0,1,0,0,0,0,0,0
0.40311784060568795,0.28753188012724307,0.043013465400368656,257,1.8009505106125,1,0,0,0,1,0,0,0,0,0,0,0,0,0,0,0,0,1,0,0,0,0,0
0.40311784060568795,0.28753188012724307,-0.07293500708454788,249,1.8009505106125,1,0,0,0,1,0,0,0,0,0,0,0,0,0,0,0,0,1,0,0,0,0,0
2.0410958420207677,1.4596839789453286,0.8933022636230876,307,-0.6990049600893694,1,0,1,0,0,0,0,0,0,0,0,0,0,0,0,0,0,0,1,0,0,0,1
2.5870885091591274,1.4596839789453286,1.2024981902495313,325,-0.6990049600893694,1,0,1,0,0,0,0,0,0,0,0,0,0,0,0,0,0,0,1,0,0,0,1
2.0410958420207677,1.4596839789453286,0.5841063369966447,289,0.9676320203785437,1,0,1,0,0,0,0,0,0,0,0,0,0,0,0,0,0,1,0,0,0,0,0
2.5870885091591274,1.4596839789453286,0.8160032819664771,302,0.9676320203785437,1,0,1,0,0,0,0,0,0,0,0,0,0,0,0,0,0,0,1,0,0,0,0
0.40311784060568795,0.28753188012724307,0.08166295622867395,258,0.9676320203785437,1,0,1,0,0,0,0,0,0,0,0,0,0,0,0,0,0,1,0,0,0,0,0
2.5870885091591274,1.4596839789453286,1.2024981902495313,325,-0.6990049600893694,1,0,1,0,0,0,0,0,0,0,0,0,0,0,0,0,0,0,1,0,0,0,1
2.5870885091591274,1.4596839789453286,0.8160032819664771,302,0.9676320203785437,1,0,1,0,0,0,0,0,0,0,0,0,0,0,0,0,0,0,1,0,0,0,0
2.431090604262453,1.4596839789453286,1.666292080189196,352,-0.6990049600893694,1,0,1,0,0,0,0,0,0,0,0,0,0,0,0,0,0,0,1,0,0,0,1
0.40311784060568795,0.28753188012724307,0.31355990119850635,271,-1.532323450323326,1,1,0,0,0,0,0,0,0,0,0,0,0,0,0,0,0,1,0,0,0,0,0
0.40311784060568795,0.28753188012724307,-0.18888347956946375,242,0.9676320203785437,0,1,0,0,0,0,0,0,0,0,0,0,0,0,0,0,0,1,0,0,0,0,0
2.0410958420207677,1.4596839789453286,0.8160032819664771,302,-1.532323450323326,1,1,0,0,0,0,0,0,0,0,0,0,0,0,0,0,0,1,0,0,0,0,0
2.0410958420207677,1.4596839789453286,0.5841063369966447,289,0.9676320203785437,1,1,0,0,0,0,0,0,0,0,0,0,0,0,0,0,0,1,0,0,0,0,0
2.5870885091591274,1.4596839789453286,0.8160032819664771,302,0.9676320203785437,1,1,0,0,0,0,0,0,0,0,0,0,0,0,0,0,0,0,1,0,0,0,0
0.40311784060568795,0.28753188012724307,0.08166295622867395,258,0.9676320203785437,1,1,0,0,0,0,0,0,0,0,0,0,0,0,0,0,0,1,0,0,0,0,0
0.40311784060568795,0.28753188012724307,0.08166295622867395,258,0.9676320203785437,1,1,0,0,0,0,0,0,0,0,0,0,0,0,0,0,0,1,0,0,0,0,0
0.40311784060568795,0.28753188012724307,1.6276425893608908,248,0.9676320203785437,1,1,0,0,0,0,0,0,0,0,0,0,0,0,0,0,1,0,0,0,0,0,0
2.0410958420207677,1.4596839789453286,0.9706012452796989,312,-1.532323450323326,1,1,0,0,0,0,0,0,0,0,0,0,0,0,0,0,0,1,0,0,0,0,0
2.5870885091591274,1.4596839789453286,0.8160032819664771,302,0.9676320203785437,1,1,0,0,0,0,0,0,0,0,0,0,0,0,0,0,0,0,1,0,0,0,0
0.40311784060568795,0.28753188012724307,0.1976114287135905,265,0.9676320203785437,1,0,0,0,0,0,0,0,0,0,0,0,1,0,0,0,0,1,0,0,0,0,0
2.0410958420207677,1.4596839789453286,1.2411476810778366,328,0.9676320203785437,1,0,0,0,0,0,0,0,0,0,0,0,1,0,0,0,0,1,0,0,0,0,0
0.40311784060568795,0.28753188012724307,2.2846839334420825,274,-0.6990049600893694,1,0,0,0,1,0,0,0,0,0,0,0,0,0,0,0,1,0,0,0,0,0,0
-0.5328695887743576,-0.8846202186908425,0.12031244705697923,261,-2.3656419405572824,1,0,0,0,0,0,0,0,0,0,0,1,0,0,0,0,0,1,0,0,0,0,0
0.40311784060568795,0.28753188012724307,0.5068073553400334,284,-0.6990049600893694,1,0,0,0,0,0,0,0,0,0,0,1,0,0,0,0,0,1,0,0,0,0,0
0.40311784060568795,0.28753188012724307,2.168735460957166,274,-0.6990049600893694,1,0,0,0,0,0,0,0,0,0,0,1,0,0,0,0,1,0,0,0,0,0,0
0.40311784060568795,0.28753188012724307,0.62275582782495,292,-0.6990049600893694,1,0,0,0,0,0,0,0,0,0,0,1,0,0,0,0,0,1,0,0,0,0,0
-1.312859113257729,-0.8846202186908425,-1.0778217686204887,187,-0.6990049600893694,0,0,0,0,0,0,0,0,0,0,0,0,0,1,0,0,0,1,0,0,0,0,0
-1.312859113257729,-0.8846202186908425,-1.116471259448794,185,-0.6990049600893694,0,0,0,0,0,0,0,0,0,0,0,0,0,1,0,0,0,1,0,0,0,0,1
-1.312859113257729,-0.8846202186908425,-1.0778217686204887,186,-0.6990049600893694,0,0,0,1,0,0,0,0,0,0,0,0,0,0,0,0,0,1,0,0,0,0,0
-1.312859113257729,-0.8846202186908425,-1.3483682044186267,171,-1.532323450323326,0,0,0,1,0,0,0,0,0,0,0,0,0,0,0,0,0,1,0,0,0,0,1
-1.312859113257729,-0.8846202186908425,-1.0778217686204887,186,-0.6990049600893694,0,0,0,1,0,0,0,0,0,0,0,0,0,0,0,0,0,1,0,0,0,0,0
-1.312859113257729,-0.8846202186908425,-1.464316676903543,163,-1.532323450323326,0,0,0,1,0,0,0,0,0,0,0,0,0,0,0,0,0,1,0,0,0,0,1
-1.312859113257729,-0.8846202186908425,-0.8072753328223511,202,-0.6990049600893694,0,0,0,1,0,0,0,0,0,0,0,0,0,0,0,0,0,1,0,0,0,0,0
-1.312859113257729,-0.8846202186908425,-1.116471259448794,186,-1.532323450323326,0,0,0,1,0,0,0,0,0,0,0,0,0,0,0,0,0,1,0,0,0,0,1
-1.312859113257729,-0.8846202186908425,-0.8072753328223511,202,-0.6990049600893694,0,0,0,1,0,0,0,0,0,0,0,0,0,0,0,0,0,1,0,0,0,0,0
-1.312859113257729,-0.8846202186908425,-1.116471259448794,186,-1.532323450323326,0,0,0,1,0,0,0,0,0,0,0,0,0,0,0,0,0,1,0,0,0,0,1
-1.312859113257729,-0.8846202186908425,-0.5367288970242127,221,-0.6990049600893694,0,0,0,0,0,0,0,0,0,1,0,0,0,0,0,0,0,1,0,0,0,0,0
-1.312859113257729,-0.8846202186908425,-0.9232238053072669,197,-0.6990049600893694,0,0,0,0,0,0,0,0,0,0,0,1,0,0,0,0,0,1,0,0,0,0,1
-0.5328695887743576,-0.8846202186908425,-0.5753783878525179,219,1.8009505106125,0,0,0,0,0,0,0,0,0,0,0,1,0,0,0,0,0,1,0,0,0,0,0
-0.5328695887743576,-0.8846202186908425,-0.4207804245392968,226,1.8009505106125,0,0,0,0,0,0,0,0,0,0,0,1,0,0,0,0,0,1,0,0,0,0,0
-0.844865398567706,-0.8846202186908425,-1.8894610760149024,138,-0.6990049600893694,0,1,0,0,0,0,0,0,0,0,0,0,0,0,0,0,0,1,0,0,0,1,0
-0.844865398567706,-0.8846202186908425,-0.34348144288268556,233,-0.6990049600893694,0,0,0,0,0,0,0,0,0,0,0,1,0,0,0,0,0,1,0,0,1,0,0
-0.844865398567706,-0.8846202186908425,-0.3821309337109908,230,-0.6990049600893694,0,0,0,0,0,0,0,0,0,0,0,1,0,0,0,0,0,1,0,0,1,0,0
0.32511888815735074,0.28753188012724307,0.27491041037020103,270,-0.6990049600893694,1,0,0,0,0,0,0,0,0,0,0,1,0,0,0,0,0,1,0,0,1,0,0
-0.844865398567706,-0.8846202186908425,-0.15023398874115845,244,-0.6990049600893694,0,0,0,0,0,0,0,0,0,0,0,1,0,0,0,0,0,1,0,0,1,0,0
-0.2988727314293461,0.28753188012724307,0.4681578645117282,281,-0.6990049600893694,1,0,0,0,0,0,0,0,0,0,0,1,0,0,0,0,0,1,0,0,1,0,0
0.32511888815735074,0.28753188012724307,0.5068073553400334,284,-0.6990049600893694,1,0,0,0,0,0,0,0,0,0,0,1,0,0,0,0,0,1,0,0,1,0,0
-1.2348601608093916,-0.8846202186908425,-0.6526773695091292,214,-0.6990049600893694,0,0,0,0,0,0,0,0,0,0,0,1,0,0,0,0,0,1,0,0,1,0,0
-0.844865398567706,-0.8846202186908425,-0.4980794061959074,222,-0.6990049600893694,0,0,0,0,0,0,0,0,0,0,0,1,0,0,0,0,0,1,0,0,1,0,0
-0.4548706363260205,-0.8846202186908425,-0.4207804245392968,229,-0.6990049600893694,0,0,0,0,0,0,0,0,0,0,0,1,0,0,0,0,0,1,0,0,1,0,0
-0.4548706363260205,-0.8846202186908425,0.9706012452796989,219,-0.6990049600893694,0,0,0,0,0,0,0,0,0,0,0,1,0,0,0,0,1,0,0,0,1,0,0
-1.2348601608093916,-0.8846202186908425,-0.4594299153676021,226,-0.6990049600893694,0,0,0,0,0,0,0,0,0,0,0,1,0,0,0,0,0,1,0,0,1,0,0
-0.844865398567706,-0.8846202186908425,-0.2275329703977697,239,-0.6990049600893694,0,0,0,0,0,0,0,0,0,0,0,1,0,0,0,0,0,1,0,0,1,0,0
0.32511888815735074,0.28753188012724307,1.318446662734447,333,-0.6990049600893694,1,0,0,0,0,0,0,0,0,0,0,0,1,0,0,0,0,1,0,0,1,0,0
0.32511888815735074,0.28753188012724307,1.3570961535627533,337,-0.6990049600893694,1,0,0,0,0,0,0,0,0,0,0,0,1,0,0,0,0,1,0,0,1,0,0
-0.6108685412226948,-0.8846202186908425,0.004363974572063373,254,-0.6990049600893694,1,0,0,0,0,0,0,0,0,0,0,0,1,0,0,0,0,1,0,0,1,0,0
0.32511888815735074,0.28753188012724307,0.4681578645117282,281,-0.6990049600893694,1,0,0,0,0,0,0,0,0,0,0,0,1,0,0,0,0,1,0,0,1,0,0
-0.6108685412226948,-0.8846202186908425,0.1976114287135905,266,-0.6990049600893694,1,0,0,0,0,0,0,0,0,0,0,0,1,0,0,0,0,1,0,0,1,0,0
0.32511888815735074,0.28753188012724307,0.8546527727947824,305,-0.6990049600893694,1,0,0,0,0,0,0,0,0,0,0,0,1,0,0,0,0,1,0,0,1,0,0
0.32511888815735074,0.28753188012724307,0.7000548094815605,296,-0.6990049600893694,1,0,0,0,0,0,0,0,0,0,0,0,1,0,0,0,0,1,0,0,1,0,0
0.32511888815735074,0.28753188012724307,2.47793138758361,284,-0.6990049600893694,1,0,0,0,0,0,0,0,0,0,0,0,1,0,0,0,1,0,0,0,1,0,0
-0.2988727314293461,0.28753188012724307,0.043013465400368656,256,-0.6990049600893694,1,0,0,0,0,0,1,0,0,0,0,0,0,0,0,0,0,1,0,0,1,0,0
-0.2988727314293461,0.28753188012724307,0.1589619378852845,263,-0.6990049600893694,1,0,0,0,0,0,1,0,0,0,0,0,0,0,0,0,0,1,0,0,1,0,0
-0.2988727314293461,0.28753188012724307,0.31355990119850635,272,-0.6990049600893694,1,0,0,0,0,0,1,0,0,0,0,0,0,0,0,0,0,1,0,0,1,0,0
0.32511888815735074,0.28753188012724307,0.1976114287135905,264,2.634269000846457,1,0,0,0,0,0,1,0,0,0,0,0,0,0,0,0,0,1,0,0,1,0,0
0.32511888815735074,0.28753188012724307,0.3522093920268116,274,2.634269000846457,1,0,0,0,0,0,1,0,0,0,0,0,0,0,0,0,0,1,0,0,1,0,0
0.32511888815735074,0.28753188012724307,0.62275582782495,290,2.634269000846457,1,0,0,0,0,0,1,0,0,0,0,0,0,0,0,0,0,1,0,0,1,0,0
0.32511888815735074,0.28753188012724307,0.31355990119850635,272,-0.6990049600893694,1,0,0,0,0,0,1,0,0,0,0,0,0,0,0,0,0,1,0,0,0,0,0
0.32511888815735074,0.28753188012724307,1.9368385159873345,258,-0.6990049600893694,1,0,0,0,0,0,1,0,0,0,0,0,0,0,0,0,1,0,0,0,0,0,0
1.4951031748824075,1.4596839789453286,0.931951754451393,310,-0.6990049600893694,1,0,0,0,0,0,1,0,0,0,0,0,0,0,0,0,0,1,0,0,1,0,0
1.4951031748824075,1.4596839789453286,2.671178841725137,291,-0.6990049600893694,1,0,0,0,0,0,1,0,0,0,0,0,0,0,0,0,1,0,0,0,1,0,0
1.4951031748824075,1.4596839789453286,1.4343951352193638,340,-0.6990049600893694,1,0,0,0,0,0,1,0,0,0,0,0,0,0,0,0,0,1,0,0,1,0,0
1.4951031748824075,1.4596839789453286,2.671178841725137,291,-0.6990049600893694,1,0,0,0,0,0,1,0,0,0,0,0,0,0,0,0,1,0,0,0,1,0,0
-0.2988727314293461,0.28753188012724307,0.3908588828551176,276,-0.6990049600893694,1,0,0,0,0,0,1,0,0,0,0,0,0,0,0,0,0,1,0,0,1,0,0
-0.2988727314293461,0.28753188012724307,0.6614053186532552,293,-0.6990049600893694,1,0,0,0,0,0,1,0,0,0,0,0,0,0,0,0,0,1,0,0,1,0,0
0.32511888815735074,0.28753188012724307,0.5068073553400334,284,2.634269000846457,1,0,0,0,0,0,1,0,0,0,0,0,0,0,0,0,0,1,0,0,1,0,0
0.32511888815735074,0.28753188012724307,0.5841063369966447,288,2.634269000846457,1,0,0,0,0,0,1,0,0,0,0,0,0,0,0,0,0,1,0,0,1,0,0
0.32511888815735074,0.28753188012724307,0.7387043003098659,298,2.634269000846457,1,0,0,0,0,0,1,0,0,0,0,0,0,0,0,0,0,1,0,0,1,0,0
0.32511888815735074,0.28753188012724307,0.6614053186532552,293,-0.6990049600893694,1,0,0,0,0,0,1,0,0,0,0,0,0,0,0,0,0,1,0,0,0,0,0
0.32511888815735074,0.28753188012724307,2.3619829150986935,281,-0.6990049600893694,1,0,0,0,0,0,1,0,0,0,0,0,0,0,0,0,1,0,0,0,0,0,0
1.4951031748824075,1.4596839789453286,1.163848699421226,323,-0.6990049600893694,1,0,0,0,0,0,1,0,0,0,0,0,0,0,0,0,0,1,0,0,1,0,0
1.4951031748824075,1.4596839789453286,1.2797971719061418,330,-0.6990049600893694,1,0,0,0,0,0,1,0,0,0,0,0,0,0,0,0,0,1,0,0,1,0,0
0.32511888815735074,0.28753188012724307,1.4343951352193638,339,2.634269000846457,1,0,0,0,0,0,1,0,0,0,0,0,0,0,0,0,0,1,0,0,1,0,0
-1.1568612083610545,-0.8846202186908425,-1.2324197319337105,178,-0.6990049600893694,0,0,0,0,0,0,0,0,0,0,1,0,0,0,0,0,0,1,0,0,1,0,0
-1.1568612083610545,-0.8846202186908425,-1.1551207502770997,182,-1.532323450323326,0,0,0,0,0,0,0,0,0,0,1,0,0,0,0,0,0,1,0,0,0,0,1
-1.6248549230510774,-1.4706962680998854,-1.541615658560154,158,-1.532323450323326,0,0,0,0,0,0,0,0,0,0,1,0,0,0,0,0,0,1,0,0,0,0,1
-1.1568612083610545,-0.8846202186908425,-1.0005227869638782,192,-0.6990049600893694,0,0,0,0,0,0,0,0,0,0,0,0,0,0,0,0,0,1,0,0,0,0,1
0.32511888815735074,0.28753188012724307,1.12519920859292,321,-0.6990049600893694,1,0,0,0,0,0,0,0,0,0,0,0,1,0,0,0,0,1,0,0,1,0,0
-1.6248549230510774,-1.4706962680998854,-1.271069222762016,176,-0.6990049600893694,0,0,0,0,0,0,0,0,0,0,0,0,0,0,0,0,0,1,0,0,1,0,0
-1.6248549230510774,-1.4706962680998854,-1.464316676903543,164,-0.6990049600893694,0,0,0,0,0,0,0,0,0,0,0,0,0,0,0,0,0,1,0,0,0,0,1
-0.844865398567706,-0.8846202186908425,-1.116471259448794,185,-0.6990049600893694,0,0,0,0,0,0,0,0,0,0,0,0,0,0,0,0,0,1,0,1,0,0,0
-0.844865398567706,-0.8846202186908425,-0.07293500708454788,177,-0.6990049600893694,0,0,0,0,0,0,0,0,0,0,0,0,0,0,0,0,1,0,0,1,0,0,0
-0.844865398567706,-0.8846202186908425,-1.0778217686204887,189,-0.6990049600893694,0,0,0,0,0,0,0,0,0,0,0,0,0,0,0,0,0,1,0,0,1,0,0
-0.844865398567706,-0.8846202186908425,0.043013465400368656,182,-0.6990049600893694,0,0,0,0,0,0,0,0,0,0,0,0,0,0,0,0,1,0,0,0,1,0,0
-0.844865398567706,-0.8846202186908425,-0.9618732961355722,195,-1.532323450323326,0,0,0,0,0,0,0,0,0,0,0,0,0,0,0,0,0,1,0,0,0,0,1
-0.844865398567706,-0.8846202186908425,0.23626091954189576,188,-1.532323450323326,0,0,0,0,0,0,0,0,0,0,0,0,0,0,0,0,1,0,0,0,0,0,1
-0.6108685412226948,-0.8846202186908425,0.043013465400368656,256,-0.6990049600893694,1,0,1,0,0,0,0,0,0,0,0,0,0,0,0,0,0,0,1,0,0,0,1
-0.844865398567706,-0.8846202186908425,-0.5753783878525179,219,-0.6990049600893694,0,0,1,0,0,0,0,0,0,0,0,0,0,0,0,0,0,1,0,0,0,0,1
-1.2348601608093916,-0.8846202186908425,-0.8072753328223511,204,-0.6990049600893694,0,0,1,0,0,0,0,0,0,0,0,0,0,0,0,0,0,1,0,0,1,0,0
-0.844865398567706,-0.8846202186908425,-0.4594299153676021,225,-0.6990049600893694,0,0,1,0,0,0,0,0,0,0,0,0,0,0,0,0,0,1,0,0,1,0,0
-0.4548706363260205,-0.8846202186908425,-0.4594299153676021,224,-0.6990049600893694,0,0,1,0,0,0,0,0,0,0,0,0,0,0,0,0,0,1,0,0,0,0,0
-0.844865398567706,-0.8846202186908425,-0.266182461226075,238,-0.6990049600893694,0,0,1,0,0,0,0,0,0,0,0,0,0,0,0,0,0,1,0,0,1,0,0
-0.2988727314293461,0.28753188012724307,0.27491041037020103,270,-0.6990049600893694,1,0,1,0,0,0,0,0,0,0,0,0,0,0,0,0,0,1,0,0,1,0,0
-0.844865398567706,-0.8846202186908425,-2.005409548499819,131,-0.6990049600893694,0,0,1,0,0,0,0,0,0,0,0,0,0,0,0,0,0,1,0,0,0,1,0
0.32511888815735074,0.28753188012724307,2.516580878411916,406,0.1343135301445871,1,0,0,0,0,0,0,0,0,0,0,0,0,1,0,0,0,0,1,1,0,0,0
-0.6108685412226948,-0.8846202186908425,-0.4594299153676021,226,-0.6990049600893694,0,0,0,0,0,0,0,0,0,0,1,0,0,0,0,0,0,1,0,0,1,0,0
-0.6108685412226948,-0.8846202186908425,-0.2275329703977697,239,-0.6990049600893694,0,0,0,0,0,0,0,0,0,0,1,0,0,0,0,0,0,1,0,0,1,0,0
-0.6108685412226948,-0.8846202186908425,-0.3821309337109908,230,-0.6990049600893694,0,0,0,0,0,0,0,0,0,0,1,0,0,0,0,0,0,1,0,0,0,0,1
-0.6108685412226948,-0.8846202186908425,-0.3821309337109908,230,-0.6990049600893694,0,0,0,0,0,0,0,0,0,0,1,0,0,0,0,0,0,1,0,0,0,0,1
0.4811167930540251,0.28753188012724307,0.12031244705697923,259,-0.6990049600893694,1,0,0,0,0,0,0,0,0,0,1,0,0,0,0,0,0,1,0,0,1,0,0
0.4811167930540251,0.28753188012724307,0.27491041037020103,271,-0.6990049600893694,1,0,0,0,0,0,0,0,0,0,1,0,0,0,0,0,0,1,0,0,0,0,1
1.4951031748824075,1.4596839789453286,0.8160032819664771,303,-0.6990049600893694,1,0,0,0,0,0,0,0,0,0,1,0,0,0,0,0,0,1,0,0,1,0,0
1.4951031748824075,1.4596839789453286,0.8933022636230876,307,-0.6990049600893694,1,0,0,0,0,0,0,0,0,0,1,0,0,0,0,0,0,1,0,0,0,0,1
1.4951031748824075,1.4596839789453286,1.163848699421226,324,-0.6990049600893694,1,0,0,0,0,0,0,0,0,0,1,0,0,0,0,0,0,1,0,0,0,0,1
-0.6108685412226948,-0.8846202186908425,-0.2275329703977697,239,-0.6990049600893694,0,0,0,0,0,0,0,0,0,0,1,0,0,0,0,0,0,1,0,0,1,0,0
-0.6108685412226948,-0.8846202186908425,-0.266182461226075,237,-0.6990049600893694,0,0,0,0,0,0,0,0,0,0,1,0,0,0,0,0,0,1,0,0,0,0,1
1.4951031748824075,1.4596839789453286,0.931951754451393,309,-0.6990049600893694,1,0,0,0,0,0,0,0,0,0,1,0,0,0,0,0,0,1,0,0,1,0,0
1.4951031748824075,1.4596839789453286,1.163848699421226,324,-0.6990049600893694,1,0,0,0,0,0,0,0,0,0,1,0,0,0,0,0,0,1,0,0,0,0,1
1.651101079779082,1.4596839789453286,1.473044626047669,341,-0.6990049600893694,1,0,0,0,0,0,0,0,0,0,1,0,0,0,0,0,0,0,1,0,0,0,1
0.32511888815735074,0.28753188012724307,1.473044626047669,344,-0.6990049600893694,1,0,0,0,0,0,0,0,0,0,0,0,0,0,0,1,0,1,0,0,1,0,0
0.4811167930540251,0.28753188012724307,1.666292080189196,354,-0.6990049600893694,1,0,0,0,0,0,0,0,0,0,0,0,0,0,0,1,0,1,0,0,1,0,0
-0.844865398567706,-0.8846202186908425,-0.266182461226075,238,-0.6990049600893694,0,1,0,0,0,0,0,0,0,0,0,0,0,0,0,0,0,1,0,0,1,0,0
0.32511888815735074,0.28753188012724307,1.6276425893608908,249,-0.6990049600893694,1,1,0,0,0,0,0,0,0,0,0,0,0,0,0,0,1,0,0,0,1,0,0
0.32511888815735074,0.28753188012724307,0.62275582782495,291,-0.6990049600893694,1,1,0,0,0,0,0,0,0,0,0,0,0,0,0,0,0,1,0,0,1,0,0
0.32511888815735074,0.28753188012724307,2.1300859701288615,271,-0.6990049600893694,1,1,0,0,0,0,0,0,0,0,0,0,0,0,0,0,1,0,0,0,1,0,0
-0.4548706363260205,-0.8846202186908425,-0.15023398874115845,244,-0.6990049600893694,0,0,0,0,0,0,0,1,0,0,0,0,0,0,0,0,0,1,0,0,1,0,0
-0.4548706363260205,-0.8846202186908425,1.318446662734447,234,-0.6990049600893694,0,0,0,0,0,0,0,1,0,0,0,0,0,0,0,0,1,0,0,0,1,0,0
-0.4548706363260205,-0.8846202186908425,0.004363974572063373,253,-0.6990049600893694,1,0,0,0,0,0,0,1,0,0,0,0,0,0,0,0,0,1,0,0,1,0,0
-0.4548706363260205,-0.8846202186908425,1.5116941168759743,242,-0.6990049600893694,0,0,0,0,0,0,0,1,0,0,0,0,0,0,0,0,1,0,0,0,1,0,0
0.559115745502362,0.28753188012724307,0.5068073553400334,286,0.9676320203785437,1,1,0,0,0,0,0,0,0,0,0,0,0,0,0,0,0,1,0,0,1,0,0
1.4951031748824075,1.4596839789453286,1.318446662734447,332,0.9676320203785437,1,1,0,0,0,0,0,0,0,0,0,0,0,0,0,0,0,0,1,0,1,0,0
0.16912098326067637,0.28753188012724307,0.4295083736834229,279,0.9676320203785437,1,1,0,0,0,0,0,0,0,0,0,0,0,0,0,0,0,0,1,0,1,0,0
1.4951031748824075,1.4596839789453286,0.8546527727947824,306,0.9676320203785437,1,1,0,0,0,0,0,0,0,0,0,0,0,0,0,0,0,0,1,0,1,0,0
-0.4548706363260205,-0.8846202186908425,-0.2275329703977697,239,-0.6990049600893694,0,0,0,0,0,0,0,0,0,0,0,0,1,0,0,0,0,1,0,0,0,0,0
0.40311784060568795,0.28753188012724307,0.1976114287135905,265,-0.6990049600893694,1,0,0,0,0,0,0,0,0,0,0,0,1,0,0,0,0,1,0,0,0,0,0
-0.4548706363260205,-0.8846202186908425,-0.15023398874115845,243,-0.6990049600893694,0,0,0,0,0,0,0,0,0,0,0,0,1,0,0,0,0,1,0,0,0,0,0
0.40311784060568795,0.28753188012724307,0.31355990119850635,271,-0.6990049600893694,1,0,0,0,0,0,0,0,0,0,0,0,1,0,0,0,0,1,0,0,0,0,0
-0.4548706363260205,-0.8846202186908425,-0.0342855162562426,252,-0.6990049600893694,1,0,0,0,0,1,0,0,0,0,0,0,0,0,0,0,0,1,0,0,0,0,0
-0.4548706363260205,-0.8846202186908425,0.043013465400368656,254,-0.6990049600893694,1,0,0,0,0,1,0,0,0,0,0,0,0,0,0,0,0,1,0,0,0,0,1
-0.22087377898100924,-0.8846202186908425,-0.4980794061959074,255,-0.6990049600893694,1,0,0,0,0,1,0,0,0,0,0,0,0,0,0,0,0,0,0,0,0,0,0
0.40311784060568795,0.28753188012724307,0.3522093920268116,274,0.9676320203785437,1,0,0,0,0,1,0,0,0,0,0,0,0,0,0,0,0,1,0,0,0,0,0
-0.4548706363260205,-0.8846202186908425,0.1976114287135905,263,-0.6990049600893694,1,0,0,0,0,1,0,0,0,0,0,0,0,0,0,0,0,1,0,0,0,0,0
-0.22087377898100924,-0.8846202186908425,-0.15023398874115845,280,-0.6990049600893694,1,0,0,0,0,1,0,0,0,0,0,0,0,0,0,0,0,0,0,0,0,0,0
0.40311784060568795,0.28753188012724307,0.5454568461683388,286,0.9676320203785437,1,0,0,0,0,1,0,0,0,0,0,0,0,0,0,0,0,1,0,0,0,0,0
1.7291000322274188,1.4596839789453286,0.7387043003098659,297,-0.6990049600893694,1,0,0,0,0,0,1,0,0,0,0,0,0,0,0,0,0,1,0,0,0,0,0
1.7291000322274188,1.4596839789453286,0.8933022636230876,309,0.9676320203785437,1,0,0,0,0,0,1,0,0,0,0,0,0,0,0,0,0,1,0,0,0,0,0
2.431090604262453,1.4596839789453286,1.163848699421226,323,0.9676320203785437,1,0,0,0,0,0,1,0,0,0,0,0,0,0,0,0,0,0,1,0,0,0,0
0.9491105077440476,0.28753188012724307,0.4295083736834229,279,-0.6990049600893694,1,0,0,0,0,0,1,0,0,0,0,0,0,0,0,0,0,1,0,0,0,0,0
0.9491105077440476,0.28753188012724307,2.4392818967553054,284,-0.6990049600893694,1,0,0,0,0,0,1,0,0,0,0,0,0,0,0,0,1,0,0,0,0,0,0
1.7291000322274188,1.4596839789453286,0.7387043003098659,298,-0.6990049600893694,1,0,0,0,0,0,1,0,0,0,0,0,0,0,0,0,0,1,0,0,0,0,0
1.7291000322274188,1.4596839789453286,2.4392818967553054,284,-0.6990049600893694,1,0,0,0,0,0,1,0,0,0,0,0,0,0,0,0,1,0,0,0,0,0,0
1.7291000322274188,1.4596839789453286,1.2024981902495313,327,0.9676320203785437,1,0,0,0,0,0,1,0,0,0,0,0,0,0,0,0,0,1,0,0,0,0,0
2.431090604262453,1.4596839789453286,1.2797971719061418,330,0.9676320203785437,1,0,0,0,0,0,1,0,0,0,0,0,0,0,0,0,0,0,1,0,0,0,0
0.9491105077440476,0.28753188012724307,0.6614053186532552,294,-0.6990049600893694,1,0,0,0,0,0,1,0,0,0,0,0,0,0,0,0,0,1,0,0,0,0,0
0.9491105077440476,0.28753188012724307,2.7871273142100534,294,-0.6990049600893694,1,0,0,0,0,0,1,0,0,0,0,0,0,0,0,0,1,0,0,0,0,0,0
1.7291000322274188,1.4596839789453286,0.8933022636230876,307,-0.6990049600893694,1,0,0,0,0,0,1,0,0,0,0,0,0,0,0,0,0,1,0,0,0,0,0
1.7291000322274188,1.4596839789453286,2.7484778233817475,317,-0.6990049600893694,1,0,0,0,0,0,1,0,0,0,0,0,0,0,0,0,1,0,0,0,0,0,0
1.7291000322274188,1.4596839789453286,0.8546527727947824,303,0.9676320203785437,1,0,0,0,0,0,1,0,0,0,0,0,0,0,0,0,0,1,0,0,0,0,0
-0.5328695887743576,-0.8846202186908425,-0.5367288970242127,221,-0.6990049600893694,0,0,0,0,0,0,0,0,0,0,0,1,0,0,0,0,0,1,0,0,0,0,0
-0.5328695887743576,-0.8846202186908425,-0.5367288970242127,221,-0.6990049600893694,0,0,0,0,0,0,0,0,0,0,0,1,0,0,0,0,0,1,0,0,0,0,0
-0.5328695887743576,-0.8846202186908425,1.0865497177646148,223,-0.6990049600893694,0,0,0,0,0,0,0,0,0,0,0,1,0,0,0,0,1,0,0,0,0,0,0
0.40311784060568795,0.28753188012724307,0.5068073553400334,285,-0.6990049600893694,1,0,0,0,0,0,0,0,0,0,0,1,0,0,0,0,0,1,0,0,0,0,0
-0.5328695887743576,-0.8846202186908425,-0.266182461226075,237,-0.6990049600893694,0,0,0,0,0,0,0,0,0,0,0,1,0,0,0,0,0,1,0,0,0,0,0
0.40311784060568795,0.28753188012724307,0.8546527727947824,304,-0.6990049600893694,1,0,0,0,0,0,0,0,0,0,0,1,0,0,0,0,0,1,0,0,0,0,0
1.7291000322274188,1.4596839789453286,0.8546527727947824,305,-0.6990049600893694,1,0,0,0,0,0,0,0,0,0,0,0,1,0,0,0,0,1,0,0,0,0,0
1.7291000322274188,1.4596839789453286,0.8546527727947824,305,-0.6990049600893694,1,0,0,0,0,0,0,0,0,0,0,0,1,0,0,0,0,1,0,0,0,0,0
1.7291000322274188,1.4596839789453286,2.4392818967553054,284,-0.6990049600893694,1,0,0,0,0,0,0,0,0,0,0,0,1,0,0,0,1,0,0,0,0,0,0
1.7291000322274188,1.4596839789453286,2.7871273142100534,299,-0.6990049600893694,1,0,0,0,0,0,0,0,0,0,0,0,1,0,0,0,1,0,0,0,0,0,0
2.431090604262453,1.4596839789453286,1.2797971719061418,330,0.9676320203785437,1,0,0,0,0,0,0,0,0,0,0,0,1,0,0,0,0,0,1,0,0,0,0
1.7291000322274188,1.4596839789453286,0.8546527727947824,305,-0.6990049600893694,1,0,0,0,0,0,0,0,0,0,0,0,1,0,0,0,0,1,0,0,0,0,0
1.7291000322274188,1.4596839789453286,0.8546527727947824,305,-0.6990049600893694,1,0,0,0,0,0,0,0,0,0,0,0,1,0,0,0,0,1,0,0,0,0,0
1.7291000322274188,1.4596839789453286,2.4392818967553054,284,-0.6990049600893694,1,0,0,0,0,0,0,0,0,0,0,0,1,0,0,0,1,0,0,0,0,0,0
2.431090604262453,1.4596839789453286,1.318446662734447,333,0.9676320203785437,1,0,0,0,0,0,0,0,0,0,0,0,1,0,0,0,0,0,1,0,0,0,0
-0.5328695887743576,-0.8846202186908425,-1.0005227869638782,190,0.1343135301445871,0,0,1,0,0,0,0,0,0,0,0,0,0,0,0,0,0,1,0,0,0,1,0
-0.5328695887743576,-0.8846202186908425,-0.6913268603374345,210,-0.6990049600893694,0,0,1,0,0,0,0,0,0,0,0,0,0,0,0,0,0,1,0,0,0,0,1
0.32511888815735074,0.28753188012724307,-0.4594299153676021,225,-0.6990049600893694,0,0,1,0,0,0,0,0,0,0,0,0,0,0,0,0,0,1,0,0,1,0,0
0.32511888815735074,0.28753188012724307,0.043013465400368656,254,-0.6990049600893694,1,0,1,0,0,0,0,0,0,0,0,0,0,0,0,0,0,1,0,0,0,0,1
-0.5328695887743576,-0.8846202186908425,-1.1551207502770997,180,-0.6990049600893694,0,0,1,0,0,0,0,0,0,0,0,0,0,0,0,0,0,1,0,0,0,1,0
0.32511888815735074,0.28753188012724307,-0.4980794061959074,223,-0.6990049600893694,0,0,1,0,0,0,0,0,0,0,0,0,0,0,0,0,0,1,0,0,0,0,0
-0.844865398567706,-0.8846202186908425,-2.2373064934696516,114,-0.6990049600893694,0,0,1,0,0,0,0,0,0,0,0,0,0,0,0,0,0,1,0,0,0,1,0
-1.2348601608093916,-0.8846202186908425,-1.541615658560154,158,0.1343135301445871,0,0,0,0,0,0,0,0,0,0,0,0,0,0,0,0,0,1,0,0,0,1,0
-1.2348601608093916,-0.8846202186908425,-1.541615658560154,159,-0.6990049600893694,0,0,0,0,0,0,0,0,0,0,0,0,0,0,0,0,0,1,0,0,0,0,1
-0.844865398567706,-0.8846202186908425,-1.464316676903543,163,-0.6990049600893694,0,0,0,0,0,0,0,0,0,0,0,0,0,0,0,0,0,1,0,0,0,1,0
-0.844865398567706,-0.8846202186908425,-1.3097187135903212,173,-0.6990049600893694,0,0,0,0,0,0,0,0,0,0,0,0,0,0,0,0,0,1,0,0,0,0,1
-1.2348601608093916,-0.8846202186908425,-1.6189146402167647,153,-0.6990049600893694,0,0,1,0,0,0,0,0,0,0,0,0,0,0,0,0,0,1,0,0,0,1,0
-0.844865398567706,-0.8846202186908425,-1.464316676903543,163,-0.6990049600893694,0,0,1,0,0,0,0,0,0,0,0,0,0,0,0,0,0,1,0,0,0,1,0
-0.844865398567706,-0.8846202186908425,-1.3097187135903212,172,-0.6990049600893694,0,0,1,0,0,0,0,0,0,0,0,0,0,0,0,0,0,1,0,0,0,0,1
-1.2348601608093916,-0.8846202186908425,-1.5029661677318482,162,-0.6990049600893694,0,1,0,0,0,0,0,0,0,0,0,0,0,0,0,0,0,1,0,0,0,1,0
-1.2348601608093916,-0.8846202186908425,-1.3483682044186267,170,0.1343135301445871,0,1,0,0,0,0,0,0,0,0,0,0,0,0,0,0,0,1,0,0,0,1,0
-1.2348601608093916,-0.8846202186908425,-1.3483682044186267,170,0.1343135301445871,0,1,0,0,0,0,0,0,0,0,0,0,0,0,0,0,0,0,1,0,0,1,0
-1.2348601608093916,-0.8846202186908425,-1.387017695246932,167,-0.6990049600893694,0,1,0,0,0,0,0,0,0,0,0,0,0,0,0,0,0,1,0,0,0,0,1
-1.2348601608093916,-0.8846202186908425,-1.387017695246932,167,-0.6990049600893694,0,1,0,0,0,0,0,0,0,0,0,0,0,0,0,0,0,0,1,0,0,0,1
-1.2348601608093916,-0.8846202186908425,-1.1551207502770997,181,-0.6990049600893694,0,0,0,0,0,0,0,0,0,0,0,1,0,0,0,0,0,1,0,0,0,1,0
-1.2348601608093916,-0.8846202186908425,-1.0778217686204887,188,-0.6990049600893694,0,0,0,0,0,0,0,0,0,0,0,1,0,0,0,0,0,1,0,0,0,1,0
-1.2348601608093916,-0.8846202186908425,-1.6575641310450702,154,-0.6990049600893694,0,0,0,0,0,0,0,0,0,1,0,0,0,0,0,0,0,1,0,0,0,1,0
-1.2348601608093916,-0.8846202186908425,-1.464316676903543,164,0.1343135301445871,0,0,0,0,0,0,0,0,0,1,0,0,0,0,0,0,0,1,0,0,0,1,0
-1.2348601608093916,-0.8846202186908425,-1.3097187135903212,174,-0.6990049600893694,0,0,0,0,0,0,0,0,0,1,0,0,0,0,0,0,0,1,0,0,0,0,1
-1.0008633034643803,-0.8846202186908425,-1.193770241105405,180,-0.6990049600893694,0,0,0,0,0,0,0,0,0,1,0,0,0,0,0,0,0,1,0,0,0,1,0
-1.0008633034643803,-0.8846202186908425,-1.193770241105405,180,0.1343135301445871,0,0,0,0,0,0,0,0,0,1,0,0,0,0,0,0,0,1,0,0,0,1,0
-1.0008633034643803,-0.8846202186908425,-0.9232238053072669,195,-0.6990049600893694,0,0,0,0,0,0,0,0,0,1,0,0,0,0,0,0,0,1,0,0,0,0,1
-1.0008633034643803,-0.8846202186908425,-1.0005227869638782,194,-0.6990049600893694,0,0,0,0,0,0,0,0,0,1,0,0,0,0,0,0,0,1,0,0,0,1,0
-1.0008633034643803,-0.8846202186908425,-1.0005227869638782,194,0.1343135301445871,0,0,0,0,0,0,0,0,0,1,0,0,0,0,0,0,0,1,0,0,0,1,0
0.32511888815735074,0.28753188012724307,-0.0342855162562426,251,-0.6990049600893694,1,0,0,0,1,0,0,0,0,0,0,0,0,0,0,0,0,1,0,0,0,0,0
0.32511888815735074,0.28753188012724307,0.004363974572063373,254,-0.6990049600893694,1,0,0,0,0,0,0,0,0,0,0,1,0,0,0,0,0,1,0,0,0,0,0
0.32511888815735074,0.28753188012724307,0.1976114287135905,266,-0.6990049600893694,1,0,0,0,0,0,0,0,0,0,0,1,0,0,0,0,0,1,0,0,0,0,0
0.32511888815735074,0.28753188012724307,0.08166295622867395,256,1.8009505106125,1,0,0,0,0,0,0,0,0,0,0,1,0,0,0,0,0,1,0,0,1,0,0
0.32511888815735074,0.28753188012724307,0.1976114287135905,264,-0.6990049600893694,1,0,0,0,0,0,1,0,0,0,0,0,0,0,0,0,0,1,0,0,0,0,0
-1.1568612083610545,-0.8846202186908425,-1.116471259448794,182,-0.6990049600893694,0,0,0,0,0,0,0,0,0,0,0,0,0,0,0,0,0,1,0,0,1,0,0
-1.1568612083610545,-0.8846202186908425,-1.1551207502770997,184,-0.6990049600893694,0,0,0,0,0,0,0,0,0,0,0,0,0,0,0,0,0,1,0,0,0,0,1
-0.844865398567706,-0.8846202186908425,-1.3097187135903212,174,-0.6990049600893694,0,0,1,0,0,0,0,0,0,0,0,0,0,0,0,0,0,1,0,0,1,0,0
-0.844865398567706,-0.8846202186908425,-1.0778217686204887,187,-0.6990049600893694,0,0,1,0,0,0,0,0,0,0,0,0,0,0,0,0,0,1,0,0,0,0,1
-0.844865398567706,-0.8846202186908425,-0.8072753328223511,206,-0.6990049600893694,0,0,1,0,0,0,0,0,0,0,0,0,0,0,0,0,0,1,0,0,1,0,0
-0.844865398567706,-0.8846202186908425,-0.8072753328223511,204,-0.6990049600893694,0,0,1,0,0,0,0,0,0,0,0,0,0,0,0,0,0,1,0,0,0,0,1
-1.1568612083610545,-0.8846202186908425,-2.4692034384394836,103,-0.6990049600893694,0,1,0,0,0,0,0,0,0,0,0,0,0,0,0,0,0,1,0,1,0,0,0
-1.1568612083610545,-0.8846202186908425,-2.5851519109244006,96,-0.6990049600893694,0,1,0,0,0,0,0,0,0,0,0,0,0,0,0,0,0,1,0,1,0,0,0
-0.5328695887743576,-0.8846202186908425,-0.3048319520543803,235,-0.6990049600893694,0,0,0,0,0,0,0,0,0,0,0,1,0,0,0,0,0,1,0,0,1,0,0
-0.844865398567706,-0.8846202186908425,0.1589619378852845,264,-0.6990049600893694,1,0,0,0,0,0,0,0,0,0,0,1,0,0,0,0,0,1,0,0,1,0,0
-0.5328695887743576,-0.8846202186908425,-0.0342855162562426,253,-0.6990049600893694,1,0,0,0,0,0,0,0,0,0,0,1,0,0,0,0,0,1,0,0,1,0,0
-0.844865398567706,-0.8846202186908425,-0.614027878680824,216,-0.6990049600893694,0,1,0,0,0,0,0,0,0,0,0,0,0,0,0,0,0,1,0,0,1,0,0
-0.5328695887743576,-0.8846202186908425,-1.0005227869638782,194,-0.6990049600893694,0,1,0,0,0,0,0,0,0,0,0,0,0,0,0,0,0,1,0,0,1,0,0
-0.5328695887743576,-0.8846202186908425,-0.8072753328223511,207,-0.6990049600893694,0,1,0,0,0,0,0,0,0,0,0,0,0,0,0,0,0,1,0,0,1,0,0
-0.844865398567706,-0.8846202186908425,-1.8508115851865972,143,-0.6990049600893694,0,0,1,0,0,0,0,0,0,0,0,0,0,0,0,0,0,1,0,0,1,0,0
-0.844865398567706,-0.8846202186908425,-1.9667600576715134,137,-0.6990049600893694,0,0,1,0,0,0,0,0,0,0,0,0,0,0,0,0,0,1,0,0,1,0,0
-1.1568612083610545,-0.8846202186908425,-0.5753783878525179,221,0.1343135301445871,0,0,0,0,0,0,0,0,0,0,0,1,0,0,0,0,0,1,0,1,0,0,0
-0.844865398567706,-0.8846202186908425,-0.6913268603374345,213,-0.6990049600893694,0,0,0,0,0,0,0,0,0,0,0,1,0,0,0,0,0,1,0,0,1,0,0
-0.844865398567706,-0.8846202186908425,-0.2275329703977697,241,-0.6990049600893694,0,0,0,0,0,0,0,0,0,0,0,1,0,0,0,0,0,1,0,0,1,0,0
-1.1568612083610545,-0.8846202186908425,-1.2324197319337105,180,-0.6990049600893694,0,0,0,0,0,0,0,0,0,0,0,0,0,0,0,0,0,1,0,1,0,0,0
-1.1568612083610545,-0.8846202186908425,-1.0778217686204887,188,-0.6990049600893694,0,0,0,0,0,0,0,0,0,0,0,0,0,0,0,0,0,1,0,0,0,0,1
-1.1568612083610545,-0.8846202186908425,-1.0005227869638782,193,-0.6990049600893694,0,0,0,0,0,0,0,0,0,0,0,0,0,0,0,0,0,1,0,0,1,0,0
-1.1568612083610545,-0.8846202186908425,-0.9232238053072669,200,-0.6990049600893694,0,0,0,0,0,0,0,0,0,0,0,0,0,0,0,0,0,1,0,0,0,0,1
-0.844865398567706,-0.8846202186908425,-0.4594299153676021,226,0.1343135301445871,0,0,1,0,0,0,0,0,0,0,0,0,0,0,0,0,0,0,1,0,1,0,0
-0.06487587408433486,0.28753188012724307,0.043013465400368656,256,0.1343135301445871,1,0,1,0,0,0,0,0,0,0,0,0,0,0,0,0,0,0,1,0,1,0,0
-0.06487587408433486,0.28753188012724307,0.043013465400368656,257,0.1343135301445871,1,0,1,0,0,0,0,0,0,0,0,0,0,0,0,0,0,0,1,0,1,0,0
0.32511888815735074,0.28753188012724307,-0.8845743144789616,200,0.1343135301445871,0,0,0,0,0,0,0,0,0,0,0,0,0,0,0,0,0,0,1,0,1,0,0
-0.844865398567706,-0.8846202186908425,-0.3048319520543803,233,0.1343135301445871,0,0,0,0,0,0,0,0,0,0,1,0,0,0,0,0,0,0,1,0,1,0,0
-0.06487587408433486,0.28753188012724307,0.004363974572063373,253,0.1343135301445871,1,0,0,0,0,0,0,0,0,0,1,0,0,0,0,0,0,0,1,0,1,0,0
-0.06487587408433486,0.28753188012724307,0.08166295622867395,259,0.1343135301445871,1,0,0,0,0,0,0,0,0,0,1,0,0,0,0,0,0,0,1,0,1,0,0
0.4811167930540251,0.28753188012724307,0.3522093920268116,274,0.1343135301445871,1,0,1,0,0,0,0,0,0,0,0,0,0,0,0,0,0,0,1,0,1,0,0
0.32511888815735074,0.28753188012724307,-1.1551207502770997,184,0.1343135301445871,0,0,1,0,0,0,0,0,0,0,0,0,0,0,0,0,0,0,1,0,1,0,0
-0.844865398567706,-0.8846202186908425,-0.8845743144789616,200,0.1343135301445871,0,0,0,0,0,0,0,0,0,0,0,0,0,0,0,0,0,0,1,1,0,0,0
-0.844865398567706,-0.8846202186908425,-0.5367288970242127,221,0.1343135301445871,0,0,0,0,0,0,0,0,0,0,0,0,0,0,0,0,0,0,1,1,0,0,0
0.4811167930540251,0.28753188012724307,0.4295083736834229,280,0.1343135301445871,1,0,0,0,0,0,0,0,0,1,0,0,0,0,0,0,0,0,1,0,1,0,0
0.32511888815735074,0.28753188012724307,-0.11158449791285317,246,0.1343135301445871,1,0,0,0,0,0,0,0,0,0,0,1,0,0,0,0,0,0,1,0,0,1,0
0.32511888815735074,0.28753188012724307,0.043013465400368656,257,0.1343135301445871,1,0,0,0,0,0,0,0,0,0,0,1,0,0,0,0,0,0,1,0,0,1,0
-0.4548706363260205,-0.8846202186908425,-0.6526773695091292,214,0.1343135301445871,0,0,0,0,0,0,0,0,0,0,0,0,1,0,0,0,0,1,0,0,0,1,0
0.4811167930540251,0.28753188012724307,0.7773537911381718,301,0.1343135301445871,1,0,0,0,0,0,0,0,0,0,0,1,0,0,0,0,0,0,1,0,1,0,0
1.9630968895724301,1.4596839789453286,1.666292080189196,355,0.1343135301445871,1,0,0,0,0,0,0,0,0,0,0,0,1,0,0,0,0,0,1,0,1,0,0
-0.06487587408433486,0.28753188012724307,0.3908588828551176,277,0.9676320203785437,1,0,0,0,0,0,0,0,0,0,0,1,0,0,0,0,0,0,1,0,1,0,0
-0.06487587408433486,0.28753188012724307,-0.15023398874115845,242,0.9676320203785437,0,0,0,0,0,0,0,0,0,0,0,0,0,1,0,0,0,0,1,0,1,0,0
-0.06487587408433486,0.28753188012724307,-0.15023398874115845,242,0.9676320203785437,0,0,0,0,0,0,0,0,0,0,0,0,0,1,0,0,0,0,1,0,1,0,0
1.4951031748824075,1.4596839789453286,0.9706012452796989,311,0.9676320203785437,1,0,0,0,0,0,0,0,0,0,0,0,0,1,0,0,0,0,1,0,1,0,0
1.4951031748824075,1.4596839789453286,0.9706012452796989,311,-0.6990049600893694,1,0,0,0,0,0,0,0,0,0,0,0,0,1,0,0,0,0,1,0,1,0,0
-0.06487587408433486,0.28753188012724307,0.004363974572063373,253,0.9676320203785437,1,0,0,0,0,0,0,0,0,0,0,0,0,1,0,0,0,0,1,0,1,0,0
-0.06487587408433486,0.28753188012724307,0.8160032819664771,302,-0.6990049600893694,1,0,0,0,0,0,0,0,0,0,0,0,0,1,0,0,0,0,1,0,0,0,1
-0.06487587408433486,0.28753188012724307,0.1976114287135905,265,0.9676320203785437,1,0,0,0,0,0,0,0,0,0,0,0,0,1,0,0,0,0,1,0,1,0,0
-0.06487587408433486,0.28753188012724307,0.004363974572063373,253,0.9676320203785437,1,0,0,0,0,0,0,0,0,0,0,0,0,1,0,0,0,0,1,0,1,0,0
-0.06487587408433486,0.28753188012724307,0.8160032819664771,302,-0.6990049600893694,1,0,0,0,0,0,0,0,0,0,0,0,0,1,0,0,0,0,1,0,0,0,1
-0.06487587408433486,0.28753188012724307,0.1976114287135905,265,0.9676320203785437,1,0,0,0,0,0,0,0,0,0,0,0,0,1,0,0,0,0,1,0,1,0,0
-0.844865398567706,-0.8846202186908425,-1.5029661677318482,186,0.9676320203785437,0,0,0,0,0,0,0,0,0,0,0,0,0,0,0,0,0,0,0,0,1,0,0
-0.06487587408433486,0.28753188012724307,-0.2275329703977697,238,0.9676320203785437,0,0,0,0,0,0,0,0,0,0,0,0,0,0,0,0,0,0,1,0,1,0,0
-0.844865398567706,-0.8846202186908425,-1.5029661677318482,186,0.9676320203785437,0,0,1,0,0,0,0,0,0,0,0,0,0,0,0,0,0,0,0,0,1,0,0
-0.06487587408433486,0.28753188012724307,-0.15023398874115845,243,0.9676320203785437,0,0,1,0,0,0,0,0,0,0,0,0,0,0,0,0,0,0,1,0,1,0,0
-0.06487587408433486,0.28753188012724307,0.3908588828551176,276,0.9676320203785437,1,1,0,0,0,0,0,0,0,0,0,0,0,0,0,0,0,0,1,0,1,0,0
-0.06487587408433486,0.28753188012724307,0.4295083736834229,280,0.9676320203785437,1,1,0,0,0,0,0,0,0,0,0,0,0,0,0,0,0,0,1,0,1,0,0
1.4951031748824075,1.4596839789453286,0.9706012452796989,313,0.9676320203785437,1,1,0,0,0,0,0,0,0,0,0,0,0,0,0,0,0,0,1,0,1,0,0
1.4951031748824075,1.4596839789453286,0.9706012452796989,313,0.9676320203785437,1,1,0,0,0,0,0,0,0,0,0,0,0,0,0,0,0,0,1,0,1,0,0
-0.5328695887743576,-0.8846202186908425,-0.4594299153676021,225,1.8009505106125,0,0,0,0,0,0,0,0,0,0,0,1,0,0,0,0,0,1,0,0,0,0,0
0.09112203081233952,0.28753188012724307,-0.3048319520543803,234,1.8009505106125,0,0,0,0,0,0,0,0,0,0,0,1,0,0,0,0,0,1,0,0,0,0,0
-0.5328695887743576,-0.8846202186908425,-0.3048319520543803,235,1.8009505106125,0,0,0,0,0,0,0,0,0,0,0,1,0,0,0,0,0,1,0,0,0,0,0
0.09112203081233952,0.28753188012724307,-0.18888347956946375,241,1.8009505106125,0,0,0,0,0,0,0,0,0,0,0,1,0,0,0,0,0,1,0,0,0,0,0
-0.5328695887743576,-0.8846202186908425,-0.2275329703977697,240,1.8009505106125,0,0,0,0,0,0,0,0,0,0,0,1,0,0,0,0,0,1,0,0,0,0,0
0.09112203081233952,0.28753188012724307,0.12031244705697923,259,1.8009505106125,1,0,0,0,0,0,0,0,0,0,0,1,0,0,0,0,0,1,0,0,0,0,0
-0.5328695887743576,-0.8846202186908425,0.043013465400368656,256,1.8009505106125,1,0,0,0,0,0,0,0,0,0,0,1,0,0,0,0,0,1,0,0,0,0,0
0.09112203081233952,0.28753188012724307,0.31355990119850635,269,1.8009505106125,1,0,0,0,0,0,0,0,0,0,0,1,0,0,0,0,0,1,0,0,0,0,0
-0.844865398567706,-0.8846202186908425,-0.3048319520543803,235,-0.6990049600893694,0,0,0,0,0,0,0,0,0,0,0,1,0,0,0,0,0,1,0,0,0,1,0
-0.844865398567706,-0.8846202186908425,-0.5753783878525179,216,-1.532323450323326,0,0,0,0,0,0,0,0,0,0,0,1,0,0,0,0,0,1,0,0,0,0,1
-0.5328695887743576,-0.8846202186908425,-0.266182461226075,238,-0.6990049600893694,0,0,0,0,0,0,0,0,0,0,0,1,0,0,0,0,0,1,0,0,0,0,0
-0.5328695887743576,-0.8846202186908425,-0.5753783878525179,219,-1.532323450323326,0,0,0,0,0,0,0,0,0,0,0,1,0,0,0,0,0,1,0,0,0,0,1
-0.5328695887743576,-0.8846202186908425,-0.07293500708454788,249,-0.6990049600893694,1,0,0,0,0,0,0,0,0,0,0,1,0,0,0,0,0,1,0,0,0,0,0
-0.5328695887743576,-0.8846202186908425,0.12031244705697923,259,-0.6990049600893694,1,0,0,0,0,0,0,0,0,0,0,1,0,0,0,0,0,1,0,0,0,1,0
-0.5328695887743576,-0.8846202186908425,-0.3821309337109908,230,-1.532323450323326,0,0,0,0,0,0,0,0,0,0,0,1,0,0,0,0,0,1,0,0,0,0,1
0.40311784060568795,0.28753188012724307,0.1976114287135905,265,0.9676320203785437,1,0,0,0,0,0,0,0,0,0,0,0,1,0,0,0,0,1,0,0,0,0,0
2.0410958420207677,1.4596839789453286,1.2411476810778366,328,0.9676320203785437,1,0,0,0,0,0,0,0,0,0,0,0,1,0,0,0,0,1,0,0,0,0,0
2.5870885091591274,1.4596839789453286,1.8981890251590285,368,0.9676320203785437,1,0,0,0,0,0,0,0,0,0,0,0,1,0,0,0,0,0,1,0,0,0,0
-0.5328695887743576,-0.8846202186908425,-0.5753783878525179,218,-0.6990049600893694,0,0,0,0,0,0,0,0,0,0,0,1,0,0,0,0,0,1,0,0,0,0,0
-0.5328695887743576,-0.8846202186908425,-0.6913268603374345,211,-0.6990049600893694,0,0,0,0,0,0,0,0,0,0,0,1,0,0,0,0,0,1,0,0,0,0,1
-0.5328695887743576,-0.8846202186908425,-0.4980794061959074,222,1.8009505106125,0,0,0,0,0,0,0,0,0,0,0,1,0,0,0,0,0,1,0,0,0,0,0
-0.5328695887743576,-0.8846202186908425,-0.5367288970242127,221,-0.6990049600893694,0,0,0,0,0,0,0,0,0,0,0,1,0,0,0,0,0,1,0,0,0,0,1
-0.844865398567706,-0.8846202186908425,-0.3048319520543803,235,-0.6990049600893694,0,0,0,0,0,0,0,0,0,0,0,1,0,0,0,0,0,1,0,0,0,1,0
-0.844865398567706,-0.8846202186908425,-0.5753783878525179,216,-1.532323450323326,0,0,0,0,0,0,0,0,0,0,0,1,0,0,0,0,0,1,0,0,0,0,1
-0.5328695887743576,-0.8846202186908425,-0.266182461226075,238,-0.6990049600893694,0,0,0,0,0,0,0,0,0,0,0,1,0,0,0,0,0,1,0,0,0,0,0
-0.5328695887743576,-0.8846202186908425,-0.5753783878525179,219,-1.532323450323326,0,0,0,0,0,0,0,0,0,0,0,1,0,0,0,0,0,1,0,0,0,0,1
-0.5328695887743576,-0.8846202186908425,-0.07293500708454788,249,-0.6990049600893694,1,0,0,0,0,0,0,0,0,0,0,1,0,0,0,0,0,1,0,0,0,0,0
-0.5328695887743576,-0.8846202186908425,0.12031244705697923,259,-0.6990049600893694,1,0,0,0,0,0,0,0,0,0,0,1,0,0,0,0,0,1,0,0,0,1,0
-0.5328695887743576,-0.8846202186908425,-0.3821309337109908,230,-1.532323450323326,0,0,0,0,0,0,0,0,0,0,0,1,0,0,0,0,0,1,0,0,0,0,1
-1.312859113257729,-0.8846202186908425,-0.7299763511657398,209,-0.6990049600893694,0,0,0,0,0,0,0,0,0,0,0,1,0,0,0,0,0,1,0,0,0,0,1
-0.5328695887743576,-0.8846202186908425,-0.4980794061959074,222,1.8009505106125,0,0,0,0,0,0,0,0,0,0,0,1,0,0,0,0,0,1,0,0,0,0,0
-0.5328695887743576,-0.8846202186908425,0.6614053186532552,206,1.8009505106125,0,0,0,0,0,0,0,0,0,0,0,1,0,0,0,0,1,0,0,0,0,0,0
-1.312859113257729,-0.8846202186908425,-0.7299763511657398,211,-0.6990049600893694,0,0,0,0,0,0,0,0,0,0,0,1,0,0,0,0,0,1,0,0,0,0,1
-0.5328695887743576,-0.8846202186908425,-0.3821309337109908,230,1.8009505106125,0,0,0,0,0,0,0,0,0,0,0,1,0,0,0,0,0,1,0,0,0,0,0
0.40311784060568795,0.28753188012724307,0.7773537911381718,298,-0.6990049600893694,1,0,0,0,0,0,0,0,0,0,0,1,0,0,0,0,0,1,0,0,0,0,1
0.40311784060568795,0.28753188012724307,1.0092507361080043,313,-1.532323450323326,1,0,0,0,0,0,0,0,0,0,0,1,0,0,0,0,0,1,0,0,0,0,0
0.40311784060568795,0.28753188012724307,0.9706012452796989,312,-0.6990049600893694,1,0,0,0,0,0,0,0,0,0,0,1,0,0,0,0,0,1,0,0,0,0,1
0.16912098326067637,0.28753188012724307,-0.2275329703977697,237,0.9676320203785437,0,1,0,0,0,0,0,0,0,0,0,0,0,0,0,0,0,1,0,0,1,0,0
-0.844865398567706,-0.8846202186908425,-1.387017695246932,170,-0.6990049600893694,0,0,1,0,0,0,0,0,0,0,0,0,0,0,0,0,0,1,0,0,1,0,0
-0.844865398567706,-0.8846202186908425,-0.9618732961355722,198,-0.6990049600893694,0,0,1,0,0,0,0,0,0,0,0,0,0,0,0,0,0,1,0,0,1,0,0
-0.844865398567706,-0.8846202186908425,-0.9618732961355722,195,-0.6990049600893694,0,0,1,0,0,0,0,0,0,0,0,0,0,0,0,0,0,1,0,0,0,0,1
-1.1568612083610545,-0.8846202186908425,-0.8072753328223511,207,0.1343135301445871,0,1,0,0,0,0,0,0,0,0,0,0,0,0,0,0,0,1,0,1,0,0,0
-0.844865398567706,-0.8846202186908425,-0.9618732961355722,197,-0.6990049600893694,0,1,0,0,0,0,0,0,0,0,0,0,0,0,0,0,0,1,0,0,1,0,0
-0.844865398567706,-0.8846202186908425,-0.8072753328223511,204,-0.6990049600893694,0,1,0,0,0,0,0,0,0,0,0,0,0,0,0,0,0,1,0,0,0,0,1
-1.1568612083610545,-0.8846202186908425,-0.8459248236506564,204,0.1343135301445871,0,0,0,0,0,0,0,0,0,0,0,0,0,0,0,0,0,1,0,1,0,0,0
-1.1568612083610545,-0.8846202186908425,-0.614027878680824,216,-0.6990049600893694,0,0,0,0,0,0,0,0,0,0,0,0,0,0,0,0,0,1,0,0,0,0,1
-0.844865398567706,-0.8846202186908425,-0.8459248236506564,203,-0.6990049600893694,0,0,0,0,0,0,0,0,0,0,0,0,0,0,0,0,0,1,0,0,1,0,0
-0.844865398567706,-0.8846202186908425,-0.768625841994045,209,-0.6990049600893694,0,0,0,0,0,0,0,0,0,0,0,0,0,0,0,0,0,1,0,0,0,0,1
0.559115745502362,0.28753188012724307,0.3908588828551176,279,0.9676320203785437,1,1,0,0,0,0,0,0,0,0,0,0,0,0,0,0,0,1,0,0,1,0,0
1.4951031748824075,1.4596839789453286,0.9706012452796989,317,0.9676320203785437,1,1,0,0,0,0,0,0,0,0,0,0,0,0,0,0,0,0,1,0,1,0,0
-1.1568612083610545,-0.8846202186908425,-2.314605475126262,114,-0.6990049600893694,0,0,0,0,0,0,0,0,0,1,0,0,0,0,0,0,0,1,0,1,0,0,0
-1.1568612083610545,-0.8846202186908425,-2.3532549659545676,110,-0.6990049600893694,0,0,0,0,0,0,0,0,0,1,0,0,0,0,0,0,0,1,0,1,0,0,0
-1.1568612083610545,-0.8846202186908425,-2.0827085301564296,129,-0.6990049600893694,0,0,0,0,0,0,0,0,0,1,0,0,0,0,0,0,0,1,0,1,0,0,0
-0.5328695887743576,-0.8846202186908425,-0.9232238053072669,198,-0.6990049600893694,0,1,0,0,0,0,0,0,0,0,0,0,0,0,0,0,0,1,0,0,1,0,0
-0.5328695887743576,-0.8846202186908425,-1.0778217686204887,190,-0.6990049600893694,0,1,0,0,0,0,0,0,0,0,0,0,0,0,0,0,0,1,0,0,1,0,0
-0.844865398567706,-0.8846202186908425,-0.5367288970242127,224,-0.6990049600893694,0,1,0,0,0,0,0,0,0,0,0,0,0,0,0,0,0,1,0,0,1,0,0
-0.844865398567706,-0.8846202186908425,-2.005409548499819,132,-0.6990049600893694,0,0,1,0,0,0,0,0,0,0,0,0,0,0,0,0,0,1,0,0,1,0,0
-1.1568612083610545,-0.8846202186908425,-1.1551207502770997,181,-0.6990049600893694,0,0,0,0,0,0,0,0,0,0,0,0,0,0,0,0,0,1,0,0,1,0,0
-1.1568612083610545,-0.8846202186908425,-1.1551207502770997,181,-0.6990049600893694,0,0,0,0,0,0,0,0,0,0,0,0,0,0,0,0,0,1,0,0,0,0,1
-0.844865398567706,-0.8846202186908425,-0.7299763511657398,210,-0.6990049600893694,0,0,0,0,0,0,0,0,1,0,0,0,0,0,0,0,0,1,0,0,1,0,0
0.16912098326067637,0.28753188012724307,0.6614053186532552,296,-0.6990049600893694,1,0,0,0,1,0,0,0,0,0,0,0,0,0,0,0,0,1,0,0,1,0,0
-0.5328695887743576,-0.8846202186908425,-0.34348144288268556,234,-0.6990049600893694,0,0,0,0,0,0,0,0,0,0,0,1,0,0,0,0,0,1,0,0,1,0,0
-0.844865398567706,-0.8846202186908425,0.08166295622867395,259,-0.6990049600893694,1,0,0,0,0,0,0,0,0,0,0,1,0,0,0,0,0,1,0,0,1,0,0
-0.5328695887743576,-0.8846202186908425,-0.11158449791285317,246,-0.6990049600893694,1,0,0,0,0,0,0,0,0,0,0,1,0,0,0,0,0,1,0,0,1,0,0
0.16912098326067637,0.28753188012724307,0.5454568461683388,289,-0.6990049600893694,1,0,0,0,0,0,0,0,0,0,0,1,0,0,0,0,0,1,0,0,1,0,0
0.16912098326067637,0.28753188012724307,0.23626091954189576,270,-0.6990049600893694,1,0,0,0,0,0,0,0,0,0,0,1,0,0,0,0,0,1,0,0,1,0,0
-1.1568612083610545,-0.8846202186908425,-0.8072753328223511,205,-0.6990049600893694,0,0,0,0,0,0,0,0,0,1,0,0,0,0,0,0,0,1,0,0,1,0,0
-1.1568612083610545,-0.8846202186908425,-0.768625841994045,208,-0.6990049600893694,0,0,0,0,0,0,0,0,0,1,0,0,0,0,0,0,0,1,0,0,0,0,1
-0.844865398567706,-0.8846202186908425,-0.8072753328223511,206,-0.6990049600893694,0,0,0,0,0,0,0,0,0,1,0,0,0,0,0,0,0,1,0,0,1,0,0
-1.1568612083610545,-0.8846202186908425,-0.8845743144789616,199,0.1343135301445871,0,0,0,0,0,0,0,0,0,1,0,0,0,0,0,0,0,1,0,1,0,0,0
-0.5328695887743576,-0.8846202186908425,-0.5753783878525179,220,-0.6990049600893694,0,0,0,0,0,0,0,0,0,0,0,1,0,0,0,0,0,1,0,0,1,0,0
-0.844865398567706,-0.8846202186908425,0.12031244705697923,263,-0.6990049600893694,1,0,0,0,0,0,0,0,0,0,0,1,0,0,0,0,0,1,0,0,1,0,0
-0.5328695887743576,-0.8846202186908425,-0.11158449791285317,247,-0.6990049600893694,1,0,0,0,0,0,0,0,0,0,0,1,0,0,0,0,0,1,0,0,1,0,0
-0.844865398567706,-0.8846202186908425,-0.0342855162562426,252,1.8009505106125,1,0,0,0,0,0,0,0,0,0,0,1,0,0,0,0,0,0,1,0,1,0,0
-0.844865398567706,-0.8846202186908425,-0.3821309337109908,231,1.8009505106125,0,0,0,0,0,0,0,0,0,0,0,1,0,0,0,0,0,0,1,0,1,0,0
-0.844865398567706,-0.8846202186908425,-0.15023398874115845,243,1.8009505106125,0,0,0,0,0,0,0,0,0,0,0,1,0,0,0,0,0,0,1,0,1,0,0
0.32511888815735074,0.28753188012724307,-0.4207804245392968,226,-0.6990049600893694,0,0,1,0,0,0,0,0,0,0,0,0,0,0,0,0,0,1,0,0,1,0,0
0.32511888815735074,0.28753188012724307,0.08166295622867395,257,-0.6990049600893694,1,0,1,0,0,0,0,0,0,0,0,0,0,0,0,0,0,0,1,0,1,0,0
0.32511888815735074,0.28753188012724307,-1.271069222762016,176,0.9676320203785437,0,0,1,0,0,0,0,0,0,0,0,0,0,0,0,0,0,0,1,0,0,1,0
1.183107365089059,1.4596839789453286,1.473044626047669,341,-0.6990049600893694,1,0,0,0,0,0,0,0,0,0,0,0,1,0,0,0,0,0,1,0,1,0,0
-0.844865398567706,-0.8846202186908425,-0.6526773695091292,214,0.9676320203785437,0,0,0,0,0,0,0,0,0,0,0,0,0,0,0,0,0,0,1,0,1,0,0
0.32511888815735074,0.28753188012724307,0.08166295622867395,258,-0.6990049600893694,1,0,0,0,0,0,0,0,0,0,0,0,0,0,0,0,0,0,1,0,1,0,0
0.32511888815735074,0.28753188012724307,0.08166295622867395,258,-0.6990049600893694,1,0,0,0,0,0,0,0,0,0,0,0,0,0,0,0,0,0,1,0,1,0,0
1.183107365089059,1.4596839789453286,0.8160032819664771,303,0.9676320203785437,1,0,1,0,0,0,0,0,0,0,0,0,0,0,0,0,0,0,1,0,1,0,0
1.183107365089059,1.4596839789453286,0.8160032819664771,303,0.9676320203785437,1,0,1,0,0,0,0,0,0,0,0,0,0,0,0,0,0,0,1,0,1,0,0
2.0410958420207677,1.4596839789453286,1.9368385159873345,372,0.9676320203785437,1,0,0,0,0,0,0,0,0,0,0,0,1,0,0,0,0,0,1,0,1,0,0
-0.844865398567706,-0.8846202186908425,-0.4207804245392968,226,-0.6990049600893694,0,0,0,0,0,0,0,0,0,0,0,1,0,0,0,0,0,0,1,0,1,0,0
-0.844865398567706,-0.8846202186908425,-0.34348144288268556,232,-0.6990049600893694,0,0,0,0,0,0,0,0,0,0,0,1,0,0,0,0,0,0,1,0,1,0,0
-0.4548706363260205,-0.8846202186908425,-1.271069222762016,176,-0.6990049600893694,0,0,0,0,0,0,0,0,0,0,0,1,0,0,0,0,0,1,0,0,0,1,0
0.32511888815735074,0.28753188012724307,0.08166295622867395,258,-0.6990049600893694,1,0,0,0,0,0,0,0,0,0,1,0,0,0,0,0,0,0,1,0,1,0,0
0.32511888815735074,0.28753188012724307,0.08166295622867395,258,-0.6990049600893694,1,0,0,0,0,0,0,0,0,0,1,0,0,0,0,0,0,0,1,0,1,0,0
0.32511888815735074,0.28753188012724307,0.004363974572063373,252,0.9676320203785437,1,0,0,0,0,0,0,0,0,0,0,1,0,0,0,0,0,1,0,0,1,0,0
0.32511888815735074,0.28753188012724307,-1.116471259448794,185,-0.6990049600893694,0,0,0,0,0,0,0,0,0,0,0,0,1,0,0,0,0,0,1,0,0,1,0
-0.2988727314293461,0.28753188012724307,0.4681578645117282,281,-0.6990049600893694,1,1,0,0,0,0,0,0,0,0,0,0,0,0,0,0,0,1,0,0,1,0,0
-0.06487587408433486,0.28753188012724307,0.5841063369966447,288,-0.6990049600893694,1,1,0,0,0,0,0,0,0,0,0,0,0,0,0,0,0,1,0,0,1,0,0
0.4811167930540251,0.28753188012724307,0.5454568461683388,287,-0.6990049600893694,1,1,0,0,0,0,0,0,0,0,0,0,0,0,0,0,0,1,0,0,1,0,0
-0.844865398567706,-0.8846202186908425,0.043013465400368656,256,-0.6990049600893694,1,0,0,0,0,0,0,0,0,0,0,1,0,0,0,0,0,1,0,0,1,0,0
-0.844865398567706,-0.8846202186908425,0.004363974572063373,254,-0.6990049600893694,1,0,0,0,0,0,0,0,0,0,0,1,0,0,0,0,0,1,0,0,1,0,0
-0.6108685412226948,-0.8846202186908425,0.23626091954189576,268,-0.6990049600893694,1,0,0,0,0,0,0,0,0,0,0,1,0,0,0,0,0,1,0,0,1,0,0
0.32511888815735074,0.28753188012724307,1.12519920859292,321,-0.6990049600893694,1,0,0,0,0,0,0,0,0,0,0,0,1,0,0,0,0,1,0,0,1,0,0
-0.2988727314293461,0.28753188012724307,0.5068073553400334,284,-0.6990049600893694,1,0,0,0,0,0,0,0,0,0,0,1,0,0,0,0,0,1,0,0,1,0,0
-0.844865398567706,-0.8846202186908425,-0.3821309337109908,230,-0.6990049600893694,0,0,1,0,0,0,0,0,0,0,0,0,0,0,0,0,0,1,0,0,1,0,0
-0.06487587408433486,0.28753188012724307,0.1589619378852845,264,-0.6990049600893694,1,0,1,0,0,0,0,0,0,0,0,0,0,0,0,0,0,1,0,0,1,0,0
-0.844865398567706,-0.8846202186908425,-0.2275329703977697,239,-0.6990049600893694,0,0,1,0,0,0,0,0,0,0,0,0,0,0,0,0,0,1,0,0,1,0,0
-0.06487587408433486,0.28753188012724307,0.3908588828551176,278,-0.6990049600893694,1,0,1,0,0,0,0,0,0,0,0,0,0,0,0,0,0,1,0,0,1,0,0
-0.844865398567706,-0.8846202186908425,-1.8894610760149024,139,-0.6990049600893694,0,0,1,0,0,0,0,0,0,0,0,0,0,0,0,0,0,1,0,0,0,1,0
0.32511888815735074,0.28753188012724307,1.318446662734447,333,-0.6990049600893694,1,0,0,0,0,0,0,0,0,0,0,0,1,0,0,0,0,1,0,0,1,0,0
0.32511888815735074,0.28753188012724307,1.4343951352193638,339,-0.6990049600893694,1,0,0,0,0,0,0,0,0,0,0,0,1,0,0,0,0,1,0,0,1,0,0
-0.06487587408433486,0.28753188012724307,0.62275582782495,286,0.9676320203785437,1,0,1,0,0,0,0,0,0,0,0,0,0,0,0,0,0,0,1,0,1,0,0
-0.06487587408433486,0.28753188012724307,0.62275582782495,293,0.9676320203785437,1,0,1,0,0,0,0,0,0,0,0,0,0,0,0,0,0,0,1,0,1,0,0
-0.06487587408433486,0.28753188012724307,0.7000548094815605,295,0.9676320203785437,1,0,1,0,0,0,0,0,0,0,0,0,0,0,0,0,0,0,1,0,1,0,0
1.2611063175373964,1.4596839789453286,1.666292080189196,355,-0.6990049600893694,1,0,0,0,0,0,0,0,0,0,1,0,0,0,0,0,0,0,1,0,1,0,0
1.2611063175373964,1.4596839789453286,1.7049415710175013,358,-0.6990049600893694,1,0,0,0,0,0,0,0,0,0,1,0,0,0,0,0,0,0,1,0,1,0,0
-0.06487587408433486,0.28753188012724307,1.5116941168759743,340,0.9676320203785437,1,0,0,0,0,0,0,0,0,0,0,0,1,0,0,0,0,0,1,0,1,0,0
-0.06487587408433486,0.28753188012724307,1.5116941168759743,346,0.9676320203785437,1,0,0,0,0,0,0,0,0,0,0,0,1,0,0,0,0,0,1,0,1,0,0
0.559115745502362,1.4596839789453286,1.163848699421226,321,0.9676320203785437,1,1,0,0,0,0,0,0,0,0,0,0,0,0,0,0,0,0,1,0,1,0,0
-0.06487587408433486,0.28753188012724307,0.8933022636230876,300,0.9676320203785437,1,1,0,0,0,0,0,0,0,0,0,0,0,0,0,0,0,0,1,0,1,0,0
-0.06487587408433486,0.28753188012724307,0.8933022636230876,301,0.9676320203785437,1,1,0,0,0,0,0,0,0,0,0,0,0,0,0,0,0,0,1,0,1,0,0
-0.844865398567706,-0.8846202186908425,-1.2324197319337105,179,-0.6990049600893694,0,0,0,0,0,0,0,0,0,0,0,0,0,0,0,0,0,1,0,0,1,0,0
-0.844865398567706,-0.8846202186908425,-1.0005227869638782,192,-0.6990049600893694,0,0,0,0,0,0,0,0,0,0,0,0,0,0,0,0,0,1,0,0,1,0,0
-0.844865398567706,-0.8846202186908425,-0.8845743144789616,199,-0.6990049600893694,0,0,0,0,0,0,0,0,0,0,0,1,0,0,0,0,0,1,0,0,0,0,1
-0.4548706363260205,-0.8846202186908425,-0.8459248236506564,204,-0.6990049600893694,0,0,0,0,0,0,0,0,0,0,0,1,0,0,0,0,0,1,0,0,1,0,0
-0.4548706363260205,-0.8846202186908425,-0.614027878680824,221,-0.6990049600893694,0,0,0,0,0,0,0,0,0,0,0,1,0,0,0,0,0,1,0,0,1,0,0
-0.4548706363260205,-0.8846202186908425,-0.4594299153676021,225,-0.6990049600893694,0,0,0,0,0,0,0,0,0,0,0,1,0,0,0,0,0,1,0,0,1,0,0
-0.4548706363260205,-0.8846202186908425,-0.15023398874115845,242,-0.6990049600893694,0,0,0,0,0,0,0,0,0,0,0,1,0,0,0,0,0,1,0,0,1,0,0
-0.844865398567706,-0.8846202186908425,-1.271069222762016,176,-0.6990049600893694,0,0,0,0,0,0,0,0,0,0,0,0,0,0,0,0,0,1,0,0,1,0,0
-0.844865398567706,-0.8846202186908425,-1.271069222762016,175,-0.6990049600893694,0,0,0,0,0,0,0,0,0,0,0,0,0,0,0,0,0,1,0,0,0,0,1
-0.844865398567706,-0.8846202186908425,-1.271069222762016,175,-0.6990049600893694,0,0,0,0,0,0,0,0,0,0,0,0,0,0,0,0,0,1,0,0,0,0,1
-0.4548706363260205,-0.8846202186908425,-1.1551207502770997,182,-0.6990049600893694,0,0,0,0,0,0,0,0,0,0,0,0,0,0,0,0,0,1,0,0,1,0,0
-0.4548706363260205,-0.8846202186908425,-1.2324197319337105,176,-0.6990049600893694,0,0,0,0,0,0,0,0,0,0,0,0,0,0,0,0,0,1,0,0,1,0,0
-0.4548706363260205,-0.8846202186908425,-1.0005227869638782,194,-0.6990049600893694,0,0,0,0,0,0,0,0,0,0,0,0,0,0,0,0,0,1,0,0,0,0,1
-0.844865398567706,-0.8846202186908425,-1.271069222762016,174,-0.6990049600893694,0,0,1,0,0,0,0,0,0,0,0,0,0,0,0,0,0,1,0,0,1,0,0
-0.844865398567706,-0.8846202186908425,-1.2324197319337105,178,-0.6990049600893694,0,0,1,0,0,0,0,0,0,0,0,0,0,0,0,0,0,1,0,0,0,0,1
-0.4548706363260205,-0.8846202186908425,-1.1551207502770997,183,-0.6990049600893694,0,0,1,0,0,0,0,0,0,0,0,0,0,0,0,0,0,1,0,0,1,0,0
-0.4548706363260205,-0.8846202186908425,-1.1551207502770997,181,-0.6990049600893694,0,0,1,0,0,0,0,0,0,0,0,0,0,0,0,0,0,1,0,0,1,0,0
-0.4548706363260205,-0.8846202186908425,-0.9232238053072669,198,-0.6990049600893694,0,0,1,0,0,0,0,0,0,0,0,0,0,0,0,0,0,1,0,0,0,0,1
-0.4548706363260205,-0.8846202186908425,-0.4594299153676021,226,-1.532323450323326,0,0,0,0,1,0,0,0,0,0,0,0,0,0,0,0,0,1,0,0,1,0,0
-0.4548706363260205,-0.8846202186908425,-0.3821309337109908,230,-0.6990049600893694,0,0,0,0,1,0,0,0,0,0,0,0,0,0,0,0,0,1,0,0,0,0,1
-0.4548706363260205,-0.8846202186908425,-1.0778217686204887,187,-0.6990049600893694,0,0,1,0,0,0,0,0,0,0,0,0,0,0,0,0,0,1,0,0,1,0,0
-0.4548706363260205,-0.8846202186908425,-1.116471259448794,186,-0.6990049600893694,0,0,1,0,0,0,0,0,0,0,0,0,0,0,0,0,0,1,0,0,1,0,0
-0.4548706363260205,-0.8846202186908425,-0.9232238053072669,196,-0.6990049600893694,0,0,1,0,0,0,0,0,0,0,0,0,0,0,0,0,0,1,0,0,0,0,1
-0.844865398567706,-0.8846202186908425,-1.0778217686204887,187,-0.6990049600893694,0,0,0,0,0,0,0,0,0,0,0,0,0,1,0,0,0,0,1,0,1,0,0
-0.844865398567706,-0.8846202186908425,-1.0391722777921835,190,-0.6990049600893694,0,0,0,0,0,0,0,0,0,0,0,0,0,1,0,0,0,0,1,0,0,0,1
0.7151136503990364,1.4596839789453286,0.3522093920268116,273,0.1343135301445871,1,0,0,0,0,0,0,0,0,0,0,0,0,0,0,0,0,0,1,0,1,0,0
0.7151136503990364,1.4596839789453286,0.5454568461683388,291,0.1343135301445871,1,0,0,0,0,0,0,0,0,0,1,0,0,0,0,0,0,0,1,0,1,0,0
0.7151136503990364,1.4596839789453286,0.5068073553400334,285,0.1343135301445871,1,0,0,0,0,0,0,0,0,0,1,0,0,0,0,0,0,0,1,0,1,0,0
0.7151136503990364,1.4596839789453286,0.3522093920268116,273,0.1343135301445871,1,0,0,0,0,0,0,0,0,0,0,0,0,0,0,0,0,0,1,0,1,0,0
0.7151136503990364,1.4596839789453286,0.5454568461683388,291,0.1343135301445871,1,0,0,0,0,0,0,0,0,0,1,0,0,0,0,0,0,0,1,0,1,0,0
0.7151136503990364,1.4596839789453286,0.5068073553400334,285,0.1343135301445871,1,0,0,0,0,0,0,0,0,0,1,0,0,0,0,0,0,0,1,0,1,0,0
-0.844865398567706,-0.8846202186908425,-0.5753783878525179,221,0.1343135301445871,0,0,0,0,0,0,0,0,0,0,0,0,0,0,0,0,0,0,1,0,1,0,0
-0.844865398567706,-0.8846202186908425,-0.3048319520543803,233,0.1343135301445871,0,0,0,0,0,0,0,0,0,0,0,1,0,0,0,0,0,0,1,0,1,0,0
-0.06487587408433486,0.28753188012724307,1.473044626047669,353,1.8009505106125,1,0,0,0,0,0,0,0,0,0,0,1,0,0,0,0,0,0,1,0,0,0,0
-0.06487587408433486,0.28753188012724307,0.4681578645117282,281,1.8009505106125,1,0,0,0,0,0,0,0,0,0,0,0,1,0,0,0,0,0,1,0,0,0,0
-0.06487587408433486,0.28753188012724307,0.4681578645117282,281,1.8009505106125,1,0,0,0,0,0,0,0,0,0,0,0,1,0,0,0,0,0,1,0,0,0,0
1.8850979371240932,1.4596839789453286,1.8595395343307233,363,0.1343135301445871,1,0,0,0,0,0,0,0,0,0,0,0,1,0,0,0,0,0,1,0,1,0,0
1.8850979371240932,1.4596839789453286,1.7049415710175013,363,0.1343135301445871,1,0,0,0,0,0,0,0,0,0,0,0,1,0,0,0,0,0,1,0,1,0,0
1.8850979371240932,1.4596839789453286,2.1300859701288615,369,0.1343135301445871,1,0,0,0,0,0,0,0,0,0,0,0,1,0,0,0,0,0,1,0,1,0,0
0.7151136503990364,1.4596839789453286,0.7773537911381718,303,0.1343135301445871,1,0,0,0,0,0,0,0,0,0,0,0,0,1,0,0,0,0,1,0,1,0,0
0.7151136503990364,1.4596839789453286,0.7773537911381718,303,0.1343135301445871,1,0,0,0,0,0,0,0,0,0,0,0,0,1,0,0,0,0,1,0,1,0,0
1.8850979371240932,1.4596839789453286,0.931951754451393,313,0.1343135301445871,1,1,0,0,0,0,0,0,0,0,0,0,0,0,0,0,0,0,1,0,1,0,0
1.8850979371240932,1.4596839789453286,1.163848699421226,322,0.1343135301445871,1,0,0,0,0,0,0,0,0,0,0,0,0,0,0,0,0,0,1,0,1,0,0
1.8850979371240932,1.4596839789453286,0.8546527727947824,305,0.1343135301445871,1,0,0,0,0,0,0,0,0,0,0,0,0,0,0,0,0,0,1,0,1,0,0
2.275092699365779,3.8039881765815,1.473044626047669,349,0.1343135301445871,1,1,0,0,0,0,0,0,0,0,0,0,0,0,0,0,0,0,1,0,1,0,0
2.275092699365779,3.8039881765815,1.3570961535627533,348,0.1343135301445871,1,0,0,0,0,0,0,0,0,0,0,0,0,0,0,0,0,0,1,0,1,0,0
2.275092699365779,3.8039881765815,1.820890043502418,365,0.1343135301445871,1,0,0,0,0,0,0,0,0,0,0,0,0,0,0,0,0,0,1,0,1,0,0
2.275092699365779,3.8039881765815,1.4343951352193638,340,0.1343135301445871,1,0,0,0,0,0,0,0,0,0,0,0,0,1,0,0,0,0,1,0,1,0,0
-0.06487587408433486,0.28753188012724307,-0.266182461226075,234,1.8009505106125,0,0,0,0,0,0,0,0,0,0,0,0,0,1,0,0,0,0,1,0,0,0,0
-0.844865398567706,-0.8846202186908425,-0.9618732961355722,179,0.1343135301445871,0,0,1,0,0,0,0,0,0,0,0,0,0,0,0,0,0,0,1,0,1,0,0
-0.844865398567706,-0.8846202186908425,-0.4980794061959074,222,1.8009505106125,0,0,0,0,0,0,0,0,0,0,1,0,0,0,0,0,0,0,1,0,0,0,0
-0.844865398567706,-0.8846202186908425,-0.5753783878525179,218,0.1343135301445871,0,0,0,0,0,0,0,0,0,0,1,0,0,0,0,0,0,0,1,0,1,0,0
-0.844865398567706,-0.8846202186908425,-1.0391722777921835,190,0.1343135301445871,0,0,0,0,0,0,0,0,0,0,0,0,0,0,0,0,0,0,1,0,1,0,0
1.2611063175373964,1.4596839789453286,0.3522093920268116,275,1.8009505106125,1,0,0,0,0,0,0,0,0,0,0,0,0,0,0,0,0,0,1,0,0,0,0
-0.844865398567706,-0.8846202186908425,-0.4980794061959074,246,1.8009505106125,1,0,1,0,0,0,0,0,0,0,0,0,0,0,0,0,0,0,1,0,0,0,0
-0.06487587408433486,0.28753188012724307,-0.15023398874115845,245,1.8009505106125,1,0,1,0,0,0,0,0,0,0,0,0,0,0,0,0,0,0,1,0,0,0,0
-0.06487587408433486,0.28753188012724307,0.08166295622867395,259,1.8009505106125,1,0,0,0,0,0,0,0,1,0,0,0,0,0,0,0,0,0,1,0,0,0,0
-0.06487587408433486,0.28753188012724307,-0.2275329703977697,239,0.1343135301445871,0,0,0,0,0,0,0,0,0,0,1,0,0,0,0,0,0,0,1,0,1,0,0
0.7151136503990364,1.4596839789453286,2.7484778233817475,401,0.1343135301445871,1,0,0,0,0,0,0,0,0,0,0,0,1,0,0,0,0,0,1,0,1,0,0
-0.844865398567706,-0.8846202186908425,-0.6526773695091292,212,0.1343135301445871,0,0,0,0,0,0,0,0,0,0,0,1,0,0,0,0,0,0,1,0,1,0,0
-0.844865398567706,-0.8846202186908425,0.4681578645117282,128,0.1343135301445871,0,0,0,0,0,0,0,0,0,0,0,1,0,0,0,0,1,0,0,0,1,0,0
-0.844865398567706,-0.8846202186908425,-0.3048319520543803,233,1.8009505106125,0,0,0,0,0,0,0,0,0,0,0,1,0,0,0,0,0,0,1,0,0,0,0
-0.06487587408433486,0.28753188012724307,0.3522093920268116,276,1.8009505106125,1,0,0,0,0,0,0,0,0,0,0,0,1,0,0,0,0,0,1,0,0,0,0
1.2611063175373964,1.4596839789453286,1.0479002269363096,318,1.8009505106125,1,0,0,0,0,0,0,0,0,0,0,0,1,0,0,0,0,0,1,0,0,0,0
-0.06487587408433486,0.28753188012724307,0.8546527727947824,306,1.8009505106125,1,0,0,0,0,0,0,0,0,0,0,0,1,0,0,0,0,0,1,0,0,0,0
1.2611063175373964,1.4596839789453286,1.6276425893608908,347,1.8009505106125,1,0,0,0,0,0,0,0,0,0,0,0,1,0,0,0,0,0,1,0,0,0,0
2.275092699365779,3.8039881765815,1.6276425893608908,359,0.1343135301445871,1,1,0,0,0,0,0,0,0,0,0,0,0,0,0,0,0,0,1,0,1,0,0
-0.844865398567706,-0.8846202186908425,-0.2275329703977697,240,0.1343135301445871,0,0,0,0,0,0,0,1,0,0,0,0,0,0,0,0,0,0,1,0,1,0,0
-0.844865398567706,-0.8846202186908425,-0.11158449791285317,248,0.1343135301445871,1,0,0,0,0,0,0,1,0,0,0,0,0,0,0,0,0,0,1,0,1,0,0
1.2611063175373964,1.4596839789453286,0.4681578645117282,280,1.8009505106125,1,0,1,0,0,0,0,0,0,0,0,0,0,0,0,0,0,0,1,0,0,0,0
1.2611063175373964,1.4596839789453286,0.4681578645117282,280,1.8009505106125,1,1,0,0,0,0,0,0,0,0,0,0,0,0,0,0,0,0,1,0,0,0,0
1.2611063175373964,1.4596839789453286,0.3908588828551176,276,1.8009505106125,1,0,0,0,0,0,0,0,0,0,0,0,0,0,0,0,0,0,1,0,0,0,0
1.2611063175373964,1.4596839789453286,0.4295083736834229,278,1.8009505106125,1,0,0,0,0,0,0,0,0,0,0,0,0,0,0,0,0,0,1,0,0,0,0
2.275092699365779,3.8039881765815,1.4343951352193638,350,0.1343135301445871,1,1,0,0,0,0,0,0,0,0,0,0,0,0,0,0,0,0,1,0,1,0,0
-0.06487587408433486,0.28753188012724307,-0.266182461226075,237,1.8009505106125,0,0,0,0,0,0,0,0,0,0,0,0,0,1,0,0,0,0,1,0,0,0,0
1.2611063175373964,1.4596839789453286,0.3522093920268116,275,1.8009505106125,1,0,0,0,0,0,0,0,0,0,0,0,0,1,0,0,0,0,1,0,0,0,0
-0.844865398567706,-0.8846202186908425,-0.8845743144789616,200,1.8009505106125,0,0,0,0,0,0,0,0,0,0,0,0,0,1,0,0,0,0,1,0,0,0,0
-1.2348601608093916,-1.4706962680998854,-1.116471259448794,184,-0.6990049600893694,0,0,0,0,0,0,0,0,0,0,1,0,0,0,0,0,0,0,1,0,1,0,0
-1.2348601608093916,-1.4706962680998854,-1.271069222762016,175,-0.6990049600893694,0,0,0,0,0,0,0,0,0,0,1,0,0,0,0,0,0,0,1,0,0,0,1
-1.2348601608093916,-1.4706962680998854,-1.116471259448794,184,-0.6990049600893694,0,0,0,0,0,0,0,0,0,0,1,0,0,0,0,0,0,0,1,0,1,0,0
-1.2348601608093916,-1.4706962680998854,-1.271069222762016,175,-0.6990049600893694,0,0,0,0,0,0,0,0,0,0,1,0,0,0,0,0,0,0,1,0,0,0,1
-1.2348601608093916,-1.4706962680998854,-0.9232238053072669,197,-0.6990049600893694,0,0,1,0,0,0,0,0,0,0,0,0,0,0,0,0,0,0,1,0,1,0,0
-1.2348601608093916,-1.4706962680998854,-0.9232238053072669,197,-0.6990049600893694,0,0,1,0,0,0,0,0,0,0,0,0,0,0,0,0,0,0,1,0,0,0,1
-1.2348601608093916,-1.4706962680998854,-0.6526773695091292,213,0.9676320203785437,0,0,1,0,0,0,0,0,0,0,0,0,0,0,0,0,0,0,1,0,1,0,0
-1.2348601608093916,-1.4706962680998854,-0.6526773695091292,214,-0.6990049600893694,0,0,1,0,0,0,0,0,0,0,0,0,0,0,0,0,0,0,1,0,0,0,1
-1.2348601608093916,-1.4706962680998854,-1.116471259448794,184,-0.6990049600893694,0,0,0,1,0,0,0,0,0,0,0,0,0,0,0,0,0,0,1,0,1,0,0
-1.2348601608093916,-1.4706962680998854,-1.271069222762016,175,-0.6990049600893694,0,0,0,1,0,0,0,0,0,0,0,0,0,0,0,0,0,0,1,0,0,0,1
-1.2348601608093916,-1.4706962680998854,-0.9232238053072669,197,-0.6990049600893694,0,0,1,0,0,0,0,0,0,0,0,0,0,0,0,0,0,0,1,0,1,0,0
-1.2348601608093916,-1.4706962680998854,-0.9232238053072669,197,-0.6990049600893694,0,0,1,0,0,0,0,0,0,0,0,0,0,0,0,0,0,0,1,0,0,0,1
-1.2348601608093916,-1.4706962680998854,-0.614027878680824,215,0.9676320203785437,0,0,1,0,0,0,0,0,0,0,0,0,0,0,0,0,0,0,1,0,1,0,0
-1.2348601608093916,-1.4706962680998854,-0.6526773695091292,214,-0.6990049600893694,0,0,1,0,0,0,0,0,0,0,0,0,0,0,0,0,0,0,1,0,0,0,1
-0.844865398567706,-0.8846202186908425,-0.9618732961355722,196,-0.6990049600893694,0,0,0,0,0,0,0,0,0,0,1,0,0,0,0,0,0,0,1,0,1,0,0
-0.844865398567706,-0.8846202186908425,-0.7299763511657398,210,-0.6990049600893694,0,0,0,0,0,0,0,0,0,0,1,0,0,0,0,0,0,0,1,0,0,0,1
-0.844865398567706,-0.8846202186908425,-0.9618732961355722,196,-0.6990049600893694,0,0,0,0,0,0,0,0,0,0,1,0,0,0,0,0,0,0,1,0,1,0,0
-0.844865398567706,-0.8846202186908425,-0.7299763511657398,210,-0.6990049600893694,0,0,0,0,0,0,0,0,0,0,1,0,0,0,0,0,0,0,1,0,0,0,1
-0.844865398567706,-0.8846202186908425,-0.8072753328223511,205,0.9676320203785437,0,0,1,0,0,0,0,0,0,0,0,0,0,0,0,0,0,0,1,0,1,0,0
-0.844865398567706,-0.8846202186908425,-0.5367288970242127,220,-0.6990049600893694,0,0,1,0,0,0,0,0,0,0,0,0,0,0,0,0,0,0,1,0,0,0,1
-0.844865398567706,-0.8846202186908425,-0.6913268603374345,210,0.9676320203785437,0,0,1,0,0,0,0,0,0,0,0,0,0,0,0,0,0,0,1,0,1,0,0
-0.844865398567706,-0.8846202186908425,-0.4207804245392968,227,-0.6990049600893694,0,0,1,0,0,0,0,0,0,0,0,0,0,0,0,0,0,0,1,0,0,0,1
-0.844865398567706,-0.8846202186908425,-0.9232238053072669,196,-0.6990049600893694,0,0,0,1,0,0,0,0,0,0,0,0,0,0,0,0,0,0,1,0,1,0,0
-0.844865398567706,-0.8846202186908425,-0.7299763511657398,210,-0.6990049600893694,0,0,0,1,0,0,0,0,0,0,0,0,0,0,0,0,0,0,1,0,0,0,1
-0.844865398567706,-0.8846202186908425,-0.6526773695091292,213,0.9676320203785437,0,0,1,0,0,0,0,0,0,0,0,0,0,0,0,0,0,0,1,0,1,0,0
-0.844865398567706,-0.8846202186908425,-0.4207804245392968,227,-0.6990049600893694,0,0,1,0,0,0,0,0,0,0,0,0,0,0,0,0,0,0,1,0,0,0,1
-0.844865398567706,-0.8846202186908425,-0.9618732961355722,196,-0.6990049600893694,0,0,0,0,0,0,0,0,0,0,1,0,0,0,0,0,0,0,1,0,1,0,0
-0.844865398567706,-0.8846202186908425,-0.7299763511657398,210,-0.6990049600893694,0,0,0,0,0,0,0,0,0,0,1,0,0,0,0,0,0,0,1,0,0,0,1
-0.844865398567706,-0.8846202186908425,-0.6913268603374345,210,0.9676320203785437,0,0,1,0,0,0,0,0,0,0,0,0,0,0,0,0,0,0,1,0,1,0,0
-0.844865398567706,-0.8846202186908425,-0.4207804245392968,227,-0.6990049600893694,0,0,1,0,0,0,0,0,0,0,0,0,0,0,0,0,0,0,1,0,0,0,1
-0.844865398567706,-0.8846202186908425,-0.9232238053072669,196,-0.6990049600893694,0,0,0,1,0,0,0,0,0,0,0,0,0,0,0,0,0,0,1,0,1,0,0
-0.844865398567706,-0.8846202186908425,-0.5367288970242127,220,-0.6990049600893694,0,0,0,1,0,0,0,0,0,0,0,0,0,0,0,0,0,0,1,0,0,0,1
-0.844865398567706,-0.8846202186908425,-1.116471259448794,183,-0.6990049600893694,0,0,0,0,0,0,0,0,0,0,0,0,0,0,0,0,0,1,0,0,0,1,0
-0.844865398567706,-0.8846202186908425,-0.8845743144789616,200,-1.532323450323326,0,0,0,0,0,0,0,0,0,0,0,0,0,0,0,0,0,1,0,0,0,0,1
-0.5328695887743576,-0.8846202186908425,-0.7299763511657398,206,-0.6990049600893694,0,0,0,0,0,0,0,0,0,0,0,0,0,0,0,0,0,1,0,0,0,1,0
-0.5328695887743576,-0.8846202186908425,-0.5753783878525179,218,-1.532323450323326,0,0,0,0,0,0,0,0,0,0,0,0,0,0,0,0,0,1,0,0,0,0,1
-0.5328695887743576,-0.8846202186908425,-0.614027878680824,212,-0.6990049600893694,0,0,0,0,0,0,0,0,0,0,0,0,0,0,0,0,0,1,0,0,0,1,0
-0.844865398567706,-0.8846202186908425,-0.9232238053072669,194,-0.6990049600893694,0,0,0,0,0,0,0,0,0,1,0,0,0,0,0,0,0,1,0,0,0,1,0
-0.844865398567706,-0.8846202186908425,-0.8072753328223511,205,-1.532323450323326,0,0,0,0,0,0,0,0,0,1,0,0,0,0,0,0,0,1,0,0,0,0,1
-1.4688570181544032,-1.4706962680998854,-1.8508115851865972,141,-0.6990049600893694,0,0,0,0,0,0,0,0,0,0,0,0,0,0,0,0,0,1,0,0,0,1,0
-1.4688570181544032,-1.4706962680998854,-1.6575641310450702,150,-1.532323450323326,0,0,0,0,0,0,0,0,0,0,0,0,0,0,0,0,0,1,0,0,0,0,1
-1.4688570181544032,-1.4706962680998854,-1.6962136218733754,149,-0.6990049600893694,0,0,0,0,0,0,0,0,0,0,0,0,0,0,0,0,0,1,0,0,0,1,0
-1.4688570181544032,-1.4706962680998854,-1.6189146402167647,155,-1.532323450323326,0,0,0,0,0,0,0,0,0,0,0,0,0,0,0,0,0,1,0,0,0,0,1
-0.5328695887743576,-0.8846202186908425,-0.9232238053072669,197,-0.6990049600893694,0,0,0,0,0,0,0,0,0,0,0,1,0,0,0,0,0,1,0,0,0,1,0
-0.5328695887743576,-0.8846202186908425,-0.6913268603374345,211,-0.6990049600893694,0,0,0,0,0,0,0,0,0,0,0,1,0,0,0,0,0,1,0,0,0,1,0
-0.06487587408433486,0.28753188012724307,-0.15023398874115845,242,-0.6990049600893694,0,0,0,0,0,0,0,0,0,0,0,1,0,0,0,0,0,0,1,0,1,0,0
-0.844865398567706,-0.8846202186908425,-0.768625841994045,204,-0.6990049600893694,0,0,0,0,0,0,0,0,0,0,0,1,0,0,0,0,0,1,0,0,0,1,0
-0.844865398567706,-0.8846202186908425,-0.5753783878525179,216,-1.532323450323326,0,0,0,0,0,0,0,0,0,0,0,1,0,0,0,0,0,1,0,0,0,0,1
-0.844865398567706,-0.8846202186908425,-0.614027878680824,213,-0.6990049600893694,0,0,0,0,0,0,0,0,0,0,0,1,0,0,0,0,0,1,0,0,0,1,0
0.4811167930540251,0.28753188012724307,0.12031244705697923,261,0.1343135301445871,1,0,0,0,0,0,0,0,0,0,0,0,0,1,0,0,0,0,1,0,1,0,0
0.4811167930540251,0.28753188012724307,0.27491041037020103,270,0.1343135301445871,1,0,0,0,0,0,0,0,0,0,0,0,0,1,0,0,0,0,1,0,1,0,0
-0.4548706363260205,-0.8846202186908425,-1.271069222762016,176,-0.6990049600893694,0,0,1,0,0,0,0,0,0,0,0,0,0,0,0,0,0,1,0,0,0,1,0
0.32511888815735074,0.28753188012724307,-0.6526773695091292,214,0.1343135301445871,0,0,1,0,0,0,0,0,0,0,0,0,0,0,0,0,0,1,0,0,0,1,0
-0.4548706363260205,-0.8846202186908425,-1.1551207502770997,183,0.1343135301445871,0,0,1,0,0,0,0,0,0,0,0,0,0,0,0,0,0,1,0,0,0,1,0
1.9630968895724301,1.4596839789453286,1.7822405526741127,362,0.1343135301445871,1,0,0,0,0,0,0,0,0,0,0,0,1,0,0,0,0,1,0,0,1,0,0
-0.4548706363260205,-0.8846202186908425,0.5454568461683388,286,-1.532323450323326,1,0,0,0,0,1,0,0,0,0,0,0,0,0,0,0,0,1,0,0,0,0,0
-0.4548706363260205,-0.8846202186908425,0.23626091954189576,268,-1.532323450323326,1,0,0,0,0,1,0,0,0,0,0,0,0,0,0,0,0,1,0,0,0,0,1
0.7151136503990364,0.28753188012724307,0.8160032819664771,304,-1.532323450323326,1,0,0,0,0,1,0,0,0,0,0,0,0,0,0,0,0,1,0,0,0,0,0
0.7151136503990364,0.28753188012724307,1.163848699421226,326,-1.532323450323326,1,0,0,0,0,1,0,0,0,0,0,0,0,0,0,0,0,1,0,0,0,0,0
0.7151136503990364,0.28753188012724307,1.0479002269363096,317,-0.6990049600893694,1,0,0,0,0,1,0,0,0,0,0,0,0,0,0,0,0,1,0,0,0,0,1
0.559115745502362,0.28753188012724307,0.7773537911381718,300,-0.6990049600893694,1,0,0,0,0,0,0,0,0,0,1,0,0,0,0,0,0,0,1,1,0,0,0
-1.1568612083610545,-0.8846202186908425,-1.0778217686204887,189,0.1343135301445871,0,0,0,0,0,0,0,0,0,1,0,0,0,0,0,0,0,0,1,0,0,1,0
-1.1568612083610545,-0.8846202186908425,-1.0778217686204887,188,-0.6990049600893694,0,0,0,0,0,0,0,0,0,1,0,0,0,0,0,0,0,0,1,0,0,0,1
-1.1568612083610545,-0.8846202186908425,-0.9232238053072669,199,0.1343135301445871,0,0,0,0,0,0,0,0,0,1,0,0,0,0,0,0,0,0,1,0,0,1,0
-1.1568612083610545,-0.8846202186908425,-0.9232238053072669,197,-0.6990049600893694,0,0,0,0,0,0,0,0,0,1,0,0,0,0,0,0,0,0,1,0,0,0,1
-1.1568612083610545,-0.8846202186908425,-0.7299763511657398,209,0.9676320203785437,0,0,0,0,0,0,0,0,0,1,0,0,0,0,0,0,0,0,1,0,0,1,0
0.32511888815735074,0.28753188012724307,-0.4594299153676021,225,0.1343135301445871,0,0,1,0,0,0,0,0,0,0,0,0,0,0,0,0,0,0,1,0,0,1,0
-1.1568612083610545,-0.8846202186908425,-1.116471259448794,186,-2.3656419405572824,0,0,0,0,0,0,0,0,0,0,0,0,0,0,0,0,0,1,0,0,0,0,0
-1.1568612083610545,-0.8846202186908425,-1.116471259448794,185,-1.532323450323326,0,0,0,0,0,0,0,0,0,0,0,0,0,0,0,0,0,1,0,0,0,0,1
0.32511888815735074,0.28753188012724307,-0.3821309337109908,230,0.1343135301445871,0,0,0,0,0,0,0,0,1,0,0,0,0,0,0,0,0,1,0,0,0,1,0
0.32511888815735074,0.28753188012724307,-0.34348144288268556,232,0.1343135301445871,0,0,0,0,0,0,0,0,1,0,0,0,0,0,0,0,0,1,0,0,0,1,0
-0.844865398567706,-0.8846202186908425,-0.5367288970242127,220,-0.6990049600893694,0,0,0,0,0,0,0,1,0,0,0,0,0,0,0,0,0,1,0,0,0,1,0
0.32511888815735074,0.28753188012724307,-0.2275329703977697,240,-0.6990049600893694,0,0,0,0,0,0,0,0,0,0,0,1,0,0,0,0,0,1,0,0,0,1,0
0.32511888815735074,0.28753188012724307,-0.0342855162562426,250,-0.6990049600893694,1,0,0,0,0,0,0,0,0,0,0,1,0,0,0,0,0,1,0,0,0,1,0
0.32511888815735074,0.28753188012724307,0.08166295622867395,258,-0.6990049600893694,1,0,0,0,0,0,0,0,0,0,0,1,0,0,0,0,0,1,0,0,0,1,0
-0.844865398567706,-0.8846202186908425,-1.0391722777921835,191,-0.6990049600893694,0,0,0,0,0,0,0,0,0,1,0,0,0,0,0,0,0,1,0,0,0,1,0
-0.844865398567706,-0.8846202186908425,-0.614027878680824,216,-0.6990049600893694,0,0,0,0,0,0,0,0,0,1,0,0,0,0,0,0,0,1,0,0,0,0,1
-0.844865398567706,-0.8846202186908425,-0.9232238053072669,197,-0.6990049600893694,0,0,0,0,0,0,0,0,0,1,0,0,0,0,0,0,0,1,0,0,0,1,0
-0.4548706363260205,-0.8846202186908425,-1.0005227869638782,192,-0.6990049600893694,0,0,0,0,0,0,0,0,0,0,0,1,0,0,0,0,0,1,0,0,0,1,0
-0.4548706363260205,-0.8846202186908425,-0.8459248236506564,203,-0.6990049600893694,0,0,0,0,0,0,0,0,0,0,0,1,0,0,0,0,0,1,0,0,0,1,0
-1.1568612083610545,-0.8846202186908425,-1.0005227869638782,193,0.1343135301445871,0,0,1,0,0,0,0,0,0,0,0,0,0,0,0,0,0,0,1,0,0,1,0
-1.1568612083610545,-0.8846202186908425,-0.9618732961355722,195,-0.6990049600893694,0,0,1,0,0,0,0,0,0,0,0,0,0,0,0,0,0,0,1,0,0,0,1
-1.0008633034643803,-0.8846202186908425,-1.3483682044186267,171,-0.6990049600893694,0,0,1,0,0,0,0,0,0,0,0,0,0,0,0,0,0,1,0,0,0,1,0
-1.0008633034643803,-0.8846202186908425,-1.0778217686204887,187,-0.6990049600893694,0,0,1,0,0,0,0,0,0,0,0,0,0,0,0,0,0,1,0,0,0,0,1
-1.1568612083610545,-0.8846202186908425,-0.8072753328223511,205,0.1343135301445871,0,0,1,0,0,0,0,0,0,0,0,0,0,0,0,0,0,0,1,0,0,1,0
-1.1568612083610545,-0.8846202186908425,-0.8072753328223511,204,-0.6990049600893694,0,0,1,0,0,0,0,0,0,0,0,0,0,0,0,0,0,0,1,0,0,0,1
1.9630968895724301,1.4596839789453286,0.9706012452796989,312,0.1343135301445871,1,0,0,0,0,0,1,0,0,0,0,0,0,0,0,0,0,1,0,0,1,0,0
1.9630968895724301,1.4596839789453286,1.0092507361080043,315,0.1343135301445871,1,0,0,0,0,0,1,0,0,0,0,0,0,0,0,0,0,1,0,0,1,0,0
1.9630968895724301,1.4596839789453286,1.318446662734447,333,0.1343135301445871,1,0,0,0,0,0,1,0,0,0,0,0,0,0,0,0,0,1,0,0,1,0,0
-1.1568612083610545,-0.8846202186908425,-1.464316676903543,164,-0.6990049600893694,0,0,1,0,0,0,0,0,0,0,0,0,0,0,0,0,0,1,0,0,0,1,0
-1.1568612083610545,-0.8846202186908425,-1.193770241105405,180,-1.532323450323326,0,0,1,0,0,0,0,0,0,0,0,0,0,0,0,0,0,1,0,0,0,0,1
-0.06487587408433486,0.28753188012724307,-0.5367288970242127,221,0.1343135301445871,0,0,0,1,0,0,0,0,0,0,0,0,0,0,0,0,0,0,1,1,0,0,0
-0.06487587408433486,0.28753188012724307,-0.266182461226075,237,0.1343135301445871,0,0,0,1,0,0,0,0,0,0,0,0,0,0,0,0,0,0,1,0,0,0,1
-0.06487587408433486,0.28753188012724307,-0.4207804245392968,227,0.1343135301445871,0,0,0,1,0,0,0,0,0,0,0,0,0,0,0,0,0,0,1,1,0,0,0
-0.06487587408433486,0.28753188012724307,-0.18888347956946375,241,0.1343135301445871,0,0,0,1,0,0,0,0,0,0,0,0,0,0,0,0,0,0,1,0,0,0,1
-0.06487587408433486,0.28753188012724307,-0.4207804245392968,226,0.1343135301445871,0,0,0,1,0,0,0,0,0,0,0,0,0,0,0,0,0,0,1,1,0,0,0
-0.06487587408433486,0.28753188012724307,-0.15023398874115845,242,0.1343135301445871,0,0,0,1,0,0,0,0,0,0,0,0,0,0,0,0,0,0,1,0,0,0,1
-0.06487587408433486,0.28753188012724307,-0.4207804245392968,228,0.1343135301445871,0,0,0,1,0,0,0,0,0,0,0,0,0,0,0,0,0,0,1,1,0,0,0
-0.06487587408433486,0.28753188012724307,-0.15023398874115845,243,0.1343135301445871,0,0,0,1,0,0,0,0,0,0,0,0,0,0,0,0,0,0,1,0,0,0,1
-0.06487587408433486,0.28753188012724307,-0.4594299153676021,225,0.1343135301445871,0,0,0,1,0,0,0,0,0,0,0,0,0,0,0,0,0,0,1,1,0,0,0
-0.06487587408433486,0.28753188012724307,-0.15023398874115845,242,0.1343135301445871,0,0,0,1,0,0,0,0,0,0,0,0,0,0,0,0,0,0,1,0,0,0,1
-0.06487587408433486,0.28753188012724307,-0.3821309337109908,230,0.1343135301445871,0,0,0,1,0,0,0,0,0,0,0,0,0,0,0,0,0,0,1,1,0,0,0
-0.06487587408433486,0.28753188012724307,-0.11158449791285317,246,0.1343135301445871,1,0,0,1,0,0,0,0,0,0,0,0,0,0,0,0,0,0,1,0,0,0,1
-0.06487587408433486,0.28753188012724307,-0.34348144288268556,232,0.1343135301445871,0,0,0,1,0,0,0,0,0,0,0,0,0,0,0,0,0,0,1,1,0,0,0
-0.06487587408433486,0.28753188012724307,-0.15023398874115845,243,0.1343135301445871,0,0,0,1,0,0,0,0,0,0,0,0,0,0,0,0,0,0,1,0,0,0,1
-0.06487587408433486,0.28753188012724307,-0.34348144288268556,231,0.1343135301445871,0,0,0,1,0,0,0,0,0,0,0,0,0,0,0,0,0,0,1,1,0,0,0
-0.06487587408433486,0.28753188012724307,-0.11158449791285317,246,0.1343135301445871,1,0,0,1,0,0,0,0,0,0,0,0,0,0,0,0,0,0,1,0,0,0,1
-0.06487587408433486,0.28753188012724307,-0.3821309337109908,228,0.1343135301445871,0,0,0,1,0,0,0,0,0,0,0,0,0,0,0,0,0,0,1,1,0,0,0
-0.06487587408433486,0.28753188012724307,-0.11158449791285317,246,0.1343135301445871,1,0,0,1,0,0,0,0,0,0,0,0,0,0,0,0,0,0,1,0,0,0,1
-0.06487587408433486,0.28753188012724307,-0.3048319520543803,233,0.1343135301445871,0,0,0,1,0,0,0,0,0,0,0,0,0,0,0,0,0,0,1,1,0,0,0
-0.06487587408433486,0.28753188012724307,-0.11158449791285317,246,0.1343135301445871,1,0,0,1,0,0,0,0,0,0,0,0,0,0,0,0,0,0,1,0,0,0,1
0.559115745502362,0.28753188012724307,0.23626091954189576,266,0.1343135301445871,1,0,0,1,0,0,0,0,0,0,0,0,0,0,0,0,0,0,1,1,0,0,0
0.559115745502362,0.28753188012724307,0.23626091954189576,267,0.1343135301445871,1,0,0,1,0,0,0,0,0,0,0,0,0,0,0,0,0,0,1,1,0,0,0
0.559115745502362,0.28753188012724307,0.23626091954189576,266,0.1343135301445871,1,0,0,1,0,0,0,0,0,0,0,0,0,0,0,0,0,0,1,1,0,0,0
0.559115745502362,0.28753188012724307,0.23626091954189576,267,0.1343135301445871,1,0,0,1,0,0,0,0,0,0,0,0,0,0,0,0,0,0,1,1,0,0,0
-0.844865398567706,-0.8846202186908425,-0.5367288970242127,219,0.1343135301445871,0,0,0,0,0,0,0,0,0,0,0,0,0,1,0,0,0,0,1,1,0,0,0
-0.844865398567706,-0.8846202186908425,-0.3821309337109908,229,-0.6990049600893694,0,0,0,0,0,0,0,0,0,0,0,0,0,1,0,0,0,0,1,0,0,0,1
-0.4548706363260205,-0.8846202186908425,-0.34348144288268556,230,0.1343135301445871,0,0,0,0,0,0,0,0,0,0,0,0,0,1,0,0,0,0,1,1,0,0,0
-0.4548706363260205,-0.8846202186908425,-0.0342855162562426,249,-0.6990049600893694,1,0,0,0,0,0,0,0,0,0,0,0,0,1,0,0,0,0,1,0,0,0,1
0.40311784060568795,0.28753188012724307,0.27491041037020103,268,0.9676320203785437,1,0,0,0,0,0,0,0,0,0,0,0,1,0,0,0,0,0,1,0,0,0,0
0.40311784060568795,0.28753188012724307,0.5068073553400334,281,0.9676320203785437,1,0,0,0,0,0,0,0,0,0,0,0,1,0,0,0,0,0,1,0,0,0,0
0.40311784060568795,0.28753188012724307,0.4681578645117282,281,0.9676320203785437,1,0,0,0,0,0,0,0,0,0,0,0,1,0,0,0,0,0,1,0,0,0,0
0.40311784060568795,0.28753188012724307,0.7000548094815605,296,0.9676320203785437,1,0,0,0,0,0,0,0,0,0,0,0,1,0,0,0,0,0,1,0,0,0,0
1.339105269985733,1.4596839789453286,1.318446662734447,334,0.9676320203785437,1,0,0,0,0,0,0,0,0,0,0,0,1,0,0,0,0,0,1,0,0,0,0
-0.844865398567706,-0.8846202186908425,-0.5367288970242127,219,0.1343135301445871,0,0,0,0,0,0,0,0,0,0,0,0,0,1,0,0,0,0,1,1,0,0,0
-0.844865398567706,-0.8846202186908425,-0.3821309337109908,229,-0.6990049600893694,0,0,0,0,0,0,0,0,0,0,0,0,0,1,0,0,0,0,1,0,0,0,1
-0.4548706363260205,-0.8846202186908425,-0.34348144288268556,230,0.1343135301445871,0,0,0,0,0,0,0,0,0,0,0,0,0,1,0,0,0,0,1,1,0,0,0
-0.4548706363260205,-0.8846202186908425,-0.0342855162562426,249,-0.6990049600893694,1,0,0,0,0,0,0,0,0,0,0,0,0,1,0,0,0,0,1,0,0,0,1
-0.844865398567706,-0.8846202186908425,-0.07293500708454788,248,0.1343135301445871,1,0,0,0,0,0,0,0,0,0,0,1,0,0,0,0,0,0,1,0,0,0,0
-0.06487587408433486,0.28753188012724307,0.5841063369966447,287,0.1343135301445871,1,0,0,0,0,0,0,0,0,0,0,1,0,0,0,0,0,0,1,0,0,0,0
0.40311784060568795,0.28753188012724307,0.4295083736834229,280,0.9676320203785437,1,0,0,0,0,0,1,0,0,0,0,0,0,0,0,0,0,1,0,0,0,0,0
0.40311784060568795,0.28753188012724307,2.4006324059269994,283,0.9676320203785437,1,0,0,0,0,0,1,0,0,0,0,0,0,0,0,0,1,0,0,0,0,0,0
2.0410958420207677,1.4596839789453286,1.5503436077042803,346,-0.6990049600893694,1,0,0,0,0,0,1,0,0,0,0,0,0,0,0,0,0,1,0,0,0,0,0
2.0410958420207677,1.4596839789453286,1.0865497177646148,319,0.9676320203785437,1,0,0,0,0,0,1,0,0,0,0,0,0,0,0,0,0,1,0,0,0,0,0
-0.06487587408433486,0.28753188012724307,-0.15023398874115845,278,0.9676320203785437,1,0,0,0,0,0,1,0,0,0,0,0,0,0,0,0,0,0,0,0,0,0,0
0.40311784060568795,0.28753188012724307,0.7000548094815605,294,0.9676320203785437,1,0,0,0,0,0,1,0,0,0,0,0,0,0,0,0,0,1,0,0,0,0,0
0.40311784060568795,0.28753188012724307,2.7871273142100534,300,0.9676320203785437,1,0,0,0,0,0,1,0,0,0,0,0,0,0,0,0,1,0,0,0,0,0,0
2.0410958420207677,1.4596839789453286,1.7822405526741127,361,-0.6990049600893694,1,0,0,0,0,0,1,0,0,0,0,0,0,0,0,0,0,1,0,0,0,0,0
2.0410958420207677,1.4596839789453286,1.2411476810778366,328,0.9676320203785437,1,0,0,0,0,0,1,0,0,0,0,0,0,0,0,0,0,1,0,0,0,0,0
-0.06487587408433486,0.28753188012724307,0.004363974572063373,289,0.9676320203785437,1,0,0,0,0,0,1,0,0,0,0,0,0,0,0,0,0,0,0,0,0,0,0
-0.5328695887743576,-0.8846202186908425,-0.34348144288268556,232,1.8009505106125,0,0,0,0,0,0,0,1,0,0,0,0,0,0,0,0,0,1,0,0,0,0,0
-1.7028538754994145,-1.4706962680998854,-1.5802651493884592,152,-0.6990049600893694,0,0,0,0,0,0,0,0,0,0,0,0,0,1,0,0,0,0,1,1,0,0,0
-0.844865398567706,-0.8846202186908425,-0.8459248236506564,200,-0.6990049600893694,0,0,0,1,0,0,0,0,0,0,0,0,0,0,0,0,0,0,1,0,1,0,0
-0.844865398567706,-0.8846202186908425,-0.4207804245392968,228,-0.6990049600893694,0,0,0,1,0,0,0,0,0,0,0,0,0,0,0,0,0,0,1,0,0,0,1
-0.844865398567706,-0.8846202186908425,-1.0005227869638782,193,-0.6990049600893694,0,0,0,0,0,0,0,0,0,0,0,1,0,0,0,0,0,1,0,0,0,1,0
-0.844865398567706,-0.8846202186908425,-0.614027878680824,216,-1.532323450323326,0,0,0,0,0,0,0,0,0,0,0,1,0,0,0,0,0,1,0,0,0,0,1
-0.844865398567706,-0.8846202186908425,-0.4980794061959074,223,0.9676320203785437,0,0,0,0,0,0,0,0,0,0,0,1,0,0,0,0,0,0,1,0,0,1,0
-0.4548706363260205,-0.8846202186908425,-0.9232238053072669,196,-0.6990049600893694,0,0,0,0,0,0,0,0,0,0,0,1,0,0,0,0,0,1,0,0,0,1,0
-0.4548706363260205,-0.8846202186908425,-0.4207804245392968,228,-0.6990049600893694,0,0,0,0,0,0,0,0,0,0,0,1,0,0,0,0,0,1,0,0,0,0,1
-0.844865398567706,-0.8846202186908425,-1.271069222762016,174,0.1343135301445871,0,0,1,0,0,0,0,0,0,0,0,0,0,0,0,0,0,1,0,0,0,1,0
-0.844865398567706,-0.8846202186908425,-0.7299763511657398,208,-1.532323450323326,0,0,1,0,0,0,0,0,0,0,0,0,0,0,0,0,0,1,0,0,0,0,1
-0.844865398567706,-0.8846202186908425,-1.271069222762016,176,0.1343135301445871,0,0,0,0,0,0,0,0,0,1,0,0,0,0,0,0,0,1,0,0,0,1,0
-0.844865398567706,-0.8846202186908425,-0.6913268603374345,211,-1.532323450323326,0,0,0,0,0,0,0,0,0,1,0,0,0,0,0,0,0,1,0,0,0,0,1
-0.4548706363260205,-0.8846202186908425,-0.9618732961355722,194,-0.6990049600893694,0,0,1,0,0,0,0,0,0,0,0,0,0,0,0,0,0,1,0,0,0,1,0
-0.4548706363260205,-0.8846202186908425,-0.4980794061959074,222,-0.6990049600893694,0,0,1,0,0,0,0,0,0,0,0,0,0,0,0,0,0,1,0,0,0,0,1
0.40311784060568795,0.28753188012724307,-0.18888347956946375,241,-0.6990049600893694,0,0,1,0,0,0,0,0,0,0,0,0,0,0,0,0,0,1,0,0,0,1,0
-0.4548706363260205,-0.8846202186908425,-0.9232238053072669,198,-0.6990049600893694,0,0,0,0,0,0,0,0,0,0,0,1,0,0,0,0,0,1,0,0,0,1,0
-0.4548706363260205,-0.8846202186908425,-0.3821309337109908,229,-0.6990049600893694,0,0,0,0,0,0,0,0,0,0,0,1,0,0,0,0,0,1,0,0,0,0,1
0.40311784060568795,0.28753188012724307,-0.11158449791285317,247,-0.6990049600893694,1,0,0,0,0,0,0,0,0,0,0,1,0,0,0,0,0,1,0,0,0,1,0
-0.844865398567706,-0.8846202186908425,0.1589619378852845,255,0.9676320203785437,1,0,0,0,0,0,0,0,0,0,0,0,0,0,0,0,0,0,1,0,0,1,0
-0.844865398567706,-0.8846202186908425,-0.3048319520543803,235,-0.6990049600893694,0,0,0,0,0,0,0,0,0,0,0,0,0,0,0,0,0,0,1,0,0,0,1
-0.4548706363260205,-0.8846202186908425,0.5454568461683388,285,-0.6990049600893694,1,0,0,0,0,0,0,0,0,0,0,0,0,0,0,0,0,0,1,0,0,0,1
0.7151136503990364,0.28753188012724307,0.9706012452796989,310,-1.532323450323326,1,0,0,0,0,0,0,0,0,0,0,0,1,0,0,0,0,1,0,0,1,0,0
0.7151136503990364,0.28753188012724307,0.9706012452796989,310,-1.532323450323326,1,0,0,0,0,0,0,0,0,0,0,0,1,0,0,0,0,1,0,0,1,0,0
-0.844865398567706,-0.8846202186908425,-0.8072753328223511,204,-0.6990049600893694,0,0,0,1,0,0,0,0,0,0,0,0,0,0,0,0,0,0,1,0,1,0,0
-0.844865398567706,-0.8846202186908425,-0.34348144288268556,232,-0.6990049600893694,0,0,0,1,0,0,0,0,0,0,0,0,0,0,0,0,0,0,1,0,0,0,1
0.32511888815735074,0.28753188012724307,-0.4207804245392968,226,-0.6990049600893694,0,0,1,0,0,0,0,0,0,0,0,0,0,0,0,0,0,1,0,0,1,0,0
-0.4548706363260205,-0.8846202186908425,-0.8459248236506564,199,-0.6990049600893694,0,0,1,0,0,0,0,0,0,0,0,0,0,0,0,0,0,1,0,0,1,0,0
0.32511888815735074,0.28753188012724307,-0.4594299153676021,224,-0.6990049600893694,0,0,1,0,0,0,0,0,0,0,0,0,0,0,0,0,0,1,0,0,1,0,0
-0.4548706363260205,-0.8846202186908425,-1.8894610760149024,137,-0.6990049600893694,0,0,1,0,0,0,0,0,0,0,0,0,0,0,0,0,0,1,0,0,0,1,0
-0.4548706363260205,-0.8846202186908425,-1.8508115851865972,141,-0.6990049600893694,0,0,1,0,0,0,0,0,0,0,0,0,0,0,0,0,0,1,0,0,0,1,0
-1.0008633034643803,-0.8846202186908425,-1.271069222762016,174,-0.6990049600893694,0,0,1,0,0,0,0,0,0,0,0,0,0,0,0,0,0,1,0,0,0,1,0
-1.0008633034643803,-0.8846202186908425,-1.271069222762016,178,0.1343135301445871,0,0,1,0,0,0,0,0,0,0,0,0,0,0,0,0,0,1,0,0,0,1,0
-1.0008633034643803,-0.8846202186908425,-1.271069222762016,176,-0.6990049600893694,0,0,1,0,0,0,0,0,0,0,0,0,0,0,0,0,0,1,0,0,0,0,1
-1.0008633034643803,-0.8846202186908425,-1.5029661677318482,163,-0.6990049600893694,0,0,1,0,0,0,0,0,0,0,0,0,0,0,0,0,0,1,0,0,0,1,0
-1.0008633034643803,-0.8846202186908425,-1.387017695246932,168,-0.6990049600893694,0,0,1,0,0,0,0,0,0,0,0,0,0,0,0,0,0,1,0,0,0,1,0
-1.0008633034643803,-0.8846202186908425,-1.271069222762016,176,0.1343135301445871,0,0,1,0,0,0,0,0,0,0,0,0,0,0,0,0,0,1,0,0,0,1,0
-1.0008633034643803,-0.8846202186908425,-1.116471259448794,185,-0.6990049600893694,0,0,1,0,0,0,0,0,0,0,0,0,0,0,0,0,0,1,0,0,0,0,1
0.32511888815735074,0.28753188012724307,-0.18888347956946375,243,0.9676320203785437,0,0,0,0,0,0,0,0,0,0,0,1,0,0,0,0,0,1,0,0,1,0,0
0.32511888815735074,0.28753188012724307,-0.07293500708454788,251,0.9676320203785437,1,0,0,0,0,0,0,0,0,0,0,0,1,0,0,0,0,1,0,0,1,0,0
0.32511888815735074,0.28753188012724307,-0.07293500708454788,247,0.9676320203785437,1,0,0,0,0,0,0,0,0,0,0,0,1,0,0,0,0,1,0,0,1,0,0
0.32511888815735074,0.28753188012724307,-0.15023398874115845,242,0.9676320203785437,0,0,0,0,0,0,0,0,0,0,0,0,1,0,0,0,0,1,0,0,1,0,0
0.32511888815735074,0.28753188012724307,-0.9618732961355722,193,-0.6990049600893694,0,0,0,0,0,0,0,0,0,0,0,0,1,0,0,0,0,1,0,0,0,1,0
-1.0008633034643803,-0.8846202186908425,-2.4305539476111786,105,-0.6990049600893694,0,0,1,0,0,0,0,0,0,0,0,0,0,0,0,0,0,1,0,0,0,1,0
-1.2348601608093916,-0.8846202186908425,-2.198657002641346,120,-0.6990049600893694,0,0,0,0,0,0,0,0,0,0,0,0,0,0,0,0,0,1,0,0,0,1,0
-1.0008633034643803,-0.8846202186908425,-1.9281105668432081,135,-0.6990049600893694,0,0,0,0,0,0,0,0,1,0,0,0,0,0,0,0,0,1,0,0,0,1,0
-0.4548706363260205,-0.8846202186908425,-0.614027878680824,217,-0.6990049600893694,0,0,0,0,0,0,0,0,0,0,0,1,0,0,0,0,0,1,0,0,1,0,0
-0.4548706363260205,-0.8846202186908425,-0.6913268603374345,210,-0.6990049600893694,0,0,0,0,0,0,0,0,0,0,0,1,0,0,0,0,0,1,0,0,1,0,0
-0.4548706363260205,-0.8846202186908425,-0.4980794061959074,222,-0.6990049600893694,0,0,0,0,0,0,0,0,0,0,0,1,0,0,0,0,0,1,0,0,1,0,0
-0.4548706363260205,-0.8846202186908425,-0.4207804245392968,226,-0.6990049600893694,0,0,0,0,0,0,0,0,0,0,0,1,0,0,0,0,0,1,0,0,1,0,0
-0.4548706363260205,-0.8846202186908425,-1.3483682044186267,170,-0.6990049600893694,0,0,0,0,0,0,0,0,0,0,0,1,0,0,0,0,0,1,0,0,0,1,0
2.0410958420207677,1.4596839789453286,2.207384951785472,380,-0.6990049600893694,1,0,0,0,0,0,0,0,0,0,0,0,1,0,0,0,0,1,0,0,1,0,0
0.32511888815735074,0.28753188012724307,0.043013465400368656,255,0.9676320203785437,1,0,0,0,1,0,0,0,0,0,0,0,0,0,0,0,0,1,0,0,1,0,0
0.32511888815735074,0.28753188012724307,0.3522093920268116,274,0.9676320203785437,1,0,0,0,1,0,0,0,0,0,0,0,0,0,0,0,0,1,0,0,1,0,0
-0.2988727314293461,-0.8846202186908425,0.1589619378852845,263,-0.6990049600893694,1,0,0,0,0,1,0,0,0,0,0,0,0,0,0,0,0,1,0,0,1,0,0
0.32511888815735074,0.28753188012724307,0.23626091954189576,268,-0.6990049600893694,1,0,0,0,0,1,0,0,0,0,0,0,0,0,0,0,0,1,0,0,1,0,0
-0.2988727314293461,-0.8846202186908425,0.3522093920268116,274,-0.6990049600893694,1,0,0,0,0,1,0,0,0,0,0,0,0,0,0,0,0,1,0,0,1,0,0
0.32511888815735074,0.28753188012724307,0.4681578645117282,283,-0.6990049600893694,1,0,0,0,0,1,0,0,0,0,0,0,0,0,0,0,0,1,0,0,1,0,0
0.32511888815735074,0.28753188012724307,0.7773537911381718,301,-0.6990049600893694,1,0,0,0,0,1,0,0,0,0,0,0,0,0,0,0,0,1,0,0,0,0,1
1.183107365089059,1.4596839789453286,1.318446662734447,334,-0.6990049600893694,1,0,0,0,0,0,1,0,0,0,0,0,0,0,0,0,0,1,0,0,1,0,0
2.0410958420207677,1.4596839789453286,1.7435910618458075,358,-0.6990049600893694,1,0,0,0,0,0,1,0,0,0,0,0,0,0,0,0,0,1,0,0,1,0,0
1.183107365089059,1.4596839789453286,1.5889930985325855,349,-0.6990049600893694,1,0,0,0,0,0,1,0,0,0,0,0,0,0,0,0,0,1,0,0,1,0,0
2.0410958420207677,1.4596839789453286,2.0914364793005555,378,-0.6990049600893694,1,0,0,0,0,0,1,0,0,0,0,0,0,0,0,0,0,1,0,0,1,0,0
-1.2348601608093916,-0.8846202186908425,-1.6189146402167647,155,-0.6990049600893694,0,0,0,0,0,0,0,0,0,0,0,0,0,0,0,0,0,1,0,0,1,0,0
-1.2348601608093916,-0.8846202186908425,-1.541615658560154,164,-0.6990049600893694,0,0,0,0,0,0,0,0,0,0,0,0,0,0,0,0,0,1,0,0,0,0,1
-1.2348601608093916,-0.8846202186908425,-1.3097187135903212,173,-2.3656419405572824,0,0,0,0,0,0,0,0,0,0,0,0,0,0,0,0,0,1,0,0,0,0,0
-1.2348601608093916,-0.8846202186908425,-1.387017695246932,168,-1.532323450323326,0,0,0,0,0,0,0,0,0,0,0,0,0,0,0,0,0,1,0,0,0,0,1
-1.0008633034643803,-0.8846202186908425,-0.8845743144789616,199,-0.6990049600893694,0,0,0,0,0,0,0,0,0,0,0,0,0,0,0,0,0,1,0,0,1,0,0
-1.0008633034643803,-0.8846202186908425,-0.9232238053072669,198,-1.532323450323326,0,0,0,0,0,0,0,0,0,0,0,0,0,0,0,0,0,1,0,0,0,0,1
-1.0008633034643803,-0.8846202186908425,-0.8459248236506564,201,-0.6990049600893694,0,0,0,0,0,0,0,0,0,0,0,0,0,0,0,0,0,1,0,0,1,0,0
-1.0008633034643803,-0.8846202186908425,-0.8845743144789616,199,-0.6990049600893694,0,0,0,0,0,0,0,0,0,0,1,0,0,0,0,0,0,1,0,0,1,0,0
0.40311784060568795,0.28753188012724307,0.3908588828551176,277,-0.6990049600893694,1,0,0,0,0,0,0,0,0,0,0,0,0,0,0,0,0,1,0,0,1,0,0
-1.0008633034643803,-0.8846202186908425,-1.0005227869638782,192,-0.6990049600893694,0,0,0,0,0,0,0,0,0,0,0,0,0,0,0,0,0,1,0,0,1,0,0
-1.0008633034643803,-0.8846202186908425,-1.0391722777921835,190,-1.532323450323326,0,0,0,0,0,0,0,0,0,0,0,0,0,0,0,0,0,1,0,0,0,0,1
-0.844865398567706,-0.8846202186908425,-0.8845743144789616,199,-0.6990049600893694,0,0,0,0,0,0,0,0,0,0,0,0,0,0,0,0,0,1,0,1,0,0,0
-0.844865398567706,-0.8846202186908425,-0.8845743144789616,198,-0.6990049600893694,0,0,0,0,0,0,0,0,0,0,0,0,0,0,0,0,0,1,0,0,0,0,1
-1.0008633034643803,-0.8846202186908425,-0.5367288970242127,220,-0.6990049600893694,0,0,0,0,0,0,0,0,0,1,0,0,0,0,0,0,0,1,0,1,0,0,0
-1.0008633034643803,-0.8846202186908425,-1.0005227869638782,192,-0.6990049600893694,0,0,0,0,0,0,0,0,0,1,0,0,0,0,0,0,0,1,0,0,1,0,0
-1.0008633034643803,-0.8846202186908425,-0.9618732961355722,194,-1.532323450323326,0,0,0,0,0,0,0,0,0,1,0,0,0,0,0,0,0,1,0,0,0,0,1
-1.0008633034643803,-0.8846202186908425,-0.5367288970242127,220,-0.6990049600893694,0,0,0,0,0,0,0,0,0,1,0,0,0,0,0,0,0,1,0,1,0,0,0
-1.312859113257729,-0.8846202186908425,-1.3097187135903212,175,-0.6990049600893694,0,0,0,0,0,0,0,0,0,0,0,0,0,0,0,0,0,1,0,0,1,0,0
-1.0008633034643803,-0.8846202186908425,-1.0005227869638782,193,-0.6990049600893694,0,0,0,0,0,0,0,0,0,0,0,0,0,0,0,0,0,1,0,1,0,0,0
-0.844865398567706,-0.8846202186908425,-0.8072753328223511,205,-0.6990049600893694,0,0,0,0,0,0,0,0,0,0,0,0,0,0,0,0,0,1,0,0,1,0,0
-0.844865398567706,-0.8846202186908425,-0.7299763511657398,208,-0.6990049600893694,0,0,0,0,0,0,0,0,0,0,0,0,0,0,0,0,0,1,0,0,0,0,1
-1.0008633034643803,-0.8846202186908425,-0.8072753328223511,204,-0.6990049600893694,0,0,1,0,0,0,0,0,0,0,0,0,0,0,0,0,0,1,0,0,1,0,0
0.40311784060568795,0.28753188012724307,-0.15023398874115845,242,-0.6990049600893694,0,0,1,0,0,0,0,0,0,0,0,0,0,0,0,0,0,1,0,1,0,0,0
-0.844865398567706,-0.8846202186908425,-0.0342855162562426,256,-0.6990049600893694,1,0,0,0,0,0,0,0,0,0,0,1,0,0,0,0,0,0,1,0,1,0,0
-0.844865398567706,-0.8846202186908425,0.12031244705697923,263,-0.6990049600893694,1,0,0,0,0,0,0,0,0,0,0,1,0,0,0,0,0,0,1,0,1,0,0
0.40311784060568795,0.28753188012724307,0.5454568461683388,287,0.9676320203785437,1,0,0,0,0,0,0,0,0,0,0,0,1,0,0,0,0,1,0,0,1,0,0
-0.844865398567706,-0.8846202186908425,-0.9232238053072669,198,0.9676320203785437,0,0,0,0,0,0,0,0,0,0,0,0,0,0,0,0,0,1,0,0,1,0,0
-0.844865398567706,-0.8846202186908425,-0.5367288970242127,219,0.9676320203785437,0,0,0,0,0,0,0,0,0,0,0,0,0,0,0,0,0,1,0,0,1,0,0
-0.844865398567706,-0.8846202186908425,-0.9232238053072669,198,0.9676320203785437,0,0,0,0,0,0,0,0,0,0,0,0,0,0,0,0,0,1,0,0,1,0,0
-0.844865398567706,-0.8846202186908425,-0.5367288970242127,219,0.9676320203785437,0,0,0,0,0,0,0,0,0,0,0,0,0,0,0,0,0,1,0,0,1,0,0
-0.844865398567706,-0.8846202186908425,-0.4980794061959074,221,0.9676320203785437,0,0,0,0,0,0,0,0,0,0,0,0,0,0,0,0,0,0,1,0,1,0,0
-0.844865398567706,-0.8846202186908425,-0.18888347956946375,241,0.9676320203785437,0,0,0,0,0,0,0,0,0,0,0,0,0,0,0,0,0,0,1,0,1,0,0
-0.844865398567706,-0.8846202186908425,-0.5367288970242127,220,0.9676320203785437,0,0,0,0,0,0,0,0,0,0,0,0,0,0,0,0,0,1,0,0,1,0,0
-0.844865398567706,-0.8846202186908425,-0.8072753328223511,204,0.9676320203785437,0,0,1,0,0,0,0,0,0,0,0,0,0,0,0,0,0,0,1,0,1,0,0
-0.844865398567706,-0.8846202186908425,-0.5367288970242127,219,0.9676320203785437,0,0,1,0,0,0,0,0,0,0,0,0,0,0,0,0,0,0,1,0,1,0,0
-0.844865398567706,-0.8846202186908425,-0.9232238053072669,198,0.9676320203785437,0,0,0,0,0,0,0,0,0,1,0,0,0,0,0,0,0,1,0,0,1,0,0
-0.844865398567706,-0.8846202186908425,-0.5367288970242127,219,0.9676320203785437,0,0,0,0,0,0,0,0,0,1,0,0,0,0,0,0,0,1,0,0,1,0,0
-0.844865398567706,-0.8846202186908425,-0.4980794061959074,221,0.9676320203785437,0,0,0,0,0,0,0,0,0,1,0,0,0,0,0,0,0,0,1,0,1,0,0
-0.844865398567706,-0.8846202186908425,-0.18888347956946375,241,0.9676320203785437,0,0,0,0,0,0,0,0,0,1,0,0,0,0,0,0,0,0,1,0,1,0,0
-0.844865398567706,-0.8846202186908425,-0.5367288970242127,220,0.9676320203785437,0,0,0,0,0,0,0,0,0,1,0,0,0,0,0,0,0,1,0,0,1,0,0
-0.844865398567706,-0.8846202186908425,-0.8072753328223511,204,0.9676320203785437,0,0,0,0,0,0,0,0,1,0,0,0,0,0,0,0,0,0,1,0,1,0,0
-0.844865398567706,-0.8846202186908425,-0.5367288970242127,219,0.9676320203785437,0,0,0,0,0,0,0,0,1,0,0,0,0,0,0,0,0,0,1,0,1,0,0
-0.844865398567706,-0.8846202186908425,-0.5367288970242127,221,0.9676320203785437,0,0,0,0,0,0,0,0,1,0,0,0,0,0,0,0,0,0,1,0,1,0,0
-0.844865398567706,-0.8846202186908425,-0.614027878680824,216,0.9676320203785437,0,0,0,0,0,0,0,0,0,0,0,1,0,0,0,0,0,1,0,0,1,0,0
-0.844865398567706,-0.8846202186908425,-0.3048319520543803,233,0.9676320203785437,0,0,0,0,0,0,0,0,0,0,0,1,0,0,0,0,0,1,0,0,1,0,0
-0.844865398567706,-0.8846202186908425,-0.15023398874115845,244,0.9676320203785437,0,0,0,0,0,0,0,0,0,0,0,1,0,0,0,0,0,0,1,0,1,0,0
-0.844865398567706,-0.8846202186908425,-0.07293500708454788,249,0.9676320203785437,1,0,0,0,0,0,0,0,0,0,0,0,1,0,0,0,0,0,1,0,1,0,0
0.32511888815735074,0.28753188012724307,-0.9232238053072669,196,0.1343135301445871,0,0,1,0,0,0,0,0,0,0,0,0,0,0,0,0,0,0,1,1,0,0,0
-0.5328695887743576,-0.8846202186908425,-0.8072753328223511,205,0.9676320203785437,0,0,0,0,0,0,0,0,0,0,0,0,0,0,0,0,0,0,1,1,0,0,0
-0.5328695887743576,-0.8846202186908425,-0.7299763511657398,209,0.9676320203785437,0,0,0,0,0,0,0,0,0,0,0,0,0,0,0,0,0,0,1,1,0,0,0
0.32511888815735074,0.28753188012724307,-0.3821309337109908,228,1.8009505106125,0,0,0,0,0,0,0,0,0,0,0,0,0,0,0,0,0,0,1,0,1,0,0
0.32511888815735074,0.28753188012724307,-0.18888347956946375,240,1.8009505106125,0,0,0,0,0,0,0,0,0,0,0,0,0,0,0,0,0,0,1,0,1,0,0
-1.0008633034643803,-0.8846202186908425,-0.9232238053072669,197,-0.6990049600893694,0,0,0,0,0,0,0,0,0,0,0,0,0,1,0,0,0,0,1,1,0,0,0
-0.844865398567706,-0.8846202186908425,-0.4594299153676021,226,0.9676320203785437,0,0,0,0,0,0,0,0,0,0,0,1,0,0,0,0,0,0,1,0,0,0,0
-0.14287482653267206,0.28753188012724307,0.62275582782495,292,0.9676320203785437,1,0,0,0,0,0,0,0,0,0,0,1,0,0,0,0,0,0,1,0,0,0,0
0.7151136503990364,1.4596839789453286,0.27491041037020103,271,0.9676320203785437,1,0,0,1,0,0,0,0,0,0,0,0,0,0,0,0,0,0,1,0,0,0,0
2.275092699365779,3.8039881765815,1.2797971719061418,332,0.9676320203785437,1,0,0,0,0,0,0,0,0,0,1,0,0,0,0,0,0,0,1,0,0,0,0
2.275092699365779,3.8039881765815,1.5116941168759743,346,0.9676320203785437,1,0,0,1,0,0,0,0,0,0,0,0,0,0,0,0,0,0,1,0,0,0,0
-0.844865398567706,-0.8846202186908425,-1.2324197319337105,177,0.1343135301445871,0,0,0,0,0,0,0,0,0,0,0,0,0,0,0,0,0,0,1,1,0,0,0
-0.844865398567706,-0.8846202186908425,-0.8072753328223511,203,0.1343135301445871,0,0,0,0,0,0,0,0,0,0,0,0,0,0,0,0,0,0,1,1,0,0,0
-0.844865398567706,-0.8846202186908425,-0.8072753328223511,204,-0.6990049600893694,0,0,0,0,0,0,0,0,0,0,0,0,0,0,0,0,0,0,1,0,0,0,1
-0.844865398567706,-0.8846202186908425,-0.5753783878525179,217,0.1343135301445871,0,0,0,0,0,0,0,0,0,1,0,0,0,0,0,0,0,0,1,1,0,0,0
-0.844865398567706,-0.8846202186908425,-0.8072753328223511,203,0.1343135301445871,0,0,0,0,0,0,0,0,0,0,1,0,0,0,0,0,0,0,1,1,0,0,0
-0.844865398567706,-0.8846202186908425,-0.8072753328223511,204,-0.6990049600893694,0,0,0,0,0,0,0,0,0,0,1,0,0,0,0,0,0,0,1,0,0,0,1
-0.844865398567706,-0.8846202186908425,-0.8072753328223511,203,0.1343135301445871,0,0,0,0,0,0,0,0,0,0,1,0,0,0,0,0,0,0,1,1,0,0,0
-0.844865398567706,-0.8846202186908425,-0.8072753328223511,203,0.1343135301445871,0,0,1,0,0,0,0,0,0,0,0,0,0,0,0,0,0,0,1,1,0,0,0
-0.844865398567706,-0.8846202186908425,-0.614027878680824,216,0.9676320203785437,0,0,1,0,0,0,0,0,0,0,0,0,0,0,0,0,0,0,1,0,1,0,0
-0.06487587408433486,0.28753188012724307,-0.3048319520543803,235,0.9676320203785437,0,0,1,0,0,0,0,0,0,0,0,0,0,0,0,0,0,0,1,0,1,0,0
-0.06487587408433486,0.28753188012724307,-0.3048319520543803,235,0.9676320203785437,0,0,1,0,0,0,0,0,0,0,0,0,0,0,0,0,0,0,1,0,1,0,0
-0.06487587408433486,0.28753188012724307,-0.11158449791285317,247,0.9676320203785437,1,1,0,0,0,0,0,0,0,0,0,0,0,0,0,0,0,0,1,0,1,0,0
0.7151136503990364,1.4596839789453286,0.62275582782495,290,0.9676320203785437,1,1,0,0,0,0,0,0,0,0,0,0,0,0,0,0,0,0,1,0,1,0,0
0.7151136503990364,1.4596839789453286,0.62275582782495,290,0.9676320203785437,1,1,0,0,0,0,0,0,0,0,0,0,0,0,0,0,0,0,1,0,1,0,0
-0.844865398567706,-0.8846202186908425,-0.266182461226075,236,-0.6990049600893694,0,0,0,0,0,0,0,0,0,0,0,0,0,0,0,0,0,0,1,0,1,0,0
-0.844865398567706,-0.8846202186908425,-0.4594299153676021,226,0.1343135301445871,0,0,0,0,0,0,0,0,0,0,0,1,0,0,0,0,0,0,1,0,1,0,0
-0.844865398567706,-0.8846202186908425,0.08166295622867395,258,0.9676320203785437,1,0,0,0,0,0,0,0,0,0,0,0,1,0,0,0,0,0,1,0,1,0,0
1.651101079779082,2.631836077763414,0.8933022636230876,304,0.1343135301445871,1,0,0,0,0,0,0,0,0,0,0,0,0,1,0,0,0,0,1,1,0,0,0
1.651101079779082,2.631836077763414,1.4343951352193638,338,0.1343135301445871,1,0,0,0,0,0,0,0,0,0,0,0,0,1,0,0,0,0,1,1,0,0,0
1.651101079779082,2.631836077763414,1.4343951352193638,338,0.1343135301445871,1,0,0,0,0,0,0,0,0,0,0,0,0,1,0,0,0,0,1,1,0,0,0
-0.4548706363260205,-0.2985441692817997,-0.11158449791285317,248,0.1343135301445871,1,0,0,0,0,0,0,0,0,0,1,0,0,0,0,0,0,0,1,1,0,0,0
-0.14287482653267206,0.28753188012724307,0.12031244705697923,260,0.9676320203785437,1,0,0,0,0,0,0,0,0,0,1,0,0,0,0,0,0,0,1,1,0,0,0
0.7151136503990364,1.4596839789453286,1.12519920859292,318,0.9676320203785437,1,0,1,0,0,0,0,0,0,0,0,0,0,0,0,0,0,0,1,0,1,0,0
-0.844865398567706,-0.8846202186908425,-0.4594299153676021,223,0.1343135301445871,0,0,0,0,0,0,0,0,0,0,1,0,0,0,0,0,0,0,1,1,0,0,0
-0.06487587408433486,0.28753188012724307,-0.34348144288268556,232,0.9676320203785437,0,0,0,0,0,0,0,0,0,0,0,0,0,0,0,0,0,0,1,1,0,0,0
-0.06487587408433486,0.28753188012724307,-0.34348144288268556,232,0.9676320203785437,0,0,0,0,0,0,0,0,0,0,1,0,0,0,0,0,0,0,1,1,0,0,0
-0.06487587408433486,0.28753188012724307,-0.2275329703977697,239,0.9676320203785437,0,0,0,0,0,0,0,0,0,0,1,0,0,0,0,0,0,0,1,1,0,0,0
-0.06487587408433486,0.28753188012724307,-0.34348144288268556,232,0.9676320203785437,0,0,1,0,0,0,0,0,0,0,0,0,0,0,0,0,0,0,1,1,0,0,0
0.7151136503990364,1.4596839789453286,0.7773537911381718,298,0.1343135301445871,1,0,1,0,0,0,0,0,0,0,0,0,0,0,0,0,0,0,1,1,0,0,0
0.7151136503990364,1.4596839789453286,0.7773537911381718,298,0.1343135301445871,1,0,1,0,0,0,0,0,0,0,0,0,0,0,0,0,0,0,1,1,0,0,0
0.7151136503990364,1.4596839789453286,1.0092507361080043,313,0.9676320203785437,1,0,1,0,0,0,0,0,0,0,0,0,0,0,0,0,0,0,1,0,1,0,0
-0.06487587408433486,0.28753188012724307,0.27491041037020103,270,0.9676320203785437,1,0,0,0,0,0,0,0,0,0,0,1,0,0,0,0,0,0,1,1,0,0,0
-0.4548706363260205,-0.2985441692817997,-0.11158449791285317,245,0.1343135301445871,1,0,0,0,0,0,0,0,0,0,1,0,0,0,0,0,0,0,1,1,0,0,0
-0.844865398567706,-0.8846202186908425,-0.4980794061959074,222,-0.6990049600893694,0,0,0,0,0,0,0,0,0,0,1,0,0,0,0,0,0,0,1,1,0,0,0
2.275092699365779,3.8039881765815,2.246034442613778,389,0.9676320203785437,1,0,0,0,0,0,0,0,0,0,0,0,0,0,0,0,0,0,1,0,1,0,0
2.275092699365779,3.8039881765815,2.246034442613778,389,0.9676320203785437,1,0,0,0,0,0,0,0,0,0,0,0,0,0,0,0,0,0,1,0,1,0,0
0.7151136503990364,1.4596839789453286,1.666292080189196,353,0.9676320203785437,1,0,1,0,0,0,0,0,0,0,0,0,0,0,0,0,0,0,1,0,1,0,0
2.275092699365779,3.8039881765815,2.246034442613778,389,0.9676320203785437,1,0,1,0,0,0,0,0,0,0,0,0,0,0,0,0,0,0,1,0,1,0,0
-0.844865398567706,-0.8846202186908425,-0.7299763511657398,208,0.9676320203785437,0,0,0,0,0,0,0,0,0,0,1,0,0,0,0,0,0,0,1,0,1,0,0
-0.844865398567706,-0.8846202186908425,-0.8459248236506564,202,0.9676320203785437,0,0,0,0,0,0,0,0,0,0,1,0,0,0,0,0,0,0,1,0,1,0,0
-0.844865398567706,-0.8846202186908425,-1.464316676903543,184,0.9676320203785437,0,0,0,0,0,0,0,0,0,0,0,0,0,0,0,0,0,0,0,0,1,0,0
-0.844865398567706,-0.8846202186908425,-1.464316676903543,184,0.9676320203785437,0,0,0,0,0,0,0,0,0,1,0,0,0,0,0,0,0,0,0,0,1,0,0
-0.844865398567706,-0.8846202186908425,-0.7299763511657398,208,0.9676320203785437,0,0,0,0,0,0,0,0,0,0,0,0,0,0,0,0,0,0,1,0,1,0,0
-0.844865398567706,-0.8846202186908425,-0.7299763511657398,208,0.9676320203785437,0,1,0,0,0,0,0,0,0,0,0,0,0,0,0,0,0,0,1,0,1,0,0
-0.844865398567706,-0.8846202186908425,-0.7299763511657398,208,0.9676320203785437,0,0,0,0,0,0,0,0,0,1,0,0,0,0,0,0,0,0,1,0,1,0,0
-0.06487587408433486,0.28753188012724307,-1.1551207502770997,183,0.9676320203785437,0,0,0,0,0,0,0,0,0,0,0,0,0,0,0,0,0,0,1,0,1,0,0
-0.06487587408433486,0.28753188012724307,-0.18888347956946375,240,-0.6990049600893694,0,0,0,0,0,0,0,0,0,0,0,0,0,0,0,0,0,0,1,0,0,0,1
-0.06487587408433486,0.28753188012724307,-0.4980794061959074,223,0.9676320203785437,0,0,0,0,0,0,0,0,0,0,0,0,0,0,0,0,0,0,1,0,1,0,0
-0.06487587408433486,0.28753188012724307,-0.11158449791285317,245,-0.6990049600893694,1,0,0,0,0,0,0,0,0,0,0,0,0,0,0,0,0,0,1,0,0,0,1
-0.06487587408433486,0.28753188012724307,-0.3048319520543803,235,0.9676320203785437,0,1,0,0,0,0,0,0,0,0,0,0,0,0,0,0,0,0,1,0,1,0,0
-0.844865398567706,-0.8846202186908425,-0.6526773695091292,214,0.9676320203785437,0,0,0,0,0,0,0,0,0,0,1,0,0,0,0,0,0,0,1,0,1,0,0
-0.844865398567706,-0.8846202186908425,-0.7299763511657398,208,0.9676320203785437,0,0,0,0,0,0,0,0,0,0,0,0,0,0,0,0,0,0,1,0,1,0,0
-0.844865398567706,-0.8846202186908425,-0.7299763511657398,208,0.9676320203785437,0,0,0,0,0,0,0,0,0,0,0,0,0,0,0,0,0,0,1,0,1,0,0
-0.06487587408433486,0.28753188012724307,-1.1551207502770997,183,0.9676320203785437,0,0,0,0,0,0,0,0,0,0,0,0,0,0,0,0,0,0,1,0,1,0,0
-0.06487587408433486,0.28753188012724307,-0.18888347956946375,240,-0.6990049600893694,0,0,0,0,0,0,0,0,0,0,0,0,0,0,0,0,0,0,1,0,0,0,1
-0.06487587408433486,0.28753188012724307,-0.3048319520543803,235,0.9676320203785437,0,0,0,0,0,0,0,0,0,0,1,0,0,0,0,0,0,0,1,0,1,0,0
-0.06487587408433486,0.28753188012724307,-0.4980794061959074,223,0.9676320203785437,0,0,0,0,0,0,0,0,0,0,0,0,0,0,0,0,0,0,1,0,1,0,0
-0.06487587408433486,0.28753188012724307,-0.11158449791285317,245,-0.6990049600893694,1,0,0,0,0,0,0,0,0,0,0,0,0,0,0,0,0,0,1,0,0,0,1
-0.06487587408433486,0.28753188012724307,-0.4980794061959074,223,0.9676320203785437,0,0,0,0,0,0,0,0,0,0,0,0,0,0,0,0,0,0,1,0,1,0,0
-0.844865398567706,-0.8846202186908425,-0.7299763511657398,208,0.9676320203785437,0,0,1,0,0,0,0,0,0,0,0,0,0,0,0,0,0,0,1,0,1,0,0
-0.06487587408433486,0.28753188012724307,-0.3048319520543803,236,0.9676320203785437,0,0,1,0,0,0,0,0,0,0,0,0,0,0,0,0,0,0,1,0,1,0,0
-0.06487587408433486,0.28753188012724307,-0.11158449791285317,248,0.9676320203785437,1,0,0,0,0,0,0,0,0,0,1,0,0,0,0,0,0,0,1,0,1,0,0
-0.06487587408433486,0.28753188012724307,-0.11158449791285317,248,0.9676320203785437,1,0,0,0,0,0,0,0,0,0,0,0,0,0,0,0,0,0,1,0,1,0,0
-0.06487587408433486,0.28753188012724307,-0.18888347956946375,241,0.9676320203785437,0,1,0,0,0,0,0,0,0,0,0,0,0,0,0,0,0,0,1,0,1,0,0
1.0271094601923851,1.4596839789453286,0.62275582782495,292,0.9676320203785437,1,0,0,0,0,0,0,0,0,0,1,0,0,0,0,0,0,0,1,0,1,0,0
1.0271094601923851,1.4596839789453286,0.5454568461683388,286,0.9676320203785437,1,0,0,0,0,0,0,0,0,0,1,0,0,0,0,0,0,0,1,0,1,0,0
1.0271094601923851,1.4596839789453286,0.62275582782495,292,0.9676320203785437,1,0,0,0,0,0,0,0,0,0,0,0,0,0,0,0,0,0,1,0,1,0,0
1.0271094601923851,1.4596839789453286,0.62275582782495,292,0.9676320203785437,1,1,0,0,0,0,0,0,0,0,0,0,0,0,0,0,0,0,1,0,1,0,0
1.0271094601923851,1.4596839789453286,0.5068073553400334,283,0.9676320203785437,1,1,0,0,0,0,0,0,0,0,0,0,0,0,0,0,0,0,1,0,1,0,0
1.0271094601923851,1.4596839789453286,0.62275582782495,292,0.9676320203785437,1,0,0,0,0,0,0,0,0,0,0,0,0,0,0,0,0,0,1,0,1,0,0
-0.06487587408433486,0.28753188012724307,-0.4980794061959074,222,0.9676320203785437,0,0,0,0,0,0,0,0,0,0,1,0,0,0,0,0,0,0,1,0,1,0,0
-0.06487587408433486,0.28753188012724307,0.043013465400368656,255,-0.6990049600893694,1,0,0,0,0,0,0,0,0,0,1,0,0,0,0,0,0,0,1,0,0,0,1
-0.06487587408433486,0.28753188012724307,-0.4980794061959074,222,0.9676320203785437,0,0,0,0,0,0,0,0,0,0,1,0,0,0,0,0,0,0,1,0,1,0,0
-0.06487587408433486,0.28753188012724307,-0.0342855162562426,249,-0.6990049600893694,1,0,0,0,0,0,0,0,0,0,1,0,0,0,0,0,0,0,1,0,0,0,1
-0.06487587408433486,0.28753188012724307,-0.4207804245392968,227,0.9676320203785437,0,0,0,0,0,0,0,0,0,0,1,0,0,0,0,0,0,0,1,0,1,0,0
-0.06487587408433486,0.28753188012724307,-0.4207804245392968,227,0.9676320203785437,0,0,0,0,0,0,0,0,0,0,1,0,0,0,0,0,0,0,1,0,1,0,0
-0.06487587408433486,0.28753188012724307,0.4295083736834229,280,0.1343135301445871,1,0,0,0,0,0,0,0,0,0,0,0,0,0,0,0,0,0,1,1,0,0,0
-0.06487587408433486,0.28753188012724307,0.31355990119850635,273,-0.6990049600893694,1,0,0,0,0,0,0,0,0,0,0,0,0,0,0,0,0,0,1,0,0,0,1
-0.06487587408433486,0.28753188012724307,0.7387043003098659,299,0.1343135301445871,1,0,0,0,0,0,0,0,0,0,1,0,0,0,0,0,0,0,1,1,0,0,0
-0.06487587408433486,0.28753188012724307,0.4295083736834229,280,-0.6990049600893694,1,0,0,0,0,0,0,0,0,0,1,0,0,0,0,0,0,0,1,0,0,0,1
-0.06487587408433486,0.28753188012724307,0.4295083736834229,280,0.1343135301445871,1,0,0,0,0,0,0,0,0,0,0,0,0,0,0,0,0,0,1,1,0,0,0
-0.06487587408433486,0.28753188012724307,0.31355990119850635,273,-0.6990049600893694,1,0,0,0,0,0,0,0,0,0,0,0,0,0,0,0,0,0,1,0,0,0,1
1.0271094601923851,1.4596839789453286,0.5068073553400334,283,0.9676320203785437,1,0,1,0,0,0,0,0,0,0,0,0,0,0,0,0,0,0,1,0,1,0,0
1.0271094601923851,1.4596839789453286,1.5116941168759743,344,0.1343135301445871,1,0,0,0,0,0,0,0,0,0,1,0,0,0,0,0,0,0,1,1,0,0,0
1.0271094601923851,1.4596839789453286,1.5116941168759743,344,0.1343135301445871,1,0,0,0,0,0,0,0,0,0,1,0,0,0,0,0,0,0,1,1,0,0,0
1.0271094601923851,1.4596839789453286,1.163848699421226,324,-0.6990049600893694,1,0,0,0,0,0,0,0,0,0,1,0,0,0,0,0,0,0,1,0,0,0,1
1.0271094601923851,1.4596839789453286,1.5116941168759743,344,0.1343135301445871,1,0,0,0,0,0,0,0,0,0,0,0,0,0,0,0,0,0,1,1,0,0,0
-0.844865398567706,-0.8846202186908425,-0.5753783878525179,217,0.9676320203785437,0,0,0,0,0,0,0,0,0,0,0,1,0,0,0,0,0,0,1,0,1,0,0
-0.844865398567706,-0.8846202186908425,-0.4980794061959074,222,0.9676320203785437,0,0,0,0,0,0,0,0,0,0,0,1,0,0,0,0,0,0,1,0,1,0,0
-0.844865398567706,-0.8846202186908425,-0.4980794061959074,223,0.9676320203785437,0,0,0,0,0,0,0,0,0,0,0,1,0,0,0,0,0,0,1,0,1,0,0
-0.06487587408433486,0.28753188012724307,-0.18888347956946375,241,0.9676320203785437,0,0,0,0,0,0,0,0,0,0,0,1,0,0,0,0,0,0,1,0,1,0,0
-0.06487587408433486,0.28753188012724307,0.23626091954189576,266,0.9676320203785437,1,0,0,0,0,0,0,0,0,0,0,1,0,0,0,0,0,0,1,0,1,0,0
-0.06487587408433486,0.28753188012724307,-0.5753783878525179,246,0.9676320203785437,1,0,0,0,0,0,0,0,0,0,0,0,1,0,0,0,0,0,0,0,1,0,0
1.0271094601923851,1.4596839789453286,1.0479002269363096,317,0.9676320203785437,1,0,0,0,0,0,0,0,0,0,0,0,1,0,0,0,0,0,1,0,1,0,0
1.0271094601923851,1.4596839789453286,1.0479002269363096,317,0.9676320203785437,1,0,0,0,0,0,0,0,0,0,0,0,1,0,0,0,0,0,1,0,1,0,0
0.40311784060568795,0.28753188012724307,0.1589619378852845,263,1.8009505106125,1,0,0,0,0,0,0,0,0,0,0,0,1,0,0,0,0,1,0,0,1,0,0
0.40311784060568795,0.28753188012724307,0.3908588828551176,277,1.8009505106125,1,0,0,0,0,0,0,0,0,0,0,0,1,0,0,0,0,1,0,0,1,0,0
-1.312859113257729,-0.8846202186908425,-0.9618732961355722,194,-0.6990049600893694,0,0,0,0,0,0,0,0,0,0,0,1,0,0,0,0,0,1,0,0,1,0,0
-1.312859113257729,-0.8846202186908425,-1.116471259448794,185,-0.6990049600893694,0,0,0,0,0,0,0,0,0,0,0,1,0,0,0,0,0,1,0,0,1,0,0
-1.312859113257729,-0.8846202186908425,-0.7299763511657398,210,-0.6990049600893694,0,0,0,0,0,0,0,0,0,0,0,1,0,0,0,0,0,1,0,0,1,0,0
-1.312859113257729,-0.8846202186908425,-0.9618732961355722,196,-0.6990049600893694,0,0,0,0,0,0,0,0,0,0,0,1,0,0,0,0,0,1,0,0,1,0,0
-0.4548706363260205,-0.8846202186908425,-0.3048319520543803,234,-0.6990049600893694,0,0,0,0,0,0,0,0,0,0,0,1,0,0,0,0,0,1,0,0,0,0,0
0.40311784060568795,0.28753188012724307,-0.4207804245392968,228,1.8009505106125,0,0,1,0,0,0,0,0,0,0,0,0,0,0,0,0,0,1,0,0,1,0,0
-0.4548706363260205,-0.8846202186908425,-1.0391722777921835,190,-0.6990049600893694,0,0,1,0,0,0,0,0,0,0,0,0,0,0,0,0,0,1,0,0,0,0,0
0.40311784060568795,0.28753188012724307,-0.266182461226075,237,1.8009505106125,0,0,1,0,0,0,0,0,0,0,0,0,0,0,0,0,0,1,0,0,1,0,0
-0.844865398567706,-0.8846202186908425,-0.614027878680824,217,1.8009505106125,0,1,0,0,0,0,0,0,0,0,0,0,0,0,0,0,0,0,1,0,1,0,0
-0.844865398567706,-0.8846202186908425,-0.4594299153676021,227,0.9676320203785437,0,1,0,0,0,0,0,0,0,0,0,0,0,0,0,0,0,0,1,0,1,0,0
0.40311784060568795,0.28753188012724307,-0.0342855162562426,250,1.8009505106125,1,1,0,0,0,0,0,0,0,0,0,0,0,0,0,0,0,1,0,0,1,0,0
-0.844865398567706,-0.8846202186908425,-0.614027878680824,216,0.9676320203785437,0,0,0,0,0,0,0,0,0,0,0,0,0,0,0,0,0,0,1,0,1,0,0
-0.844865398567706,-0.8846202186908425,-0.18888347956946375,240,-0.6990049600893694,0,0,0,0,0,0,0,0,0,0,0,0,0,0,0,0,0,0,1,0,0,0,1
0.40311784060568795,0.28753188012724307,-0.11158449791285317,247,0.9676320203785437,1,0,0,0,0,0,0,0,0,0,0,0,0,0,0,0,0,1,0,0,1,0,0
0.40311784060568795,0.28753188012724307,0.4295083736834229,291,0.9676320203785437,1,0,0,0,0,0,0,0,0,0,0,0,0,0,0,0,0,0,1,0,1,0,0
-0.844865398567706,-0.8846202186908425,-0.4980794061959074,224,0.9676320203785437,0,1,0,0,0,0,0,0,0,0,0,0,0,0,0,0,0,0,1,0,1,0,0
0.40311784060568795,0.28753188012724307,0.12031244705697923,261,0.9676320203785437,1,1,0,0,0,0,0,0,0,0,0,0,0,0,0,0,0,1,0,0,1,0,0
-0.844865398567706,-0.8846202186908425,-0.4980794061959074,224,0.9676320203785437,0,0,1,0,0,0,0,0,0,0,0,0,0,0,0,0,0,0,1,0,1,0,0
0.40311784060568795,0.28753188012724307,-0.11158449791285317,247,0.9676320203785437,1,0,1,0,0,0,0,0,0,0,0,0,0,0,0,0,0,1,0,0,1,0,0
0.40311784060568795,0.28753188012724307,0.7387043003098659,311,0.9676320203785437,1,0,1,0,0,0,0,0,0,0,0,0,0,0,0,0,0,0,1,0,1,0,0
2.431090604262453,1.4596839789453286,1.2411476810778366,329,2.634269000846457,1,0,0,0,0,0,0,0,0,0,0,0,1,0,0,0,0,0,1,0,0,0,0
0.40311784060568795,0.28753188012724307,-0.07293500708454788,250,0.9676320203785437,1,0,0,0,0,0,0,0,0,0,0,1,0,0,0,0,0,1,0,0,1,0,0
0.40311784060568795,0.28753188012724307,0.1589619378852845,263,0.9676320203785437,1,0,0,0,0,0,0,0,0,0,0,1,0,0,0,0,0,1,0,0,1,0,0
-0.844865398567706,-0.8846202186908425,-0.5367288970242127,220,0.9676320203785437,0,0,0,0,0,0,0,0,0,0,1,0,0,0,0,0,0,0,1,0,1,0,0
-0.844865398567706,-0.8846202186908425,-0.266182461226075,235,-0.6990049600893694,0,0,0,0,0,0,0,0,0,0,1,0,0,0,0,0,0,0,1,0,0,0,1
0.40311784060568795,0.28753188012724307,-0.15023398874115845,246,0.9676320203785437,1,0,0,0,0,0,0,0,0,0,1,0,0,0,0,0,0,1,0,0,1,0,0
2.431090604262453,1.4596839789453286,1.7822405526741127,361,2.634269000846457,1,0,0,0,0,0,0,0,0,0,1,0,0,0,0,0,0,0,1,0,1,0,0
2.431090604262453,1.4596839789453286,1.5503436077042803,348,-0.6990049600893694,1,0,0,0,0,0,0,0,0,0,1,0,0,0,0,0,0,0,1,0,0,0,1
-0.844865398567706,-0.8846202186908425,-0.5753783878525179,218,-0.6990049600893694,0,0,0,0,0,0,0,1,0,0,0,0,0,0,0,0,0,1,0,0,0,1,0
-0.4548706363260205,-0.8846202186908425,0.004363974572063373,253,-0.6990049600893694,1,0,0,0,0,1,0,0,0,0,0,0,0,0,0,0,0,1,0,0,0,0,0
-0.4548706363260205,-0.8846202186908425,-0.0342855162562426,251,-0.6990049600893694,1,0,0,0,0,1,0,0,0,0,0,0,0,0,0,0,0,1,0,0,0,0,1
-0.22087377898100924,-0.8846202186908425,-0.4594299153676021,257,-0.6990049600893694,1,0,0,0,0,1,0,0,0,0,0,0,0,0,0,0,0,0,0,0,0,0,0
-0.4548706363260205,-0.8846202186908425,0.1976114287135905,266,-0.6990049600893694,1,0,0,0,0,1,0,0,0,0,0,0,0,0,0,0,0,1,0,0,0,0,0
-0.22087377898100924,-0.8846202186908425,-0.15023398874115845,279,-0.6990049600893694,1,0,0,0,0,1,0,0,0,0,0,0,0,0,0,0,0,0,0,0,0,0,0
0.40311784060568795,0.28753188012724307,0.5454568461683388,288,0.9676320203785437,1,0,0,0,0,1,0,0,0,0,0,0,0,0,0,0,0,1,0,0,0,0,0
2.431090604262453,1.4596839789453286,0.7387043003098659,297,0.9676320203785437,1,0,0,0,0,0,0,0,0,0,0,0,0,1,0,0,0,0,1,0,1,0,0
-1.312859113257729,-0.8846202186908425,-1.4256671860752377,166,-0.6990049600893694,0,0,0,0,0,0,0,0,0,0,0,0,0,0,0,0,0,1,0,0,1,0,0
-1.312859113257729,-0.8846202186908425,-1.3097187135903212,172,-0.6990049600893694,0,0,0,0,0,0,0,0,0,0,0,0,0,0,0,0,0,1,0,0,0,0,1
-1.1568612083610545,-0.8846202186908425,-1.6575641310450702,175,1.8009505106125,0,0,0,0,0,0,0,0,0,0,0,0,0,0,0,0,0,0,0,0,0,0,0
-1.1568612083610545,-0.8846202186908425,-1.734863112701681,170,-0.6990049600893694,0,0,0,0,0,0,0,0,0,0,0,0,0,0,0,0,0,0,0,0,0,0,1
-1.312859113257729,-0.8846202186908425,-1.3483682044186267,172,-0.6990049600893694,0,0,1,0,0,0,0,0,0,0,0,0,0,0,0,0,0,1,0,0,1,0,0
-1.312859113257729,-0.8846202186908425,-1.271069222762016,175,-0.6990049600893694,0,0,1,0,0,0,0,0,0,0,0,0,0,0,0,0,0,1,0,0,0,0,1
-1.312859113257729,-0.8846202186908425,-1.271069222762016,176,-0.6990049600893694,0,0,1,0,0,0,0,0,0,0,0,0,0,0,0,0,0,1,0,0,1,0,0
-1.1568612083610545,-0.8846202186908425,-1.6189146402167647,178,1.8009505106125,0,0,1,0,0,0,0,0,0,0,0,0,0,0,0,0,0,0,0,0,0,0,0
-1.1568612083610545,-0.8846202186908425,-1.5802651493884592,180,-0.6990049600893694,0,0,1,0,0,0,0,0,0,0,0,0,0,0,0,0,0,0,0,0,0,0,1
-1.2348601608093916,-0.8846202186908425,-0.9618732961355722,195,-0.6990049600893694,0,0,0,0,0,0,0,0,0,0,0,1,0,0,0,0,0,1,0,0,0,0,0
-1.1568612083610545,-0.8846202186908425,-1.3097187135903212,198,-0.6990049600893694,0,0,0,0,0,0,0,0,0,0,0,1,0,0,0,0,0,0,0,0,0,0,0
-1.2348601608093916,-0.8846202186908425,-0.7299763511657398,209,-0.6990049600893694,0,0,0,0,0,0,0,0,0,0,0,1,0,0,0,0,0,1,0,0,0,0,0
-1.1568612083610545,-0.8846202186908425,-1.3097187135903212,198,-0.6990049600893694,0,0,0,0,0,0,0,0,0,0,0,1,0,0,0,0,0,0,0,0,0,0,0
-0.844865398567706,-0.8846202186908425,-0.4207804245392968,228,1.8009505106125,0,0,0,0,0,0,0,0,0,0,0,1,0,0,0,0,0,0,1,0,0,0,0
0.40311784060568795,0.28753188012724307,0.004363974572063373,254,-0.6990049600893694,1,1,0,0,0,0,0,0,0,0,0,0,0,0,0,0,0,1,0,0,1,0,0
0.40311784060568795,0.28753188012724307,1.473044626047669,245,-0.6990049600893694,1,1,0,0,0,0,0,0,0,0,0,0,0,0,0,0,1,0,0,0,1,0,0
-1.2348601608093916,-0.8846202186908425,-1.1551207502770997,181,-0.6990049600893694,0,0,1,0,0,0,0,0,0,0,0,0,0,0,0,0,0,1,0,0,0,0,0
-0.844865398567706,-0.8846202186908425,-0.6526773695091292,213,1.8009505106125,0,0,1,0,0,0,0,0,0,0,0,0,0,0,0,0,0,0,1,0,0,0,0
0.9491105077440476,0.28753188012724307,0.3908588828551176,278,-0.6990049600893694,1,0,0,0,0,0,1,0,0,0,0,0,0,0,0,0,0,1,0,0,0,0,0
1.7291000322274188,1.4596839789453286,0.7387043003098659,298,-0.6990049600893694,1,0,0,0,0,0,1,0,0,0,0,0,0,0,0,0,0,1,0,0,0,0,0
1.7291000322274188,1.4596839789453286,2.4392818967553054,283,-0.6990049600893694,1,0,0,0,0,0,1,0,0,0,0,0,0,0,0,0,1,0,0,0,0,0,0
1.7291000322274188,1.4596839789453286,0.8933022636230876,307,0.9676320203785437,1,0,0,0,0,0,1,0,0,0,0,0,0,0,0,0,0,1,0,0,0,0,0
1.7291000322274188,1.4596839789453286,0.3908588828551176,278,0.9676320203785437,1,0,0,0,0,0,1,0,0,0,0,0,0,0,0,0,0,1,0,0,0,0,0
0.9491105077440476,0.28753188012724307,2.7871273142100534,296,-0.6990049600893694,1,0,0,0,0,0,1,0,0,0,0,0,0,0,0,0,1,0,0,0,0,0,0
1.7291000322274188,1.4596839789453286,2.90307578669497,309,-0.6990049600893694,1,0,0,0,0,0,1,0,0,0,0,0,0,0,0,0,1,0,0,0,0,0,0
1.7291000322274188,1.4596839789453286,1.163848699421226,324,0.9676320203785437,1,0,0,0,0,0,1,0,0,0,0,0,0,0,0,0,0,1,0,0,0,0,0
2.431090604262453,1.4596839789453286,1.2797971719061418,331,0.9676320203785437,1,0,0,0,0,0,1,0,0,0,0,0,0,0,0,0,0,0,1,0,0,0,0
-1.0008633034643803,-0.8846202186908425,-0.9618732961355722,193,-0.6990049600893694,0,0,0,0,0,0,0,0,0,0,0,0,0,0,0,0,0,1,0,0,1,0,0
-1.0008633034643803,-0.8846202186908425,-1.0391722777921835,190,-1.532323450323326,0,0,0,0,0,0,0,0,0,0,0,0,0,0,0,0,0,1,0,0,0,0,1
-1.0008633034643803,-0.8846202186908425,-0.9618732961355722,193,-0.6990049600893694,0,0,0,0,0,0,0,0,0,1,0,0,0,0,0,0,0,1,0,0,1,0,0
-1.0008633034643803,-0.8846202186908425,-1.0391722777921835,190,-1.532323450323326,0,0,0,0,0,0,0,0,0,1,0,0,0,0,0,0,0,1,0,0,0,0,1
-1.312859113257729,-0.8846202186908425,-1.4256671860752377,166,-1.532323450323326,0,0,0,0,0,0,0,0,0,0,1,0,0,0,0,0,0,1,0,0,0,0,1
1.7291000322274188,1.4596839789453286,2.47793138758361,285,-0.6990049600893694,1,0,0,0,0,0,0,0,0,0,0,0,1,0,0,0,1,0,0,0,0,0,0
1.7291000322274188,1.4596839789453286,0.9706012452796989,313,-0.6990049600893694,1,0,0,0,0,0,0,0,0,0,0,0,1,0,0,0,0,1,0,0,0,0,0
1.7291000322274188,1.4596839789453286,0.9706012452796989,312,-0.6990049600893694,1,0,0,0,0,0,0,0,0,0,0,0,1,0,0,0,0,1,0,0,0,0,0
1.7291000322274188,1.4596839789453286,2.47793138758361,285,-0.6990049600893694,1,0,0,0,0,0,0,0,0,0,0,0,1,0,0,0,1,0,0,0,0,0,0
2.431090604262453,1.4596839789453286,1.163848699421226,325,2.634269000846457,1,0,0,0,0,0,0,0,0,0,0,0,1,0,0,0,0,0,1,0,0,0,0
-0.844865398567706,-0.8846202186908425,-0.11158449791285317,246,1.8009505106125,1,0,0,0,0,0,0,0,0,0,0,0,1,0,0,0,0,0,1,0,0,0,0
0.40311784060568795,0.28753188012724307,0.08166295622867395,258,1.8009505106125,1,0,0,0,0,0,0,0,0,0,0,0,1,0,0,0,0,1,0,0,1,0,0
0.40311784060568795,0.28753188012724307,0.3908588828551176,276,1.8009505106125,1,0,0,0,0,0,0,0,0,0,0,0,1,0,0,0,0,1,0,0,1,0,0
-1.312859113257729,-0.8846202186908425,-0.7299763511657398,210,-0.6990049600893694,0,0,0,0,0,0,0,0,0,0,0,1,0,0,0,0,0,1,0,0,1,0,0
0.40311784060568795,0.28753188012724307,-0.18888347956946375,242,0.9676320203785437,0,1,0,0,0,0,0,0,0,0,0,0,0,0,0,0,0,1,0,0,0,0,0
0.40311784060568795,0.28753188012724307,1.318446662734447,234,0.9676320203785437,0,1,0,0,0,0,0,0,0,0,0,0,0,0,0,0,1,0,0,0,0,0,0
2.0410958420207677,1.4596839789453286,0.5841063369966447,289,0.9676320203785437,1,1,0,0,0,0,0,0,0,0,0,0,0,0,0,0,0,1,0,0,0,0,0
0.40311784060568795,0.28753188012724307,0.043013465400368656,259,1.8009505106125,1,0,0,0,1,0,0,0,0,0,0,0,0,0,0,0,0,1,0,0,0,0,0
0.40311784060568795,0.28753188012724307,0.08166295622867395,258,0.9676320203785437,1,0,1,0,0,0,0,0,0,0,0,0,0,0,0,0,0,1,0,0,0,0,0
0.40311784060568795,0.28753188012724307,0.08166295622867395,258,0.9676320203785437,1,0,1,0,0,0,0,0,0,0,0,0,0,0,0,0,0,1,0,0,0,0,0
0.40311784060568795,0.28753188012724307,1.6276425893608908,248,0.9676320203785437,1,0,1,0,0,0,0,0,0,0,0,0,0,0,0,0,1,0,0,0,0,0,0
2.431090604262453,1.4596839789453286,1.4343951352193638,339,0.9676320203785437,1,0,1,0,0,0,0,0,0,0,0,0,0,0,0,0,0,0,1,0,0,0,0
0.40311784060568795,0.28753188012724307,0.31355990119850635,271,-1.532323450323326,1,1,0,0,0,0,0,0,0,0,0,0,0,0,0,0,0,1,0,0,0,0,0
0.40311784060568795,0.28753188012724307,2.052786988472251,268,-1.532323450323326,1,1,0,0,0,0,0,0,0,0,0,0,0,0,0,0,1,0,0,0,0,0,0
0.40311784060568795,0.28753188012724307,-0.18888347956946375,242,0.9676320203785437,0,1,0,0,0,0,0,0,0,0,0,0,0,0,0,0,0,1,0,0,0,0,0
0.40311784060568795,0.28753188012724307,1.318446662734447,234,0.9676320203785437,0,1,0,0,0,0,0,0,0,0,0,0,0,0,0,0,1,0,0,0,0,0,0
2.0410958420207677,1.4596839789453286,0.9706012452796989,312,-1.532323450323326,1,1,0,0,0,0,0,0,0,0,0,0,0,0,0,0,0,1,0,0,0,0,0
2.0410958420207677,1.4596839789453286,1.2797971719061418,331,0.9676320203785437,1,0,0,0,0,0,0,0,0,0,0,0,1,0,0,0,0,1,0,0,0,0,0
2.5870885091591274,1.4596839789453286,1.8595395343307233,363,0.9676320203785437,1,0,0,0,0,0,0,0,0,0,0,0,1,0,0,0,0,0,1,0,0,0,0
-1.312859113257729,-0.8846202186908425,-0.8072753328223511,202,-0.6990049600893694,0,0,0,1,0,0,0,0,0,0,0,0,0,0,0,0,0,1,0,0,0,0,0
-1.312859113257729,-0.8846202186908425,-1.1551207502770997,182,-1.532323450323326,0,0,0,1,0,0,0,0,0,0,0,0,0,0,0,0,0,1,0,0,0,0,1
-1.312859113257729,-0.8846202186908425,-0.8072753328223511,202,-0.6990049600893694,0,0,0,1,0,0,0,0,0,0,0,0,0,0,0,0,0,1,0,0,0,0,0
-1.312859113257729,-0.8846202186908425,-1.1551207502770997,182,-1.532323450323326,0,0,0,1,0,0,0,0,0,0,0,0,0,0,0,0,0,1,0,0,0,0,1
-0.5328695887743576,-0.8846202186908425,-0.5367288970242127,220,1.8009505106125,0,0,0,0,0,0,0,0,0,0,0,1,0,0,0,0,0,1,0,0,0,0,0
-1.6248549230510774,-1.4706962680998854,-0.9232238053072669,195,-0.6990049600893694,0,0,0,0,0,0,0,0,0,0,0,1,0,0,0,0,0,1,0,0,1,0,0
-0.844865398567706,-0.8846202186908425,-0.5753783878525179,217,-0.6990049600893694,0,0,0,0,0,0,0,0,0,0,0,1,0,0,0,0,0,1,0,0,1,0,0
-0.844865398567706,-0.8846202186908425,-0.34348144288268556,231,-0.6990049600893694,0,0,0,0,0,0,0,0,0,0,0,1,0,0,0,0,0,1,0,0,1,0,0
-0.844865398567706,-0.8846202186908425,-0.11158449791285317,246,-0.6990049600893694,1,0,0,0,0,0,0,0,0,0,0,1,0,0,0,0,0,1,0,0,1,0,0
-0.2988727314293461,0.28753188012724307,0.4681578645117282,282,-0.6990049600893694,1,0,0,0,0,0,0,0,0,0,0,1,0,0,0,0,0,1,0,0,1,0,0
0.32511888815735074,0.28753188012724307,0.62275582782495,291,-0.6990049600893694,1,0,0,0,0,0,0,0,0,0,0,1,0,0,0,0,0,1,0,0,1,0,0
-0.4548706363260205,-0.8846202186908425,0.9706012452796989,219,-0.6990049600893694,0,0,0,0,0,0,0,0,0,0,0,1,0,0,0,0,1,0,0,0,1,0,0
-0.844865398567706,-0.8846202186908425,-0.18888347956946375,241,-0.6990049600893694,0,0,0,0,0,0,0,0,0,0,0,1,0,0,0,0,0,1,0,0,1,0,0
0.32511888815735074,0.28753188012724307,0.62275582782495,291,2.634269000846457,1,0,0,0,0,0,0,0,0,0,0,0,1,0,0,0,0,1,0,0,1,0,0
0.32511888815735074,0.28753188012724307,0.931951754451393,311,2.634269000846457,1,0,0,0,0,0,0,0,0,0,0,0,1,0,0,0,0,1,0,0,1,0,0
0.32511888815735074,0.28753188012724307,0.5068073553400334,283,-0.6990049600893694,1,0,0,0,0,0,0,0,0,0,0,0,1,0,0,0,0,1,0,0,1,0,0
0.32511888815735074,0.28753188012724307,2.0914364793005555,269,-0.6990049600893694,1,0,0,0,0,0,0,0,0,0,0,0,1,0,0,0,1,0,0,0,1,0,0
-0.6108685412226948,-0.8846202186908425,0.23626091954189576,267,-0.6990049600893694,1,0,0,0,0,0,0,0,0,0,0,0,1,0,0,0,0,1,0,0,1,0,0
0.32511888815735074,0.28753188012724307,0.7387043003098659,299,-0.6990049600893694,1,0,0,0,0,0,0,0,0,0,0,0,1,0,0,0,0,1,0,0,1,0,0
0.32511888815735074,0.28753188012724307,2.516580878411916,288,-0.6990049600893694,1,0,0,0,0,0,0,0,0,0,0,0,1,0,0,0,1,0,0,0,1,0,0
-0.2988727314293461,0.28753188012724307,-0.07293500708454788,249,2.634269000846457,1,0,0,0,0,0,1,0,0,0,0,0,0,0,0,0,0,1,0,0,1,0,0
-0.2988727314293461,0.28753188012724307,0.004363974572063373,253,2.634269000846457,1,0,0,0,0,0,1,0,0,0,0,0,0,0,0,0,0,1,0,0,1,0,0
-0.2988727314293461,0.28753188012724307,0.08166295622867395,258,2.634269000846457,1,0,0,0,0,0,1,0,0,0,0,0,0,0,0,0,0,1,0,0,1,0,0
-0.06487587408433486,0.28753188012724307,-0.4980794061959074,256,2.634269000846457,1,0,0,0,0,0,1,0,0,0,0,0,0,0,0,0,0,0,0,0,1,0,0
-0.06487587408433486,0.28753188012724307,-0.4207804245392968,260,2.634269000846457,1,0,0,0,0,0,1,0,0,0,0,0,0,0,0,0,0,0,0,0,1,0,0
0.16912098326067637,0.28753188012724307,0.08166295622867395,259,-0.6990049600893694,1,0,0,0,0,0,1,0,0,0,0,0,0,0,0,0,0,1,0,0,1,0,0
0.16912098326067637,0.28753188012724307,0.043013465400368656,257,-0.6990049600893694,1,0,0,0,0,0,1,0,0,0,0,0,0,0,0,0,0,1,0,0,1,0,0
0.16912098326067637,0.28753188012724307,1.5889930985325855,248,-0.6990049600893694,1,0,0,0,0,0,1,0,0,0,0,0,0,0,0,0,1,0,0,0,1,0,0
0.16912098326067637,0.28753188012724307,0.1589619378852845,263,-0.6990049600893694,1,0,0,0,0,0,1,0,0,0,0,0,0,0,0,0,0,1,0,0,1,0,0
0.16912098326067637,0.28753188012724307,0.1589619378852845,263,-0.6990049600893694,1,0,0,0,0,0,1,0,0,0,0,0,0,0,0,0,0,1,0,0,1,0,0
0.16912098326067637,0.28753188012724307,1.5889930985325855,248,-0.6990049600893694,1,0,0,0,0,0,1,0,0,0,0,0,0,0,0,0,1,0,0,0,1,0,0
0.32511888815735074,0.28753188012724307,0.4681578645117282,282,2.634269000846457,1,0,0,0,0,0,1,0,0,0,0,0,0,0,0,0,0,1,0,0,1,0,0
0.32511888815735074,0.28753188012724307,0.5841063369966447,288,2.634269000846457,1,0,0,0,0,0,1,0,0,0,0,0,0,0,0,0,0,1,0,0,1,0,0
0.32511888815735074,0.28753188012724307,0.6614053186532552,293,2.634269000846457,1,0,0,0,0,0,1,0,0,0,0,0,0,0,0,0,0,1,0,0,1,0,0
1.4951031748824075,1.4596839789453286,0.62275582782495,292,2.634269000846457,1,0,0,0,0,0,1,0,0,0,0,0,0,0,0,0,0,1,0,0,1,0,0
1.4951031748824075,1.4596839789453286,0.5454568461683388,286,2.634269000846457,1,0,0,0,0,0,1,0,0,0,0,0,0,0,0,0,0,1,0,0,1,0,0
1.4951031748824075,1.4596839789453286,2.5552303692402205,288,2.634269000846457,1,0,0,0,0,0,1,0,0,0,0,0,0,0,0,0,1,0,0,0,1,0,0
1.4951031748824075,1.4596839789453286,0.8933022636230876,308,2.634269000846457,1,0,0,0,0,0,1,0,0,0,0,0,0,0,0,0,0,1,0,0,1,0,0
1.4951031748824075,1.4596839789453286,0.8933022636230876,307,2.634269000846457,1,0,0,0,0,0,1,0,0,0,0,0,0,0,0,0,0,1,0,0,1,0,0
1.4951031748824075,1.4596839789453286,2.5552303692402205,288,2.634269000846457,1,0,0,0,0,0,1,0,0,0,0,0,0,0,0,0,1,0,0,0,1,0,0
1.4951031748824075,1.4596839789453286,1.163848699421226,324,2.634269000846457,1,0,0,0,0,0,1,0,0,0,0,0,0,0,0,0,0,1,0,0,1,0,0
1.4951031748824075,1.4596839789453286,1.163848699421226,323,2.634269000846457,1,0,0,0,0,0,1,0,0,0,0,0,0,0,0,0,0,1,0,0,1,0,0
1.4951031748824075,1.4596839789453286,2.5552303692402205,288,2.634269000846457,1,0,0,0,0,0,1,0,0,0,0,0,0,0,0,0,1,0,0,0,1,0,0
-0.2988727314293461,0.28753188012724307,0.1976114287135905,265,2.634269000846457,1,0,0,0,0,0,1,0,0,0,0,0,0,0,0,0,0,1,0,0,1,0,0
-0.2988727314293461,0.28753188012724307,0.3908588828551176,277,2.634269000846457,1,0,0,0,0,0,1,0,0,0,0,0,0,0,0,0,0,1,0,0,1,0,0
-0.2988727314293461,0.28753188012724307,0.31355990119850635,272,2.634269000846457,1,0,0,0,0,0,1,0,0,0,0,0,0,0,0,0,0,1,0,0,1,0,0
-0.06487587408433486,0.28753188012724307,-0.0342855162562426,288,2.634269000846457,1,0,0,0,0,0,1,0,0,0,0,0,0,0,0,0,0,0,0,0,1,0,0
-0.06487587408433486,0.28753188012724307,-0.0342855162562426,288,2.634269000846457,1,0,0,0,0,0,1,0,0,0,0,0,0,0,0,0,0,0,0,0,1,0,0
-0.06487587408433486,0.28753188012724307,-0.34348144288268556,266,2.634269000846457,1,0,0,0,0,0,1,0,0,0,0,0,0,0,0,0,0,0,0,0,1,0,0
0.16912098326067637,0.28753188012724307,0.3908588828551176,277,-0.6990049600893694,1,0,0,0,0,0,1,0,0,0,0,0,0,0,0,0,0,1,0,0,1,0,0
0.16912098326067637,0.28753188012724307,0.3522093920268116,273,-0.6990049600893694,1,0,0,0,0,0,1,0,0,0,0,0,0,0,0,0,0,1,0,0,1,0,0
0.16912098326067637,0.28753188012724307,1.9368385159873345,263,-0.6990049600893694,1,0,0,0,0,0,1,0,0,0,0,0,0,0,0,0,1,0,0,0,1,0,0
0.16912098326067637,0.28753188012724307,0.62275582782495,291,-0.6990049600893694,1,0,0,0,0,0,1,0,0,0,0,0,0,0,0,0,0,1,0,0,1,0,0
0.16912098326067637,0.28753188012724307,0.62275582782495,291,-0.6990049600893694,1,0,0,0,0,0,1,0,0,0,0,0,0,0,0,0,0,1,0,0,1,0,0
0.16912098326067637,0.28753188012724307,1.9368385159873345,262,-0.6990049600893694,1,0,0,0,0,0,1,0,0,0,0,0,0,0,0,0,1,0,0,0,1,0,0
0.32511888815735074,0.28753188012724307,0.7000548094815605,295,2.634269000846457,1,0,0,0,0,0,1,0,0,0,0,0,0,0,0,0,0,1,0,0,1,0,0
0.32511888815735074,0.28753188012724307,0.7387043003098659,297,2.634269000846457,1,0,0,0,0,0,1,0,0,0,0,0,0,0,0,0,0,1,0,0,1,0,0
0.32511888815735074,0.28753188012724307,0.8546527727947824,305,2.634269000846457,1,0,0,0,0,0,1,0,0,0,0,0,0,0,0,0,0,1,0,0,1,0,0
1.4951031748824075,1.4596839789453286,0.8546527727947824,304,2.634269000846457,1,0,0,0,0,0,1,0,0,0,0,0,0,0,0,0,0,1,0,0,1,0,0
1.4951031748824075,1.4596839789453286,0.9706012452796989,311,2.634269000846457,1,0,0,0,0,0,1,0,0,0,0,0,0,0,0,0,0,1,0,0,1,0,0
1.4951031748824075,1.4596839789453286,2.7871273142100534,300,2.634269000846457,1,0,0,0,0,0,1,0,0,0,0,0,0,0,0,0,1,0,0,0,1,0,0
1.4951031748824075,1.4596839789453286,1.163848699421226,324,2.634269000846457,1,0,0,0,0,0,1,0,0,0,0,0,0,0,0,0,0,1,0,0,1,0,0
1.4951031748824075,1.4596839789453286,1.163848699421226,324,2.634269000846457,1,0,0,0,0,0,1,0,0,0,0,0,0,0,0,0,0,1,0,0,1,0,0
1.4951031748824075,1.4596839789453286,2.7871273142100534,300,2.634269000846457,1,0,0,0,0,0,1,0,0,0,0,0,0,0,0,0,1,0,0,0,1,0,0
1.4951031748824075,1.4596839789453286,1.318446662734447,334,2.634269000846457,1,0,0,0,0,0,1,0,0,0,0,0,0,0,0,0,0,1,0,0,1,0,0
1.4951031748824075,1.4596839789453286,1.4343951352193638,339,2.634269000846457,1,0,0,0,0,0,1,0,0,0,0,0,0,0,0,0,0,1,0,0,1,0,0
0.32511888815735074,0.28753188012724307,1.4343951352193638,339,2.634269000846457,1,0,0,0,0,0,1,0,0,0,0,0,0,0,0,0,0,1,0,0,1,0,0
-1.1568612083610545,-0.8846202186908425,-1.2324197319337105,179,-0.6990049600893694,0,0,0,0,0,0,0,0,0,0,1,0,0,0,0,0,0,1,0,1,0,0,0
-1.1568612083610545,-0.8846202186908425,-1.0005227869638782,192,-0.6990049600893694,0,0,0,0,0,0,0,0,0,0,1,0,0,0,0,0,0,1,0,0,0,0,1
-1.6248549230510774,-1.4706962680998854,-1.271069222762016,176,-0.6990049600893694,0,0,0,0,0,0,0,0,0,0,0,0,0,0,0,0,0,1,0,0,1,0,0
-1.6248549230510774,-1.4706962680998854,-1.464316676903543,164,-0.6990049600893694,0,0,0,0,0,0,0,0,0,0,0,0,0,0,0,0,0,1,0,0,0,0,1
-0.844865398567706,-0.8846202186908425,-1.193770241105405,179,-0.6990049600893694,0,0,0,0,0,0,0,0,0,0,0,0,0,0,0,0,0,1,0,1,0,0,0
-0.844865398567706,-0.8846202186908425,-0.8845743144789616,200,-0.6990049600893694,0,0,0,0,0,0,0,0,0,0,0,0,0,0,0,0,0,1,0,0,1,0,0
-0.844865398567706,-0.8846202186908425,-0.9618732961355722,196,-1.532323450323326,0,0,0,0,0,0,0,0,0,0,0,0,0,0,0,0,0,1,0,0,0,0,1
-0.6108685412226948,-0.8846202186908425,0.004363974572063373,252,-0.6990049600893694,1,0,1,0,0,0,0,0,0,0,0,0,0,0,0,0,0,0,1,0,0,0,1
-1.2348601608093916,-0.8846202186908425,-0.8072753328223511,203,-0.6990049600893694,0,0,1,0,0,0,0,0,0,0,0,0,0,0,0,0,0,1,0,0,1,0,0
-0.4548706363260205,-0.8846202186908425,-0.4980794061959074,223,-0.6990049600893694,0,0,1,0,0,0,0,0,0,0,0,0,0,0,0,0,0,1,0,0,0,0,0
-0.844865398567706,-0.8846202186908425,-0.2275329703977697,238,-0.6990049600893694,0,0,1,0,0,0,0,0,0,0,0,0,0,0,0,0,0,1,0,0,1,0,0
-0.2988727314293461,0.28753188012724307,0.3908588828551176,277,-0.6990049600893694,1,0,1,0,0,0,0,0,0,0,0,0,0,0,0,0,0,1,0,0,1,0,0
-0.844865398567706,-0.8846202186908425,-2.005409548499819,131,-0.6990049600893694,0,0,1,0,0,0,0,0,0,0,0,0,0,0,0,0,0,1,0,0,0,1,0
0.32511888815735074,0.28753188012724307,2.4392818967553054,403,0.1343135301445871,1,0,0,0,0,0,0,0,0,0,0,0,0,1,0,0,0,0,1,1,0,0,0
-0.6108685412226948,-0.8846202186908425,-0.5367288970242127,219,2.634269000846457,0,0,0,0,0,0,0,0,0,0,1,0,0,0,0,0,0,1,0,0,1,0,0
-0.6108685412226948,-0.8846202186908425,-0.266182461226075,236,2.634269000846457,0,0,0,0,0,0,0,0,0,0,1,0,0,0,0,0,0,1,0,0,1,0,0
-0.6108685412226948,-0.8846202186908425,-0.4980794061959074,222,-0.6990049600893694,0,0,0,0,0,0,0,0,0,0,1,0,0,0,0,0,0,1,0,0,0,0,1
-0.6108685412226948,-0.8846202186908425,-0.18888347956946375,240,-0.6990049600893694,0,0,0,0,0,0,0,0,0,0,1,0,0,0,0,0,0,1,0,0,0,0,1
1.4951031748824075,1.4596839789453286,0.6614053186532552,291,2.634269000846457,1,0,0,0,0,0,0,0,0,0,1,0,0,0,0,0,0,1,0,0,1,0,0
1.4951031748824075,1.4596839789453286,0.7773537911381718,300,-0.6990049600893694,1,0,0,0,0,0,0,0,0,0,1,0,0,0,0,0,0,1,0,0,0,0,1
-0.6108685412226948,-0.8846202186908425,-0.2275329703977697,238,2.634269000846457,0,0,0,0,0,0,0,0,0,0,1,0,0,0,0,0,0,1,0,0,1,0,0
-0.6108685412226948,-0.8846202186908425,-0.18888347956946375,240,-0.6990049600893694,0,0,0,0,0,0,0,0,0,0,1,0,0,0,0,0,0,1,0,0,0,0,1
1.4951031748824075,1.4596839789453286,0.8933022636230876,305,2.634269000846457,1,0,0,0,0,0,0,0,0,0,1,0,0,0,0,0,0,1,0,0,1,0,0
0.32511888815735074,0.28753188012724307,1.5116941168759743,345,-0.6990049600893694,1,0,0,0,0,0,0,0,0,0,0,0,0,0,0,1,0,1,0,0,1,0,0
0.4811167930540251,0.28753188012724307,1.666292080189196,354,-0.6990049600893694,1,0,0,0,0,0,0,0,0,0,0,0,0,0,0,1,0,1,0,0,1,0,0
0.32511888815735074,0.28753188012724307,0.6614053186532552,294,-0.6990049600893694,1,1,0,0,0,0,0,0,0,0,0,0,0,0,0,0,0,1,0,0,1,0,0
-0.4548706363260205,-0.8846202186908425,1.3570961535627533,234,-0.6990049600893694,0,0,0,0,0,0,0,1,0,0,0,0,0,0,0,0,1,0,0,0,1,0,0
-0.4548706363260205,-0.8846202186908425,-0.0342855162562426,251,-0.6990049600893694,1,0,0,0,0,0,0,1,0,0,0,0,0,0,0,0,0,1,0,0,1,0,0
-0.4548706363260205,-0.8846202186908425,1.5116941168759743,241,-0.6990049600893694,0,0,0,0,0,0,0,1,0,0,0,0,0,0,0,0,1,0,0,0,1,0,0
0.16912098326067637,0.28753188012724307,0.4295083736834229,282,0.9676320203785437,1,1,0,0,0,0,0,0,0,0,0,0,0,0,0,0,0,0,1,0,1,0,0
0.559115745502362,0.28753188012724307,0.3522093920268116,276,0.9676320203785437,1,1,0,0,0,0,0,0,0,0,0,0,0,0,0,0,0,1,0,0,1,0,0
1.4951031748824075,1.4596839789453286,0.931951754451393,312,0.9676320203785437,1,1,0,0,0,0,0,0,0,0,0,0,0,0,0,0,0,0,1,0,1,0,0
0.40311784060568795,0.28753188012724307,0.23626091954189576,268,-0.6990049600893694,1,0,0,0,0,0,0,0,0,0,0,0,1,0,0,0,0,1,0,0,0,0,0
0.40311784060568795,0.28753188012724307,0.3522093920268116,275,-0.6990049600893694,1,0,0,0,0,0,0,0,0,0,0,0,1,0,0,0,0,1,0,0,0,0,0
-0.4548706363260205,-0.8846202186908425,0.004363974572063373,253,-0.6990049600893694,1,0,0,0,0,1,0,0,0,0,0,0,0,0,0,0,0,1,0,0,0,0,0
-0.4548706363260205,-0.8846202186908425,-0.0342855162562426,251,-0.6990049600893694,1,0,0,0,0,1,0,0,0,0,0,0,0,0,0,0,0,1,0,0,0,0,1
-0.22087377898100924,-0.8846202186908425,-0.4594299153676021,257,-0.6990049600893694,1,0,0,0,0,1,0,0,0,0,0,0,0,0,0,0,0,0,0,0,0,0,0
-0.4548706363260205,-0.8846202186908425,0.1976114287135905,266,-0.6990049600893694,1,0,0,0,0,1,0,0,0,0,0,0,0,0,0,0,0,1,0,0,0,0,0
-0.22087377898100924,-0.8846202186908425,-0.15023398874115845,279,-0.6990049600893694,1,0,0,0,0,1,0,0,0,0,0,0,0,0,0,0,0,0,0,0,0,0,0
0.40311784060568795,0.28753188012724307,0.5454568461683388,288,0.9676320203785437,1,0,0,0,0,1,0,0,0,0,0,0,0,0,0,0,0,1,0,0,0,0,0
0.9491105077440476,0.28753188012724307,0.3908588828551176,278,-0.6990049600893694,1,0,0,0,0,0,1,0,0,0,0,0,0,0,0,0,0,1,0,0,0,0,0
1.7291000322274188,1.4596839789453286,0.7387043003098659,298,-0.6990049600893694,1,0,0,0,0,0,1,0,0,0,0,0,0,0,0,0,0,1,0,0,0,0,0
1.7291000322274188,1.4596839789453286,2.4006324059269994,283,-0.6990049600893694,1,0,0,0,0,0,1,0,0,0,0,0,0,0,0,0,1,0,0,0,0,0,0
1.7291000322274188,1.4596839789453286,0.8933022636230876,307,0.9676320203785437,1,0,0,0,0,0,1,0,0,0,0,0,0,0,0,0,0,1,0,0,0,0,0
1.7291000322274188,1.4596839789453286,0.3908588828551176,278,0.9676320203785437,1,0,0,0,0,0,1,0,0,0,0,0,0,0,0,0,0,1,0,0,0,0,0
0.9491105077440476,0.28753188012724307,2.7871273142100534,296,-0.6990049600893694,1,0,0,0,0,0,1,0,0,0,0,0,0,0,0,0,1,0,0,0,0,0,0
1.7291000322274188,1.4596839789453286,2.90307578669497,309,-0.6990049600893694,1,0,0,0,0,0,1,0,0,0,0,0,0,0,0,0,1,0,0,0,0,0,0
1.7291000322274188,1.4596839789453286,1.163848699421226,324,0.9676320203785437,1,0,0,0,0,0,1,0,0,0,0,0,0,0,0,0,0,1,0,0,0,0,0
2.431090604262453,1.4596839789453286,1.2797971719061418,331,0.9676320203785437,1,0,0,0,0,0,1,0,0,0,0,0,0,0,0,0,0,0,1,0,0,0,0
-1.2348601608093916,-0.8846202186908425,-0.8459248236506564,201,1.8009505106125,0,0,0,0,0,0,0,0,0,0,0,1,0,0,0,0,0,1,0,0,0,0,0
-1.1568612083610545,-0.8846202186908425,-1.3097187135903212,198,-0.6990049600893694,0,0,0,0,0,0,0,0,0,0,0,1,0,0,0,0,0,0,0,0,0,0,0
-1.2348601608093916,-0.8846202186908425,-0.6913268603374345,210,1.8009505106125,0,0,0,0,0,0,0,0,0,0,0,1,0,0,0,0,0,1,0,0,0,0,0
-1.1568612083610545,-0.8846202186908425,-1.3097187135903212,198,-0.6990049600893694,0,0,0,0,0,0,0,0,0,0,0,1,0,0,0,0,0,0,0,0,0,0,0
-0.844865398567706,-0.8846202186908425,-0.2275329703977697,239,1.8009505106125,0,0,0,0,0,0,0,0,0,0,0,1,0,0,0,0,0,0,1,0,0,0,0
1.7291000322274188,1.4596839789453286,2.47793138758361,285,-0.6990049600893694,1,0,0,0,0,0,0,0,0,0,0,0,1,0,0,0,1,0,0,0,0,0,0
2.431090604262453,1.4596839789453286,1.163848699421226,325,2.634269000846457,1,0,0,0,0,0,0,0,0,0,0,0,1,0,0,0,0,0,1,0,0,0,0
1.7291000322274188,1.4596839789453286,2.47793138758361,285,-0.6990049600893694,1,0,0,0,0,0,0,0,0,0,0,0,1,0,0,0,1,0,0,0,0,0,0
1.7291000322274188,1.4596839789453286,0.9706012452796989,313,-0.6990049600893694,1,0,0,0,0,0,0,0,0,0,0,0,1,0,0,0,0,1,0,0,0,0,0
1.7291000322274188,1.4596839789453286,0.9706012452796989,312,-0.6990049600893694,1,0,0,0,0,0,0,0,0,0,0,0,1,0,0,0,0,1,0,0,0,0,0
2.431090604262453,1.4596839789453286,1.4343951352193638,340,2.634269000846457,1,0,0,0,0,0,0,0,0,0,0,0,1,0,0,0,0,0,1,0,0,0,0
-1.2348601608093916,-0.8846202186908425,-1.387017695246932,168,-0.6990049600893694,0,1,0,0,0,0,0,0,0,0,0,0,0,0,0,0,0,1,0,0,0,1,0
-1.2348601608093916,-0.8846202186908425,-1.2324197319337105,177,0.1343135301445871,0,1,0,0,0,0,0,0,0,0,0,0,0,0,0,0,0,1,0,0,0,1,0
-1.2348601608093916,-0.8846202186908425,-1.116471259448794,185,-0.6990049600893694,0,1,0,0,0,0,0,0,0,0,0,0,0,0,0,0,0,1,0,0,0,0,1
-0.844865398567706,-0.8846202186908425,-0.614027878680824,214,-0.6990049600893694,0,1,0,0,0,0,0,0,0,0,0,0,0,0,0,0,0,1,0,0,0,0,1
-0.844865398567706,-0.8846202186908425,-0.6526773695091292,211,2.634269000846457,0,0,1,0,0,0,0,0,0,0,0,0,0,0,0,0,0,1,0,0,1,0,0
-0.844865398567706,-0.8846202186908425,-2.198657002641346,118,-0.6990049600893694,0,1,0,0,0,0,0,0,0,0,0,0,0,0,0,0,0,1,0,0,0,1,0
-1.2348601608093916,-0.8846202186908425,-1.541615658560154,158,-0.6990049600893694,0,0,0,0,0,0,0,0,0,0,0,0,0,0,0,0,0,1,0,0,0,1,0
-1.2348601608093916,-0.8846202186908425,-1.541615658560154,158,-0.6990049600893694,0,0,0,0,0,0,0,0,0,0,0,0,0,0,0,0,0,1,0,0,0,0,1
-1.2348601608093916,-0.8846202186908425,-1.3097187135903212,173,-0.6990049600893694,0,0,0,0,0,0,0,0,0,0,0,0,0,0,0,0,0,0,1,0,0,0,1
-1.2348601608093916,-0.8846202186908425,-1.3483682044186267,170,0.1343135301445871,0,1,0,0,0,0,0,0,0,0,0,0,0,0,0,0,0,0,1,0,0,1,0
-1.2348601608093916,-0.8846202186908425,-1.387017695246932,167,-0.6990049600893694,0,1,0,0,0,0,0,0,0,0,0,0,0,0,0,0,0,0,1,0,0,0,1
-1.2348601608093916,-0.8846202186908425,-1.3097187135903212,173,-0.6990049600893694,0,0,1,0,0,0,0,0,0,0,0,0,0,0,0,0,0,0,1,0,0,0,1
-0.844865398567706,-0.8846202186908425,-0.4594299153676021,224,-0.6990049600893694,0,1,0,0,0,0,0,0,0,0,0,0,0,0,0,0,0,0,1,0,0,0,1
-1.2348601608093916,-0.8846202186908425,-1.6575641310450702,151,-0.6990049600893694,0,0,0,0,0,0,0,0,0,1,0,0,0,0,0,0,0,1,0,0,0,1,0
-1.2348601608093916,-0.8846202186908425,-1.464316676903543,166,0.1343135301445871,0,0,0,0,0,0,0,0,0,1,0,0,0,0,0,0,0,1,0,0,0,1,0
0.32511888815735074,0.28753188012724307,-0.0342855162562426,252,1.8009505106125,1,0,0,0,1,0,0,0,0,0,0,0,0,0,0,0,0,1,0,0,1,0,0
0.32511888815735074,0.28753188012724307,-0.07293500708454788,247,2.634269000846457,1,0,0,0,1,0,0,0,0,0,0,0,0,0,0,0,0,1,0,0,1,0,0
-1.1568612083610545,-0.8846202186908425,-1.0391722777921835,189,0.1343135301445871,0,0,1,0,0,0,0,0,0,0,0,0,0,0,0,0,0,1,0,1,0,0,0
-1.1568612083610545,-0.8846202186908425,-1.3097187135903212,173,-0.6990049600893694,0,0,0,0,0,0,0,0,0,0,0,0,0,0,0,0,0,1,0,0,1,0,0
-1.1568612083610545,-0.8846202186908425,-1.3483682044186267,173,-0.6990049600893694,0,0,0,0,0,0,0,0,0,0,0,0,0,0,0,0,0,1,0,0,0,0,1
-1.1568612083610545,-0.8846202186908425,-0.5367288970242127,221,-0.6990049600893694,0,0,1,0,0,0,0,0,0,0,0,0,0,0,0,0,0,1,0,0,0,0,1
-0.844865398567706,-0.8846202186908425,-1.0778217686204887,188,-0.6990049600893694,0,0,1,0,0,0,0,0,0,0,0,0,0,0,0,0,0,1,0,0,0,0,1
-1.1568612083610545,-0.8846202186908425,-0.9618732961355722,194,0.1343135301445871,0,1,0,0,0,0,0,0,0,0,0,0,0,0,0,0,0,1,0,1,0,0,0
-1.1568612083610545,-0.8846202186908425,-0.4594299153676021,226,-0.6990049600893694,0,1,0,0,0,0,0,0,0,0,0,0,0,0,0,0,0,1,0,0,0,0,1
-0.844865398567706,-0.8846202186908425,-0.9232238053072669,198,-0.6990049600893694,0,1,0,0,0,0,0,0,0,0,0,0,0,0,0,0,0,1,0,0,1,0,0
-0.844865398567706,-0.8846202186908425,-0.8072753328223511,205,-0.6990049600893694,0,1,0,0,0,0,0,0,0,0,0,0,0,0,0,0,0,1,0,0,0,0,1
-1.1568612083610545,-0.8846202186908425,-2.5078529292677896,102,-0.6990049600893694,0,1,0,0,0,0,0,0,0,0,0,0,0,0,0,0,0,1,0,1,0,0,0
-0.844865398567706,-0.8846202186908425,-1.116471259448794,186,-0.6990049600893694,0,0,0,0,0,0,0,0,0,0,0,1,0,0,0,0,0,1,0,0,1,0,0
-1.1568612083610545,-0.8846202186908425,-0.8459248236506564,201,0.1343135301445871,0,0,0,0,0,0,0,0,0,0,0,1,0,0,0,0,0,1,0,1,0,0,0
-0.844865398567706,-0.8846202186908425,-0.8459248236506564,202,-0.6990049600893694,0,0,0,0,0,0,0,0,0,0,0,1,0,0,0,0,0,1,0,0,1,0,0
-0.844865398567706,-0.8846202186908425,0.1589619378852845,264,-0.6990049600893694,1,0,0,0,0,0,0,0,0,0,0,1,0,0,0,0,0,1,0,0,1,0,0
-0.844865398567706,-0.8846202186908425,-0.6526773695091292,212,0.9676320203785437,0,1,0,0,0,0,0,0,0,0,0,0,0,0,0,0,0,1,0,0,1,0,0
-0.5328695887743576,-0.8846202186908425,-0.8845743144789616,202,-0.6990049600893694,0,1,0,0,0,0,0,0,0,0,0,0,0,0,0,0,0,1,0,0,1,0,0
-0.844865398567706,-0.8846202186908425,-1.9667600576715134,135,-0.6990049600893694,0,0,1,0,0,0,0,0,0,0,0,0,0,0,0,0,0,1,0,1,0,0,0
-0.844865398567706,-0.8846202186908425,-2.005409548499819,132,-0.6990049600893694,0,0,1,0,0,0,0,0,0,0,0,0,0,0,0,0,0,1,0,1,0,0,0
-1.1568612083610545,-0.8846202186908425,-0.5753783878525179,221,0.1343135301445871,0,0,0,0,0,0,0,0,0,0,0,1,0,0,0,0,0,1,0,1,0,0,0
-0.844865398567706,-0.8846202186908425,-0.4207804245392968,228,0.1343135301445871,0,0,1,0,0,0,0,0,0,0,0,0,0,0,0,0,0,0,1,0,1,0,0
-0.06487587408433486,0.28753188012724307,0.004363974572063373,253,0.1343135301445871,1,0,1,0,0,0,0,0,0,0,0,0,0,0,0,0,0,0,1,0,1,0,0
-0.06487587408433486,0.28753188012724307,0.12031244705697923,260,0.1343135301445871,1,0,1,0,0,0,0,0,0,0,0,0,0,0,0,0,0,0,1,0,1,0,0
-0.06487587408433486,0.28753188012724307,-0.0342855162562426,251,0.1343135301445871,1,0,0,0,0,0,0,0,0,0,1,0,0,0,0,0,0,0,1,0,1,0,0
-0.06487587408433486,0.28753188012724307,0.08166295622867395,259,0.1343135301445871,1,0,0,0,0,0,0,0,0,0,1,0,0,0,0,0,0,0,1,0,1,0,0
1.9630968895724301,1.4596839789453286,0.7773537911381718,301,0.1343135301445871,1,0,1,0,0,0,0,0,0,0,0,0,0,0,0,0,0,0,1,0,1,0,0
0.32511888815735074,0.28753188012724307,0.043013465400368656,257,0.1343135301445871,1,0,0,0,0,0,0,0,0,0,0,1,0,0,0,0,0,0,1,0,0,1,0
-0.844865398567706,-0.8846202186908425,-1.0391722777921835,218,0.9676320203785437,0,0,0,0,0,0,0,0,0,0,0,1,0,0,0,0,0,0,0,0,1,0,0
-0.844865398567706,-0.8846202186908425,-0.34348144288268556,227,0.9676320203785437,0,0,0,0,0,0,0,0,0,0,0,1,0,0,0,0,0,0,1,0,1,0,0
-0.844865398567706,-0.8846202186908425,-0.614027878680824,215,0.9676320203785437,0,0,0,0,0,0,0,0,0,0,0,0,0,1,0,0,0,0,1,0,1,0,0
-0.06487587408433486,0.28753188012724307,0.004363974572063373,253,0.9676320203785437,1,0,0,0,0,0,0,0,0,0,0,0,0,1,0,0,0,0,1,0,1,0,0
-0.06487587408433486,0.28753188012724307,0.8160032819664771,302,-0.6990049600893694,1,0,0,0,0,0,0,0,0,0,0,0,0,1,0,0,0,0,1,0,0,0,1
-0.06487587408433486,0.28753188012724307,0.1976114287135905,265,0.9676320203785437,1,0,0,0,0,0,0,0,0,0,0,0,0,1,0,0,0,0,1,0,1,0,0
-0.844865398567706,-0.8846202186908425,-0.614027878680824,215,0.9676320203785437,0,0,0,0,0,0,0,0,0,0,0,0,0,1,0,0,0,0,1,0,1,0,0
-0.06487587408433486,0.28753188012724307,0.004363974572063373,253,0.9676320203785437,1,0,0,0,0,0,0,0,0,0,0,0,0,1,0,0,0,0,1,0,1,0,0
-0.06487587408433486,0.28753188012724307,0.8160032819664771,302,-0.6990049600893694,1,0,0,0,0,0,0,0,0,0,0,0,0,1,0,0,0,0,1,0,0,0,1
-0.06487587408433486,0.28753188012724307,0.1976114287135905,265,0.9676320203785437,1,0,0,0,0,0,0,0,0,0,0,0,0,1,0,0,0,0,1,0,1,0,0
1.4951031748824075,1.4596839789453286,0.9706012452796989,311,0.9676320203785437,1,0,0,0,0,0,0,0,0,0,0,0,0,1,0,0,0,0,1,0,1,0,0
1.4951031748824075,1.4596839789453286,0.9706012452796989,311,0.9676320203785437,1,0,0,0,0,0,0,0,0,0,0,0,0,1,0,0,0,0,1,0,1,0,0
-0.844865398567706,-0.8846202186908425,-0.8845743144789616,200,0.9676320203785437,0,0,0,0,0,0,0,0,0,0,0,0,0,0,0,0,0,0,1,0,1,0,0
-0.844865398567706,-0.8846202186908425,-0.768625841994045,207,0.9676320203785437,0,0,1,0,0,0,0,0,0,0,0,0,0,0,0,0,0,0,1,0,1,0,0
-0.06487587408433486,0.28753188012724307,0.3908588828551176,276,0.9676320203785437,1,1,0,0,0,0,0,0,0,0,0,0,0,0,0,0,0,0,1,0,1,0,0
-0.06487587408433486,0.28753188012724307,0.4295083736834229,280,0.9676320203785437,1,1,0,0,0,0,0,0,0,0,0,0,0,0,0,0,0,0,1,0,1,0,0
1.4951031748824075,1.4596839789453286,0.9706012452796989,313,0.9676320203785437,1,1,0,0,0,0,0,0,0,0,0,0,0,0,0,0,0,0,1,0,1,0,0
-0.5328695887743576,-0.8846202186908425,-0.4594299153676021,225,1.8009505106125,0,0,0,0,0,0,0,0,0,0,0,1,0,0,0,0,0,1,0,0,0,0,0
-0.5328695887743576,-0.8846202186908425,0.9706012452796989,218,1.8009505106125,0,0,0,0,0,0,0,0,0,0,0,1,0,0,0,0,1,0,0,0,0,0,0
-0.5328695887743576,-0.8846202186908425,-0.3048319520543803,235,1.8009505106125,0,0,0,0,0,0,0,0,0,0,0,1,0,0,0,0,0,1,0,0,0,0,0
-0.5328695887743576,-0.8846202186908425,1.2411476810778366,231,1.8009505106125,0,0,0,0,0,0,0,0,0,0,0,1,0,0,0,0,1,0,0,0,0,0,0
-0.5328695887743576,-0.8846202186908425,-0.2275329703977697,239,1.8009505106125,0,0,0,0,0,0,0,0,0,0,0,1,0,0,0,0,0,1,0,0,0,0,0
-0.5328695887743576,-0.8846202186908425,-0.5753783878525179,218,-0.6990049600893694,0,0,0,0,0,0,0,0,0,0,0,1,0,0,0,0,0,1,0,0,0,0,0
-0.5328695887743576,-0.8846202186908425,-0.6913268603374345,211,-0.6990049600893694,0,0,0,0,0,0,0,0,0,0,0,1,0,0,0,0,0,1,0,0,0,0,1
-0.5328695887743576,-0.8846202186908425,-0.4980794061959074,222,1.8009505106125,0,0,0,0,0,0,0,0,0,0,0,1,0,0,0,0,0,1,0,0,0,0,0
-0.5328695887743576,-0.8846202186908425,-0.5367288970242127,221,-0.6990049600893694,0,0,0,0,0,0,0,0,0,0,0,1,0,0,0,0,0,1,0,0,0,0,1
-0.06487587408433486,0.28753188012724307,-0.3048319520543803,268,0.9676320203785437,1,0,0,0,0,0,0,0,0,0,0,0,1,0,0,0,0,0,0,0,0,0,0
2.0410958420207677,1.4596839789453286,1.2797971719061418,331,0.9676320203785437,1,0,0,0,0,0,0,0,0,0,0,0,1,0,0,0,0,1,0,0,0,0,0
2.5870885091591274,1.4596839789453286,1.8981890251590285,368,0.9676320203785437,1,0,0,0,0,0,0,0,0,0,0,0,1,0,0,0,0,0,1,0,0,0,0
2.431090604262453,1.4596839789453286,2.671178841725137,413,0.9676320203785437,1,0,0,0,0,0,0,0,0,0,0,0,1,0,0,0,0,0,1,0,0,0,0
-0.844865398567706,-0.8846202186908425,-0.3048319520543803,233,0.9676320203785437,0,0,0,0,0,0,0,0,0,0,0,1,0,0,0,0,0,1,0,0,0,0,0
0.40311784060568795,0.28753188012724307,0.3908588828551176,274,0.9676320203785437,1,0,0,0,0,0,0,0,0,0,0,1,0,0,0,0,0,1,0,0,0,0,0
0.40311784060568795,0.28753188012724307,0.3908588828551176,277,-0.6990049600893694,1,0,0,0,0,0,0,0,0,0,0,1,0,0,0,0,0,1,0,0,0,0,1
-0.844865398567706,-0.8846202186908425,-0.11158449791285317,245,0.9676320203785437,1,0,0,0,0,0,0,0,0,0,0,1,0,0,0,0,0,1,0,0,0,0,0
0.40311784060568795,0.28753188012724307,0.3522093920268116,275,0.9676320203785437,1,0,0,0,0,0,0,0,0,0,0,1,0,0,0,0,0,1,0,0,0,0,0
0.40311784060568795,0.28753188012724307,0.5454568461683388,285,-0.6990049600893694,1,0,0,0,0,0,0,0,0,0,0,1,0,0,0,0,0,1,0,0,0,0,1
-0.5328695887743576,-0.8846202186908425,-0.4980794061959074,222,1.8009505106125,0,0,0,0,0,0,0,0,0,0,0,1,0,0,0,0,0,1,0,0,0,0,0
0.40311784060568795,0.28753188012724307,0.7773537911381718,299,-1.532323450323326,1,0,0,0,0,0,0,0,0,0,0,1,0,0,0,0,0,1,0,0,0,0,0
0.40311784060568795,0.28753188012724307,0.7773537911381718,298,-0.6990049600893694,1,0,0,0,0,0,0,0,0,0,0,1,0,0,0,0,0,1,0,0,0,0,1
0.40311784060568795,0.28753188012724307,1.0092507361080043,313,-1.532323450323326,1,0,0,0,0,0,0,0,0,0,0,1,0,0,0,0,0,1,0,0,0,0,0
0.40311784060568795,0.28753188012724307,0.9706012452796989,312,-0.6990049600893694,1,0,0,0,0,0,0,0,0,0,0,1,0,0,0,0,0,1,0,0,0,0,1
-0.844865398567706,-0.8846202186908425,-1.4256671860752377,168,-0.6990049600893694,0,0,1,0,0,0,0,0,0,0,0,0,0,0,0,0,0,1,0,0,1,0,0
-0.844865398567706,-0.8846202186908425,-0.9618732961355722,197,-0.6990049600893694,0,1,0,0,0,0,0,0,0,0,0,0,0,0,0,0,0,1,0,0,1,0,0
-0.844865398567706,-0.8846202186908425,-0.5367288970242127,224,-0.6990049600893694,0,1,0,0,0,0,0,0,0,0,0,0,0,0,0,0,0,1,0,0,1,0,0
-0.844865398567706,-0.8846202186908425,-2.005409548499819,132,-0.6990049600893694,0,0,1,0,0,0,0,0,0,0,0,0,0,0,0,0,0,1,0,1,0,0,0
-1.1568612083610545,-0.8846202186908425,-1.271069222762016,177,-0.6990049600893694,0,0,0,0,0,0,0,0,0,0,0,0,0,0,0,0,0,1,0,0,1,0,0
-1.1568612083610545,-0.8846202186908425,-1.271069222762016,175,-0.6990049600893694,0,0,0,0,0,0,0,0,0,0,0,0,0,0,0,0,0,1,0,0,0,0,1
-1.1568612083610545,-0.8846202186908425,-0.8845743144789616,199,0.1343135301445871,0,0,0,0,0,0,0,0,0,1,0,0,0,0,0,0,0,1,0,1,0,0,0
-0.5328695887743576,-0.8846202186908425,-0.614027878680824,218,-0.6990049600893694,0,0,0,0,0,0,0,0,0,0,0,1,0,0,0,0,0,1,0,0,1,0,0
0.16912098326067637,0.28753188012724307,0.1976114287135905,265,0.9676320203785437,1,0,1,0,0,0,0,0,0,0,0,0,0,0,0,0,0,0,1,0,1,0,0
1.651101079779082,2.631836077763414,1.3957456443910585,336,0.1343135301445871,1,0,0,0,0,0,0,0,0,0,0,0,0,1,0,0,0,0,1,1,0,0,0
1.651101079779082,2.631836077763414,1.6276425893608908,349,0.1343135301445871,1,0,0,0,0,0,0,0,0,0,0,0,0,1,0,0,0,0,1,1,0,0,0
1.651101079779082,2.631836077763414,1.4343951352193638,337,0.1343135301445871,1,0,0,0,0,0,0,0,0,0,0,0,0,1,0,0,0,0,1,1,0,0,0
1.651101079779082,2.631836077763414,1.6276425893608908,350,0.1343135301445871,1,0,0,0,0,0,0,0,0,0,0,0,0,1,0,0,0,0,1,1,0,0,0
-0.844865398567706,-0.8846202186908425,-0.11158449791285317,246,1.8009505106125,1,0,0,0,0,0,0,0,0,0,0,1,0,0,0,0,0,0,1,0,1,0,0
-0.844865398567706,-0.8846202186908425,-0.4594299153676021,225,1.8009505106125,0,0,0,0,0,0,0,0,0,0,0,1,0,0,0,0,0,0,1,0,1,0,0
-0.844865398567706,-0.8846202186908425,-0.3821309337109908,231,1.8009505106125,0,0,0,0,0,0,0,0,0,0,0,1,0,0,0,0,0,0,1,0,1,0,0
-0.844865398567706,-0.8846202186908425,-0.8845743144789616,229,0.9676320203785437,0,0,0,0,0,0,0,0,0,0,0,1,0,0,0,0,0,0,0,0,1,0,0
-0.06487587408433486,0.28753188012724307,0.31355990119850635,273,0.9676320203785437,1,0,0,0,0,0,0,0,0,0,0,1,0,0,0,0,0,0,1,0,1,0,0
0.32511888815735074,0.28753188012724307,0.08166295622867395,257,-0.6990049600893694,1,0,1,0,0,0,0,0,0,0,0,0,0,0,0,0,0,0,1,0,1,0,0
-0.844865398567706,-0.8846202186908425,-0.6526773695091292,214,0.9676320203785437,0,0,0,0,0,0,0,0,0,0,0,0,0,0,0,0,0,0,1,0,1,0,0
0.32511888815735074,0.28753188012724307,0.043013465400368656,254,-0.6990049600893694,1,0,0,0,0,0,0,0,0,0,0,0,0,0,0,0,0,0,1,0,1,0,0
0.32511888815735074,0.28753188012724307,0.043013465400368656,254,-0.6990049600893694,1,0,0,0,0,0,0,0,0,0,0,0,0,0,0,0,0,0,1,0,1,0,0
1.4951031748824075,1.4596839789453286,0.5454568461683388,286,2.634269000846457,1,0,0,0,0,0,0,0,0,0,1,0,0,0,0,0,0,0,1,0,1,0,0
0.32511888815735074,0.28753188012724307,-1.0778217686204887,187,2.634269000846457,0,0,0,0,0,0,0,0,0,0,1,0,0,0,0,0,0,0,1,0,0,1,0
0.24711993570901356,0.28753188012724307,-0.2275329703977697,240,2.634269000846457,0,0,1,0,0,0,0,0,0,0,0,0,0,0,0,0,0,0,1,0,1,0,0
0.24711993570901356,0.28753188012724307,0.08166295622867395,259,2.634269000846457,1,0,1,0,0,0,0,0,0,0,0,0,0,0,0,0,0,0,1,0,1,0,0
0.32511888815735074,0.28753188012724307,-0.9232238053072669,195,2.634269000846457,0,0,1,0,0,0,0,0,0,0,0,0,0,0,0,0,0,0,1,0,0,1,0
0.32511888815735074,0.28753188012724307,-0.6526773695091292,211,2.634269000846457,0,0,1,0,0,0,0,0,0,0,0,0,0,0,0,0,0,0,1,0,0,1,0
2.0410958420207677,1.4596839789453286,1.9368385159873345,371,0.9676320203785437,1,0,0,0,0,0,0,0,0,0,0,0,1,0,0,0,0,0,1,0,1,0,0
-0.844865398567706,-0.8846202186908425,-0.4207804245392968,226,-0.6990049600893694,0,0,0,0,0,0,0,0,0,0,0,1,0,0,0,0,0,0,1,0,1,0,0
-0.844865398567706,-0.8846202186908425,-0.34348144288268556,232,-0.6990049600893694,0,0,0,0,0,0,0,0,0,0,0,1,0,0,0,0,0,0,1,0,1,0,0
0.32511888815735074,0.28753188012724307,0.1589619378852845,262,-0.6990049600893694,1,0,0,0,0,0,0,0,0,0,1,0,0,0,0,0,0,0,1,0,1,0,0
0.32511888815735074,0.28753188012724307,0.1589619378852845,262,-0.6990049600893694,1,0,0,0,0,0,0,0,0,0,1,0,0,0,0,0,0,0,1,0,1,0,0
0.32511888815735074,0.28753188012724307,0.12031244705697923,268,0.9676320203785437,1,0,0,0,0,0,0,0,0,0,0,1,0,0,0,0,0,1,0,0,1,0,0
-0.2988727314293461,0.28753188012724307,0.4681578645117282,280,-0.6990049600893694,1,1,0,0,0,0,0,0,0,0,0,0,0,0,0,0,0,1,0,0,1,0,0
-0.06487587408433486,0.28753188012724307,0.5841063369966447,290,-0.6990049600893694,1,1,0,0,0,0,0,0,0,0,0,0,0,0,0,0,0,1,0,0,1,0,0
-0.6108685412226948,-0.8846202186908425,0.27491041037020103,269,-0.6990049600893694,1,0,0,0,0,0,0,0,0,0,0,1,0,0,0,0,0,1,0,0,1,0,0
0.4811167930540251,0.28753188012724307,0.6614053186532552,293,-0.6990049600893694,1,0,0,0,0,0,0,0,0,0,0,1,0,0,0,0,0,1,0,0,1,0,0
-0.844865398567706,-0.8846202186908425,-0.18888347956946375,242,-0.6990049600893694,0,0,1,0,0,0,0,0,0,0,0,0,0,0,0,0,0,1,0,0,1,0,0
0.32511888815735074,0.28753188012724307,0.9706012452796989,310,2.634269000846457,1,0,0,0,0,0,0,0,0,0,0,0,1,0,0,0,0,1,0,0,1,0,0
-0.06487587408433486,0.28753188012724307,0.62275582782495,293,0.9676320203785437,1,0,1,0,0,0,0,0,0,0,0,0,0,0,0,0,0,0,1,0,1,0,0
-0.06487587408433486,0.28753188012724307,1.3957456443910585,340,0.9676320203785437,1,0,0,0,0,0,0,0,0,0,0,0,1,0,0,0,0,0,1,0,1,0,0
-0.06487587408433486,0.28753188012724307,1.5116941168759743,346,0.9676320203785437,1,0,0,0,0,0,0,0,0,0,0,0,1,0,0,0,0,0,1,0,1,0,0
0.559115745502362,1.4596839789453286,1.12519920859292,321,0.9676320203785437,1,1,0,0,0,0,0,0,0,0,0,0,0,0,0,0,0,0,1,0,1,0,0
-0.06487587408433486,0.28753188012724307,0.7773537911381718,300,0.9676320203785437,1,1,0,0,0,0,0,0,0,0,0,0,0,0,0,0,0,0,1,0,1,0,0
-0.06487587408433486,0.28753188012724307,0.7773537911381718,301,0.9676320203785437,1,1,0,0,0,0,0,0,0,0,0,0,0,0,0,0,0,0,1,0,1,0,0
-0.844865398567706,-0.8846202186908425,-1.2324197319337105,180,-0.6990049600893694,0,0,0,0,0,0,0,0,0,0,0,0,0,0,0,0,0,1,0,0,1,0,0
-0.844865398567706,-0.8846202186908425,-1.0391722777921835,189,-0.6990049600893694,0,0,0,0,0,0,0,0,0,0,0,0,0,0,0,0,0,1,0,0,0,0,1
-0.844865398567706,-0.8846202186908425,-0.768625841994045,206,-0.6990049600893694,0,0,0,0,0,0,0,0,0,0,0,1,0,0,0,0,0,1,0,0,0,0,1
-0.4548706363260205,-0.8846202186908425,-0.768625841994045,206,-0.6990049600893694,0,0,0,0,0,0,0,0,0,0,0,1,0,0,0,0,0,1,0,0,1,0,0
-0.4548706363260205,-0.8846202186908425,-0.8845743144789616,201,-0.6990049600893694,0,0,0,0,0,0,0,0,0,0,0,1,0,0,0,0,0,1,0,0,1,0,0
-0.4548706363260205,-0.8846202186908425,-0.5753783878525179,217,-0.6990049600893694,0,0,0,0,0,0,0,0,0,0,0,1,0,0,0,0,0,1,0,0,1,0,0
-0.4548706363260205,-0.8846202186908425,-0.6913268603374345,208,-0.6990049600893694,0,0,0,0,0,0,0,0,0,0,0,1,0,0,0,0,0,1,0,0,1,0,0
-0.4548706363260205,-0.8846202186908425,-1.1551207502770997,187,-0.6990049600893694,0,0,1,0,0,0,0,0,0,0,0,0,0,0,0,0,0,1,0,0,1,0,0
-0.4548706363260205,-0.8846202186908425,-0.7299763511657398,208,-0.6990049600893694,0,0,1,0,0,0,0,0,0,0,0,0,0,0,0,0,0,1,0,0,1,0,0
-0.844865398567706,-0.8846202186908425,-1.0778217686204887,188,-0.6990049600893694,0,0,0,0,0,0,0,0,0,0,0,0,0,1,0,0,0,0,1,0,1,0,0
-0.844865398567706,-0.8846202186908425,-1.0391722777921835,189,-0.6990049600893694,0,0,0,0,0,0,0,0,0,0,0,0,0,1,0,0,0,0,1,0,0,0,1
-0.06487587408433486,0.28753188012724307,-0.15023398874115845,244,1.8009505106125,0,0,0,0,0,0,0,0,0,0,0,0,0,0,0,0,0,0,1,0,0,0,0
-0.06487587408433486,0.28753188012724307,0.08166295622867395,256,1.8009505106125,1,0,0,0,0,0,0,0,0,0,1,0,0,0,0,0,0,0,1,0,0,0,0
-0.06487587408433486,0.28753188012724307,-0.11158449791285317,245,1.8009505106125,1,0,0,0,0,0,0,0,0,0,1,0,0,0,0,0,0,0,1,0,0,0,0
0.7151136503990364,1.4596839789453286,0.3522093920268116,274,0.1343135301445871,1,0,0,0,0,0,0,0,0,0,0,0,0,0,0,0,0,0,1,0,0,0,0
0.7151136503990364,1.4596839789453286,0.62275582782495,291,0.1343135301445871,1,0,0,0,0,0,0,0,0,0,1,0,0,0,0,0,0,0,1,0,0,0,0
0.7151136503990364,1.4596839789453286,0.5068073553400334,285,0.1343135301445871,1,0,0,0,0,0,0,0,0,0,1,0,0,0,0,0,0,0,1,0,0,0,0
0.7151136503990364,1.4596839789453286,0.3522093920268116,274,0.1343135301445871,1,0,0,0,0,0,0,0,0,0,0,0,0,0,0,0,0,0,1,0,0,0,0
0.7151136503990364,1.4596839789453286,0.62275582782495,291,0.1343135301445871,1,0,0,0,0,0,0,0,0,0,1,0,0,0,0,0,0,0,1,0,0,0,0
0.7151136503990364,1.4596839789453286,0.5454568461683388,285,0.1343135301445871,1,0,0,0,0,0,0,0,0,0,1,0,0,0,0,0,0,0,1,0,0,0,0
-0.844865398567706,-0.8846202186908425,-0.614027878680824,217,0.1343135301445871,0,0,0,0,0,0,0,0,0,0,0,0,0,0,0,0,0,0,1,1,0,0,0
-0.06487587408433486,0.28753188012724307,0.12031244705697923,258,1.8009505106125,1,0,1,0,0,0,0,0,0,0,0,0,0,0,0,0,0,0,1,0,0,0,0
0.7151136503990364,1.4596839789453286,0.9706012452796989,313,1.8009505106125,1,0,1,0,0,0,0,0,0,0,0,0,0,0,0,0,0,0,1,0,0,0,0
0.7151136503990364,1.4596839789453286,0.9706012452796989,312,1.8009505106125,1,0,0,0,0,0,0,0,1,0,0,0,0,0,0,0,0,0,1,0,0,0,0
-0.844865398567706,-0.8846202186908425,-0.4594299153676021,225,0.1343135301445871,0,0,0,0,0,0,0,0,1,0,0,0,0,0,0,0,0,0,1,1,0,0,0
-0.06487587408433486,0.28753188012724307,0.3908588828551176,277,1.8009505106125,1,0,0,0,0,0,0,0,0,0,0,1,0,0,0,0,0,0,1,0,0,0,0
-0.06487587408433486,0.28753188012724307,0.31355990119850635,272,1.8009505106125,1,0,0,0,0,0,0,0,0,0,0,1,0,0,0,0,0,0,1,0,0,0,0
-0.06487587408433486,0.28753188012724307,0.5068073553400334,282,1.8009505106125,1,0,0,0,0,0,0,0,0,0,0,0,1,0,0,0,0,0,1,0,0,0,0
-0.06487587408433486,0.28753188012724307,0.5454568461683388,285,1.8009505106125,1,0,0,0,0,0,0,0,0,0,0,0,1,0,0,0,0,0,1,0,0,0,0
1.8850979371240932,1.4596839789453286,1.820890043502418,364,0.1343135301445871,1,0,0,0,0,0,0,0,0,0,0,0,1,0,0,0,0,0,1,0,0,0,0
1.8850979371240932,1.4596839789453286,1.7049415710175013,357,0.1343135301445871,1,0,0,0,0,0,0,0,0,0,0,0,1,0,0,0,0,0,1,0,0,0,0
1.8850979371240932,1.4596839789453286,1.8981890251590285,367,0.1343135301445871,1,0,0,0,0,0,0,0,0,0,0,0,1,0,0,0,0,0,1,0,0,0,0
0.7151136503990364,1.4596839789453286,0.7773537911381718,302,0.1343135301445871,1,0,0,0,0,0,0,0,0,0,0,0,0,1,0,0,0,0,1,1,0,0,0
0.7151136503990364,1.4596839789453286,0.8546527727947824,304,0.1343135301445871,1,0,0,0,0,0,0,0,0,0,0,0,0,1,0,0,0,0,1,1,0,0,0
0.7151136503990364,1.4596839789453286,1.163848699421226,322,0.1343135301445871,1,0,0,0,0,0,0,0,0,0,0,0,0,1,0,0,0,0,1,1,0,0,0
0.7151136503990364,1.4596839789453286,1.163848699421226,322,0.1343135301445871,1,0,0,0,0,0,0,0,0,0,0,0,0,1,0,0,0,0,1,1,0,0,0
0.7151136503990364,1.4596839789453286,1.2024981902495313,324,0.1343135301445871,1,0,0,0,0,0,0,0,0,0,0,0,0,1,0,0,0,0,1,1,0,0,0
0.7151136503990364,1.4596839789453286,0.7773537911381718,302,0.1343135301445871,1,0,0,0,0,0,0,0,0,0,0,0,0,1,0,0,0,0,1,1,0,0,0
0.7151136503990364,1.4596839789453286,0.3908588828551176,275,1.8009505106125,1,1,0,0,0,0,0,0,0,0,0,0,0,0,0,0,0,0,1,0,0,0,0
0.7151136503990364,1.4596839789453286,0.8933022636230876,306,1.8009505106125,1,0,0,0,0,0,0,0,0,0,1,0,0,0,0,0,0,0,1,0,0,0,0
0.7151136503990364,1.4596839789453286,0.31355990119850635,271,1.8009505106125,1,0,0,0,0,0,0,0,0,0,0,0,0,0,0,0,0,0,1,0,0,0,0
2.275092699365779,3.8039881765815,1.666292080189196,356,0.1343135301445871,1,1,0,0,0,0,0,0,0,0,0,0,0,0,0,0,0,0,1,0,0,0,0
1.8850979371240932,1.4596839789453286,0.62275582782495,291,0.1343135301445871,1,0,0,0,0,0,0,0,0,0,0,0,0,1,0,0,0,0,1,0,0,0,0
2.275092699365779,3.8039881765815,1.4343951352193638,339,0.1343135301445871,1,0,0,0,0,0,0,0,0,0,0,0,0,1,0,0,0,0,1,0,0,0,0
-0.06487587408433486,0.28753188012724307,-0.266182461226075,236,1.8009505106125,0,0,0,0,0,0,0,0,0,0,0,0,0,1,0,0,0,0,1,0,0,0,0
-0.844865398567706,-0.8846202186908425,-0.9232238053072669,196,0.1343135301445871,0,0,1,0,0,0,0,0,0,0,0,0,0,0,0,0,0,0,1,1,0,0,0
-0.844865398567706,-0.8846202186908425,-0.6526773695091292,215,0.1343135301445871,0,0,1,0,0,0,0,0,0,0,0,0,0,0,0,0,0,0,1,1,0,0,0
-0.844865398567706,-0.8846202186908425,-0.6526773695091292,214,1.8009505106125,0,0,0,0,0,0,0,0,0,0,0,0,0,0,0,0,0,0,1,0,0,0,0
-0.844865398567706,-0.8846202186908425,-0.4594299153676021,224,1.8009505106125,0,0,0,0,0,0,0,0,0,0,1,0,0,0,0,0,0,0,1,0,0,0,0
-0.844865398567706,-0.8846202186908425,-0.5753783878525179,218,1.8009505106125,0,0,0,0,0,0,0,0,0,0,1,0,0,0,0,0,0,0,1,0,0,0,0
-0.844865398567706,-0.8846202186908425,-0.4980794061959074,222,1.8009505106125,0,0,0,0,0,0,0,0,1,0,0,0,0,0,0,0,0,0,1,0,0,0,0
-0.844865398567706,-0.8846202186908425,-1.0005227869638782,193,0.1343135301445871,0,0,0,0,0,0,0,0,0,0,0,0,0,0,0,0,0,0,1,1,0,0,0
-0.844865398567706,-0.8846202186908425,-0.8072753328223511,204,0.1343135301445871,0,0,0,0,0,0,0,0,0,0,0,0,0,0,0,0,0,0,1,1,0,0,0
-0.844865398567706,-0.8846202186908425,-0.4207804245392968,227,1.8009505106125,0,0,1,0,0,0,0,0,0,0,0,0,0,0,0,0,0,0,1,0,0,0,0
-0.06487587408433486,0.28753188012724307,-0.15023398874115845,246,1.8009505106125,1,0,1,0,0,0,0,0,0,0,0,0,0,0,0,0,0,0,1,0,0,0,0
-0.06487587408433486,0.28753188012724307,0.004363974572063373,251,1.8009505106125,1,0,0,0,0,0,0,0,0,0,1,0,0,0,0,0,0,0,1,0,0,0,0
-0.06487587408433486,0.28753188012724307,-0.07293500708454788,248,1.8009505106125,1,0,0,0,0,0,0,0,0,0,1,0,0,0,0,0,0,0,1,0,0,0,0
-0.06487587408433486,0.28753188012724307,0.12031244705697923,261,1.8009505106125,1,0,0,0,0,0,0,0,1,0,0,0,0,0,0,0,0,0,1,0,0,0,0
0.7151136503990364,1.4596839789453286,2.5938798600685264,410,0.1343135301445871,1,0,0,0,0,0,0,0,0,0,0,0,1,0,0,0,0,0,1,0,0,0,0
-0.844865398567706,-0.8846202186908425,-0.6913268603374345,209,0.1343135301445871,0,0,0,0,0,0,0,0,0,0,0,1,0,0,0,0,0,0,1,1,0,0,0
-0.844865398567706,-0.8846202186908425,-0.3048319520543803,240,1.8009505106125,0,0,0,0,0,0,0,0,0,0,0,1,0,0,0,0,0,0,1,0,0,0,0
-0.844865398567706,-0.8846202186908425,-0.3048319520543803,235,1.8009505106125,0,0,0,0,0,0,0,0,0,0,0,1,0,0,0,0,0,0,1,0,0,0,0
-0.06487587408433486,0.28753188012724307,0.5068073553400334,282,1.8009505106125,1,0,0,0,0,0,0,0,0,0,0,0,1,0,0,0,0,0,1,0,0,0,0
1.2611063175373964,1.4596839789453286,1.0479002269363096,317,1.8009505106125,1,0,0,0,0,0,0,0,0,0,0,0,1,0,0,0,0,0,1,0,0,0,0
-0.06487587408433486,0.28753188012724307,0.8546527727947824,305,1.8009505106125,1,0,0,0,0,0,0,0,0,0,0,0,1,0,0,0,0,0,1,0,0,0,0
1.2611063175373964,1.4596839789453286,1.5116941168759743,346,1.8009505106125,1,0,0,0,0,0,0,0,0,0,0,0,1,0,0,0,0,0,1,0,0,0,0
2.275092699365779,3.8039881765815,1.666292080189196,355,1.8009505106125,1,1,0,0,0,0,0,0,0,0,0,0,0,0,0,0,0,0,1,0,0,0,0
-0.844865398567706,-0.8846202186908425,-0.0342855162562426,251,0.1343135301445871,1,0,0,0,0,0,0,1,0,0,0,0,0,0,0,0,0,0,1,0,0,0,0
-0.844865398567706,-0.8846202186908425,0.23626091954189576,268,0.1343135301445871,1,0,0,0,0,0,0,1,0,0,0,0,0,0,0,0,0,0,1,0,0,0,0
-0.06487587408433486,0.28753188012724307,0.043013465400368656,255,1.8009505106125,1,0,1,0,0,0,0,0,0,0,0,0,0,0,0,0,0,0,1,0,0,0,0
0.7151136503990364,1.4596839789453286,0.3908588828551176,276,1.8009505106125,1,0,0,0,0,0,0,0,0,0,1,0,0,0,0,0,0,0,1,0,0,0,0
0.7151136503990364,1.4596839789453286,0.1976114287135905,265,1.8009505106125,1,1,0,0,0,0,0,0,0,0,0,0,0,0,0,0,0,0,1,0,0,0,0
0.7151136503990364,1.4596839789453286,0.1589619378852845,261,1.8009505106125,1,0,1,0,0,0,0,0,0,0,0,0,0,0,0,0,0,0,1,0,0,0,0
0.7151136503990364,1.4596839789453286,0.23626091954189576,269,1.8009505106125,1,0,0,0,0,0,0,0,0,0,0,0,0,0,0,0,0,0,1,0,0,0,0
-0.06487587408433486,0.28753188012724307,-0.2275329703977697,238,1.8009505106125,0,0,0,0,0,0,0,0,0,0,0,0,0,1,0,0,0,0,1,0,0,0,0
1.2611063175373964,1.4596839789453286,0.3908588828551176,275,1.8009505106125,1,0,0,0,0,0,0,0,0,0,0,0,0,1,0,0,0,0,1,0,0,0,0
-0.844865398567706,-0.8846202186908425,-0.8459248236506564,202,1.8009505106125,0,0,0,0,0,0,0,0,0,0,0,0,0,1,0,0,0,0,1,0,0,0,0
-1.2348601608093916,-1.4706962680998854,-1.116471259448794,184,-0.6990049600893694,0,0,0,0,0,0,0,0,0,0,1,0,0,0,0,0,0,0,1,0,1,0,0
-1.2348601608093916,-1.4706962680998854,-1.116471259448794,184,-0.6990049600893694,0,0,0,0,0,0,0,0,0,0,1,0,0,0,0,0,0,0,1,0,1,0,0
-1.2348601608093916,-1.4706962680998854,-1.3097187135903212,174,-0.6990049600893694,0,0,0,0,0,0,0,0,0,0,1,0,0,0,0,0,0,0,1,0,0,0,1
-1.2348601608093916,-1.4706962680998854,-0.6913268603374345,212,0.9676320203785437,0,0,1,0,0,0,0,0,0,0,0,0,0,0,0,0,0,0,1,0,1,0,0
-1.2348601608093916,-1.4706962680998854,-0.6526773695091292,214,-0.6990049600893694,0,0,1,0,0,0,0,0,0,0,0,0,0,0,0,0,0,0,1,0,0,0,1
-1.2348601608093916,-1.4706962680998854,-1.116471259448794,184,-0.6990049600893694,0,0,0,1,0,0,0,0,0,0,0,0,0,0,0,0,0,0,1,0,1,0,0
-1.2348601608093916,-1.4706962680998854,-1.3097187135903212,174,-0.6990049600893694,0,0,0,1,0,0,0,0,0,0,0,0,0,0,0,0,0,0,1,0,0,0,1
-1.2348601608093916,-1.4706962680998854,-0.614027878680824,215,0.9676320203785437,0,0,0,0,0,0,0,0,0,1,0,0,0,0,0,0,0,0,1,0,1,0,0
-1.2348601608093916,-1.4706962680998854,-0.6526773695091292,214,-0.6990049600893694,0,0,0,0,0,0,0,0,0,1,0,0,0,0,0,0,0,0,1,0,0,0,1
-0.844865398567706,-0.8846202186908425,-0.9232238053072669,197,-0.6990049600893694,0,0,0,0,0,0,0,0,0,0,1,0,0,0,0,0,0,0,1,0,1,0,0
-0.844865398567706,-0.8846202186908425,-0.6913268603374345,210,-0.6990049600893694,0,0,0,0,0,0,0,0,0,0,1,0,0,0,0,0,0,0,1,0,0,0,1
-0.844865398567706,-0.8846202186908425,-0.9232238053072669,197,-0.6990049600893694,0,0,0,0,0,0,0,0,0,0,1,0,0,0,0,0,0,0,1,0,1,0,0
-0.844865398567706,-0.8846202186908425,-0.6913268603374345,210,-0.6990049600893694,0,0,0,0,0,0,0,0,0,0,1,0,0,0,0,0,0,0,1,0,0,0,1
-0.844865398567706,-0.8846202186908425,-0.614027878680824,215,0.9676320203785437,0,0,1,0,0,0,0,0,0,0,0,0,0,0,0,0,0,0,1,0,1,0,0
-0.844865398567706,-0.8846202186908425,-0.9618732961355722,195,-0.6990049600893694,0,0,0,1,0,0,0,0,0,0,0,0,0,0,0,0,0,0,1,0,1,0,0
-0.844865398567706,-0.8846202186908425,-0.6913268603374345,210,-0.6990049600893694,0,0,0,1,0,0,0,0,0,0,0,0,0,0,0,0,0,0,1,0,0,0,1
-0.844865398567706,-0.8846202186908425,-0.614027878680824,215,0.9676320203785437,0,0,1,0,0,0,0,0,0,0,0,0,0,0,0,0,0,0,1,0,1,0,0
-0.844865398567706,-0.8846202186908425,-0.4207804245392968,227,-0.6990049600893694,0,0,1,0,0,0,0,0,0,0,0,0,0,0,0,0,0,0,1,0,0,0,1
-0.844865398567706,-0.8846202186908425,-0.9232238053072669,197,-0.6990049600893694,0,0,0,0,0,0,0,0,0,0,1,0,0,0,0,0,0,0,1,0,1,0,0
-0.844865398567706,-0.8846202186908425,-0.6913268603374345,210,-0.6990049600893694,0,0,0,0,0,0,0,0,0,0,1,0,0,0,0,0,0,0,1,0,0,0,1
-0.844865398567706,-0.8846202186908425,-0.6913268603374345,211,0.9676320203785437,0,0,1,0,0,0,0,0,0,0,0,0,0,0,0,0,0,0,1,0,1,0,0
-0.844865398567706,-0.8846202186908425,-0.4207804245392968,228,-0.6990049600893694,0,0,1,0,0,0,0,0,0,0,0,0,0,0,0,0,0,0,1,0,0,0,1
-0.844865398567706,-0.8846202186908425,-0.8072753328223511,203,-0.6990049600893694,0,0,0,1,0,0,0,0,0,0,0,0,0,0,0,0,0,0,1,0,1,0,0
-0.844865398567706,-0.8846202186908425,-0.5753783878525179,220,0.9676320203785437,0,0,1,0,0,0,0,0,0,0,0,0,0,0,0,0,0,0,1,0,1,0,0
-0.844865398567706,-0.8846202186908425,-0.34348144288268556,232,-0.6990049600893694,0,0,1,0,0,0,0,0,0,0,0,0,0,0,0,0,0,0,1,0,0,0,1
-1.2348601608093916,-0.8846202186908425,-0.7299763511657398,208,0.9676320203785437,0,0,0,0,0,0,0,0,0,0,0,1,0,0,0,0,0,1,0,0,0,1,0
-1.2348601608093916,-0.8846202186908425,-0.5753783878525179,216,0.9676320203785437,0,0,0,0,0,0,0,0,0,0,0,1,0,0,0,0,0,1,0,0,0,1,0
-0.5328695887743576,-0.8846202186908425,-0.6526773695091292,212,-0.6990049600893694,0,0,0,0,0,0,0,0,0,0,0,1,0,0,0,0,0,1,0,0,0,1,0
-0.06487587408433486,0.28753188012724307,-0.07293500708454788,248,-0.6990049600893694,1,0,0,0,0,0,0,0,0,0,0,1,0,0,0,0,0,0,1,0,1,0,0
-0.5328695887743576,-0.8846202186908425,-0.5367288970242127,219,-0.6990049600893694,0,0,0,0,0,0,0,0,0,0,0,1,0,0,0,0,0,1,0,0,0,1,0
-0.4548706363260205,-0.8846202186908425,-1.2324197319337105,179,-0.6990049600893694,0,0,1,0,0,0,0,0,0,0,0,0,0,0,0,0,0,1,0,0,0,1,0
-0.4548706363260205,-0.8846202186908425,-1.1551207502770997,185,0.1343135301445871,0,0,1,0,0,0,0,0,0,0,0,0,0,0,0,0,0,1,0,0,0,1,0
1.9630968895724301,1.4596839789453286,1.7822405526741127,362,0.1343135301445871,1,0,0,0,0,0,0,0,0,0,0,0,1,0,0,0,0,1,0,0,1,0,0
-0.4548706363260205,-0.8846202186908425,0.5841063369966447,290,-1.532323450323326,1,0,0,0,0,1,0,0,0,0,0,0,0,0,0,0,0,1,0,0,0,0,0
0.7151136503990364,0.28753188012724307,0.7773537911381718,300,-1.532323450323326,1,0,0,0,0,1,0,0,0,0,0,0,0,0,0,0,0,1,0,0,0,0,0
0.7151136503990364,0.28753188012724307,1.2024981902495313,326,-1.532323450323326,1,0,0,0,0,1,0,0,0,0,0,0,0,0,0,0,0,1,0,0,0,0,0
-1.1568612083610545,-0.8846202186908425,-1.387017695246932,169,-0.6990049600893694,0,0,1,0,0,0,0,0,0,0,0,0,0,0,0,0,0,1,0,0,0,1,0
0.32511888815735074,0.28753188012724307,-0.4594299153676021,227,0.1343135301445871,0,0,1,0,0,0,0,0,0,0,0,0,0,0,0,0,0,0,1,0,0,1,0
-1.1568612083610545,-0.8846202186908425,-1.0778217686204887,188,-2.3656419405572824,0,0,0,0,0,0,0,0,0,0,0,0,0,0,0,0,0,1,0,0,0,0,0
-1.1568612083610545,-0.8846202186908425,-1.116471259448794,186,-1.532323450323326,0,0,0,0,0,0,0,0,0,0,0,0,0,0,0,0,0,1,0,0,0,0,1
-0.844865398567706,-0.8846202186908425,-0.5753783878525179,218,-0.6990049600893694,0,0,0,0,0,0,0,1,0,0,0,0,0,0,0,0,0,1,0,0,0,1,0
0.32511888815735074,0.28753188012724307,0.08166295622867395,259,-0.6990049600893694,1,0,0,0,0,0,0,0,0,0,0,1,0,0,0,0,0,1,0,0,0,1,0
-0.844865398567706,-0.8846202186908425,-0.9232238053072669,196,-0.6990049600893694,0,0,0,0,0,0,0,0,0,1,0,0,0,0,0,0,0,1,0,0,0,1,0
-0.4548706363260205,-0.8846202186908425,-0.8072753328223511,205,-0.6990049600893694,0,0,0,0,0,0,0,0,0,0,0,1,0,0,0,0,0,1,0,0,0,1,0
-1.0008633034643803,-0.8846202186908425,-1.3483682044186267,172,-0.6990049600893694,0,0,1,0,0,0,0,0,0,0,0,0,0,0,0,0,0,1,0,0,0,1,0
-1.0008633034643803,-0.8846202186908425,-1.0778217686204887,187,-0.6990049600893694,0,0,1,0,0,0,0,0,0,0,0,0,0,0,0,0,0,1,0,0,0,0,1
1.9630968895724301,1.4596839789453286,1.2797971719061418,331,0.1343135301445871,1,0,0,0,0,0,1,0,0,0,0,0,0,0,0,0,0,1,0,0,1,0,0
-0.06487587408433486,0.28753188012724307,-0.15023398874115845,243,0.1343135301445871,0,0,0,1,0,0,0,0,0,0,0,0,0,0,0,0,0,0,1,1,0,0,0
-0.06487587408433486,0.28753188012724307,0.12031244705697923,260,0.1343135301445871,1,0,0,1,0,0,0,0,0,0,0,0,0,0,0,0,0,0,1,0,0,0,1
-0.06487587408433486,0.28753188012724307,-0.07293500708454788,249,0.1343135301445871,1,0,0,1,0,0,0,0,0,0,0,0,0,0,0,0,0,0,1,1,0,0,0
-0.06487587408433486,0.28753188012724307,0.08166295622867395,258,0.1343135301445871,1,0,0,1,0,0,0,0,0,0,0,0,0,0,0,0,0,0,1,0,0,0,1
-0.06487587408433486,0.28753188012724307,-0.07293500708454788,248,0.1343135301445871,1,0,0,1,0,0,0,0,0,0,0,0,0,0,0,0,0,0,1,1,0,0,0
-0.06487587408433486,0.28753188012724307,0.08166295622867395,257,0.1343135301445871,1,0,0,1,0,0,0,0,0,0,0,0,0,0,0,0,0,0,1,0,0,0,1
-0.06487587408433486,0.28753188012724307,-0.0342855162562426,250,0.1343135301445871,1,0,0,1,0,0,0,0,0,0,0,0,0,0,0,0,0,0,1,1,0,0,0
-0.06487587408433486,0.28753188012724307,0.12031244705697923,260,0.1343135301445871,1,0,0,1,0,0,0,0,0,0,0,0,0,0,0,0,0,0,1,0,0,0,1
0.7151136503990364,0.28753188012724307,1.2024981902495313,324,0.1343135301445871,1,0,0,0,0,0,0,0,0,0,0,0,0,1,0,0,0,0,1,1,0,0,0
0.7151136503990364,0.28753188012724307,1.666292080189196,352,-0.6990049600893694,1,0,0,0,0,0,0,0,0,0,0,0,0,1,0,0,0,0,1,0,0,0,1
-0.06487587408433486,0.28753188012724307,0.004363974572063373,251,0.1343135301445871,1,0,0,1,0,0,0,0,0,0,0,0,0,0,0,0,0,0,1,1,0,0,0
-0.06487587408433486,0.28753188012724307,0.23626091954189576,266,0.1343135301445871,1,0,0,1,0,0,0,0,0,0,0,0,0,0,0,0,0,0,1,0,0,0,1
0.559115745502362,0.28753188012724307,0.5841063369966447,285,0.1343135301445871,1,0,0,1,0,0,0,0,0,0,0,0,0,0,0,0,0,0,1,1,0,0,0
-0.4548706363260205,-0.8846202186908425,-0.07293500708454788,249,0.1343135301445871,1,0,0,0,0,0,0,0,0,0,0,0,0,1,0,0,0,0,1,1,0,0,0
-0.4548706363260205,-0.8846202186908425,0.08166295622867395,257,-0.6990049600893694,1,0,0,0,0,0,0,0,0,0,0,0,0,1,0,0,0,0,1,0,0,0,1
1.339105269985733,1.4596839789453286,1.3570961535627533,334,0.9676320203785437,1,0,0,0,0,0,0,0,0,0,0,0,1,0,0,0,0,0,1,0,0,0,0
1.339105269985733,1.4596839789453286,1.3570961535627533,334,0.9676320203785437,1,0,0,0,0,0,0,0,0,0,0,0,1,0,0,0,0,0,1,0,0,0,0
-0.4548706363260205,-0.8846202186908425,-0.07293500708454788,249,0.1343135301445871,1,0,0,0,0,0,0,0,0,0,0,0,0,1,0,0,0,0,1,1,0,0,0
-0.4548706363260205,-0.8846202186908425,0.08166295622867395,257,-0.6990049600893694,1,0,0,0,0,0,0,0,0,0,0,0,0,1,0,0,0,0,1,0,0,0,1
0.40311784060568795,0.28753188012724307,0.5841063369966447,286,0.1343135301445871,1,0,0,0,0,0,0,0,0,0,0,1,0,0,0,0,0,0,1,0,0,0,0
-0.06487587408433486,0.28753188012724307,-0.3821309337109908,229,0.9676320203785437,0,1,0,0,0,0,0,0,0,0,0,0,0,0,0,0,0,0,1,1,0,0,0
-0.06487587408433486,0.28753188012724307,-0.266182461226075,235,0.9676320203785437,0,1,0,0,0,0,0,0,0,0,0,0,0,0,0,0,0,0,1,1,0,0,0
-0.06487587408433486,0.28753188012724307,-0.266182461226075,235,0.9676320203785437,0,1,0,0,0,0,0,0,0,0,0,0,0,0,0,0,0,0,1,1,0,0,0
-0.06487587408433486,0.28753188012724307,-0.15023398874115845,242,0.9676320203785437,0,1,0,0,0,0,0,0,0,0,0,0,0,0,0,0,0,0,1,1,0,0,0
-0.14287482653267206,0.28753188012724307,-0.266182461226075,235,0.9676320203785437,0,1,0,0,0,0,0,0,0,0,0,0,0,0,0,0,0,0,1,1,0,0,0
-0.14287482653267206,0.28753188012724307,-0.266182461226075,235,0.9676320203785437,0,1,0,0,0,0,0,0,0,0,0,0,0,0,0,0,0,0,1,1,0,0,0
-0.14287482653267206,0.28753188012724307,-0.0342855162562426,249,0.9676320203785437,1,1,0,0,0,0,0,0,0,0,0,0,0,0,0,0,0,0,1,1,0,0,0
0.7151136503990364,1.4596839789453286,0.1589619378852845,261,0.9676320203785437,1,1,0,0,0,0,0,0,0,0,0,0,0,0,0,0,0,0,1,1,0,0,0
0.7151136503990364,1.4596839789453286,0.1589619378852845,261,0.9676320203785437,1,1,0,0,0,0,0,0,0,0,0,0,0,0,0,0,0,0,1,1,0,0,0
0.7151136503990364,1.4596839789453286,0.4295083736834229,279,0.9676320203785437,1,1,0,0,0,0,0,0,0,0,0,0,0,0,0,0,0,0,1,1,0,0,0
2.0410958420207677,1.4596839789453286,2.1300859701288615,382,-0.6990049600893694,1,0,0,0,0,0,1,0,0,0,0,0,0,0,0,0,0,1,0,0,0,0,0
-0.844865398567706,-0.8846202186908425,-0.3821309337109908,229,-0.6990049600893694,0,0,0,1,0,0,0,0,0,0,0,0,0,0,0,0,0,0,1,0,0,0,1
-0.844865398567706,-0.8846202186908425,-0.2275329703977697,239,-0.6990049600893694,0,0,0,1,0,0,0,0,0,0,0,0,0,0,0,0,0,0,1,0,0,0,1
-0.844865398567706,-0.8846202186908425,-1.0391722777921835,188,0.1343135301445871,0,0,0,0,0,0,0,0,0,0,0,1,0,0,0,0,0,1,0,0,0,1,0
-0.844865398567706,-0.8846202186908425,-0.5367288970242127,220,-0.6990049600893694,0,0,0,0,0,0,0,0,0,0,0,1,0,0,0,0,0,1,0,0,0,0,1
-0.4548706363260205,-0.8846202186908425,-0.9618732961355722,193,0.1343135301445871,0,0,1,0,0,0,0,0,0,0,0,0,0,0,0,0,0,1,0,0,0,1,0
-0.4548706363260205,-0.8846202186908425,-0.8845743144789616,198,0.1343135301445871,0,0,0,0,0,0,0,0,0,0,0,1,0,0,0,0,0,1,0,0,0,1,0
-0.844865398567706,-0.8846202186908425,0.1589619378852845,256,0.9676320203785437,1,0,0,0,0,0,0,0,0,0,0,0,0,0,0,0,0,0,1,0,0,1,0
-0.4548706363260205,-0.8846202186908425,0.6614053186532552,291,-0.6990049600893694,1,0,0,0,0,0,0,0,0,0,0,0,0,0,0,0,0,0,1,0,0,0,1
-0.4548706363260205,-0.8846202186908425,0.7773537911381718,296,-0.6990049600893694,1,0,0,0,0,0,0,0,0,0,0,0,0,0,0,0,0,0,1,0,0,0,1
0.7151136503990364,0.28753188012724307,0.931951754451393,308,-1.532323450323326,1,0,0,0,0,0,0,0,0,0,0,0,1,0,0,0,0,1,0,0,1,0,0
0.7151136503990364,0.28753188012724307,0.931951754451393,308,-1.532323450323326,1,0,0,0,0,0,0,0,0,0,0,0,1,0,0,0,0,1,0,0,1,0,0
-0.4548706363260205,-0.8846202186908425,-1.5029661677318482,164,0.9676320203785437,0,0,1,0,0,0,0,0,0,0,0,0,0,0,0,0,0,1,0,0,1,0,0
-0.4548706363260205,-0.8846202186908425,-1.3483682044186267,172,0.9676320203785437,0,0,1,0,0,0,0,0,0,0,0,0,0,0,0,0,0,1,0,0,1,0,0
-0.4548706363260205,-0.8846202186908425,-1.3097187135903212,173,0.9676320203785437,0,0,1,0,0,0,0,0,0,0,0,0,0,0,0,0,0,1,0,0,1,0,0
0.32511888815735074,0.28753188012724307,-0.6913268603374345,210,0.9676320203785437,0,0,1,0,0,0,0,0,0,0,0,0,0,0,0,0,0,1,0,0,1,0,0
0.32511888815735074,0.28753188012724307,-0.614027878680824,215,0.9676320203785437,0,0,1,0,0,0,0,0,0,0,0,0,0,0,0,0,0,1,0,0,1,0,0
-0.4548706363260205,-0.8846202186908425,-2.2759559842979566,113,-0.6990049600893694,0,0,1,0,0,0,0,0,0,0,0,0,0,0,0,0,0,1,0,0,0,1,0
-0.4548706363260205,-0.8846202186908425,-2.198657002641346,121,-0.6990049600893694,0,0,1,0,0,0,0,0,0,0,0,0,0,0,0,0,0,1,0,0,0,1,0
-0.844865398567706,-0.8846202186908425,-1.0005227869638782,189,0.1343135301445871,0,0,0,0,0,0,0,0,0,0,0,0,0,0,0,0,0,1,0,0,0,1,0
-1.0008633034643803,-0.8846202186908425,-1.2324197319337105,178,-0.6990049600893694,0,0,1,0,0,0,0,0,0,0,0,0,0,0,0,0,0,1,0,0,0,0,1
-1.0008633034643803,-0.8846202186908425,-2.4305539476111786,105,-0.6990049600893694,0,0,1,0,0,0,0,0,0,0,0,0,0,0,0,0,0,1,0,0,0,1,0
-0.4548706363260205,-0.8846202186908425,-1.3483682044186267,171,-0.6990049600893694,0,0,0,0,0,0,0,0,0,0,0,1,0,0,0,0,0,1,0,0,0,1,0
2.0410958420207677,1.4596839789453286,2.168735460957166,384,-0.6990049600893694,1,0,0,0,0,0,0,0,0,0,0,0,1,0,0,0,0,1,0,0,1,0,0
0.32511888815735074,0.28753188012724307,0.043013465400368656,256,0.9676320203785437,1,0,0,0,1,0,0,0,0,0,0,0,0,0,0,0,0,1,0,0,1,0,0
0.32511888815735074,0.28753188012724307,0.5068073553400334,283,-0.6990049600893694,1,0,0,0,0,1,0,0,0,0,0,0,0,0,0,0,0,1,0,0,1,0,0
0.32511888815735074,0.28753188012724307,0.7387043003098659,299,-0.6990049600893694,1,0,0,0,0,1,0,0,0,0,0,0,0,0,0,0,0,1,0,0,0,0,1
2.0410958420207677,1.4596839789453286,1.9754880068156397,371,-0.6990049600893694,1,0,0,0,0,0,1,0,0,0,0,0,0,0,0,0,0,1,0,0,1,0,0
1.183107365089059,1.4596839789453286,1.5889930985325855,354,-0.6990049600893694,1,0,0,0,0,0,1,0,0,0,0,0,0,0,0,0,0,1,0,0,1,0,0
2.0410958420207677,1.4596839789453286,2.1300859701288615,383,-0.6990049600893694,1,0,0,0,0,0,1,0,0,0,0,0,0,0,0,0,0,1,0,0,1,0,0
-0.844865398567706,-0.8846202186908425,-0.3048319520543803,233,0.9676320203785437,0,0,0,0,0,0,0,0,0,0,0,1,0,0,0,0,0,1,0,0,1,0,0
0.40311784060568795,0.28753188012724307,0.5068073553400334,282,0.9676320203785437,1,0,0,0,0,0,0,0,0,0,0,1,0,0,0,0,0,1,0,0,1,0,0
-0.844865398567706,-0.8846202186908425,-1.0005227869638782,191,-0.6990049600893694,0,0,0,0,0,0,0,0,0,0,0,0,0,0,0,0,0,1,0,0,1,0,0
-0.844865398567706,-0.8846202186908425,-1.0005227869638782,191,-0.6990049600893694,0,0,0,0,0,0,0,0,0,0,1,0,0,0,0,0,0,1,0,0,1,0,0
-0.844865398567706,-0.8846202186908425,-1.0391722777921835,189,-0.6990049600893694,0,0,0,0,0,0,0,0,0,0,0,0,0,0,0,0,0,1,0,0,1,0,0
-0.844865398567706,-0.8846202186908425,-1.0391722777921835,189,-0.6990049600893694,0,0,0,0,0,0,0,0,0,0,1,0,0,0,0,0,0,1,0,0,1,0,0
-1.0008633034643803,-0.8846202186908425,-0.8845743144789616,199,-0.6990049600893694,0,0,0,0,0,0,0,0,0,0,0,0,0,0,0,0,0,1,0,0,1,0,0
-1.0008633034643803,-0.8846202186908425,-1.0005227869638782,192,-1.532323450323326,0,0,0,0,0,0,0,0,0,0,0,0,0,0,0,0,0,1,0,0,0,0,1
-0.844865398567706,-0.8846202186908425,-0.8459248236506564,200,-0.6990049600893694,0,0,0,0,0,0,0,0,0,0,0,0,0,0,0,0,0,1,0,1,0,0,0
-0.844865398567706,-0.8846202186908425,-0.8845743144789616,199,-0.6990049600893694,0,0,0,0,0,0,0,0,0,0,0,0,0,0,0,0,0,1,0,0,0,0,1
-0.844865398567706,-0.8846202186908425,-0.5367288970242127,220,0.1343135301445871,0,0,0,0,0,0,0,0,0,0,0,0,0,0,0,0,0,0,1,1,0,0,0
-0.844865398567706,-0.8846202186908425,-0.3821309337109908,227,-0.6990049600893694,0,0,0,0,0,0,0,0,0,0,0,0,0,0,0,0,0,0,1,0,0,0,1
-1.0008633034643803,-0.8846202186908425,-0.5367288970242127,220,-0.6990049600893694,0,0,0,0,0,0,0,0,0,1,0,0,0,0,0,0,0,1,0,1,0,0,0
-1.0008633034643803,-0.8846202186908425,-0.4594299153676021,225,-0.6990049600893694,0,0,0,0,0,0,0,0,0,1,0,0,0,0,0,0,0,1,0,0,0,0,1
-1.0008633034643803,-0.8846202186908425,-0.8845743144789616,199,-0.6990049600893694,0,0,0,0,0,0,0,0,0,1,0,0,0,0,0,0,0,1,0,0,1,0,0
-1.0008633034643803,-0.8846202186908425,-1.0005227869638782,192,-1.532323450323326,0,0,0,0,0,0,0,0,0,1,0,0,0,0,0,0,0,1,0,0,0,0,1
-1.0008633034643803,-0.8846202186908425,-0.4594299153676021,224,-0.6990049600893694,0,0,0,0,0,0,0,0,0,1,0,0,0,0,0,0,0,1,0,1,0,0,0
-1.0008633034643803,-0.8846202186908425,-0.5753783878525179,218,-0.6990049600893694,0,0,0,0,0,0,0,0,0,1,0,0,0,0,0,0,0,1,0,0,0,0,1
-0.844865398567706,-0.8846202186908425,-1.0391722777921835,188,-0.6990049600893694,0,0,1,0,0,0,0,0,0,0,0,0,0,0,0,0,0,1,0,0,1,0,0
0.40311784060568795,0.28753188012724307,-0.07293500708454788,246,-0.6990049600893694,1,0,1,0,0,0,0,0,0,0,0,0,0,0,0,0,0,1,0,1,0,0,0
-0.844865398567706,-0.8846202186908425,-0.3821309337109908,229,0.9676320203785437,0,0,0,0,0,0,0,0,0,0,0,1,0,0,0,0,0,1,0,0,1,0,0
-0.844865398567706,-0.8846202186908425,-0.2275329703977697,237,0.9676320203785437,0,0,0,0,0,0,0,0,0,0,0,1,0,0,0,0,0,1,0,0,1,0,0
-0.844865398567706,-0.8846202186908425,-0.4207804245392968,226,0.9676320203785437,0,0,0,0,0,0,0,0,0,0,0,0,0,0,0,0,0,1,0,0,1,0,0
-0.844865398567706,-0.8846202186908425,-0.5367288970242127,221,0.9676320203785437,0,0,0,0,0,0,0,0,0,0,0,0,0,0,0,0,0,0,1,0,1,0,0
-0.844865398567706,-0.8846202186908425,-0.768625841994045,206,0.9676320203785437,0,0,1,0,0,0,0,0,0,0,0,0,0,0,0,0,0,0,1,0,1,0,0
-0.844865398567706,-0.8846202186908425,-0.5753783878525179,216,0.9676320203785437,0,0,1,0,0,0,0,0,0,0,0,0,0,0,0,0,0,0,1,0,1,0,0
-0.844865398567706,-0.8846202186908425,-0.4207804245392968,226,0.9676320203785437,0,0,0,0,0,0,0,0,0,1,0,0,0,0,0,0,0,1,0,0,1,0,0
-0.844865398567706,-0.8846202186908425,-0.5367288970242127,221,0.9676320203785437,0,0,0,0,0,0,0,0,0,1,0,0,0,0,0,0,0,0,1,0,1,0,0
-0.844865398567706,-0.8846202186908425,-0.5753783878525179,216,0.9676320203785437,0,0,0,0,0,0,0,0,1,0,0,0,0,0,0,0,0,0,1,0,1,0,0
-0.844865398567706,-0.8846202186908425,-0.614027878680824,214,0.9676320203785437,0,0,0,0,0,0,0,0,1,0,0,0,0,0,0,0,0,0,1,0,1,0,0
-0.844865398567706,-0.8846202186908425,-0.4594299153676021,224,0.9676320203785437,0,0,0,0,0,0,0,0,1,0,0,0,0,0,0,0,0,0,1,0,1,0,0
-0.844865398567706,-0.8846202186908425,-0.3821309337109908,228,0.9676320203785437,0,0,0,0,0,0,0,0,0,0,0,1,0,0,0,0,0,0,1,0,1,0,0
-0.844865398567706,-0.8846202186908425,-0.2275329703977697,240,0.9676320203785437,0,0,0,0,0,0,0,0,0,0,0,1,0,0,0,0,0,0,1,0,1,0,0
-0.844865398567706,-0.8846202186908425,-0.4207804245392968,227,0.9676320203785437,0,0,0,0,0,0,0,0,0,0,0,0,1,0,0,0,0,0,1,0,1,0,0
-0.844865398567706,-0.8846202186908425,-0.18888347956946375,240,0.9676320203785437,0,0,0,0,0,0,0,0,0,0,0,0,1,0,0,0,0,0,1,0,1,0,0
-0.5328695887743576,-0.8846202186908425,-0.8459248236506564,199,0.9676320203785437,0,0,0,0,0,0,0,0,0,0,0,0,0,0,0,0,0,0,1,1,0,0,0
0.32511888815735074,0.28753188012724307,0.004363974572063373,252,1.8009505106125,1,0,0,0,0,0,0,0,0,0,0,1,0,0,0,0,0,0,1,0,1,0,0
0.32511888815735074,0.28753188012724307,0.08166295622867395,258,1.8009505106125,1,0,0,0,0,0,0,0,0,0,0,1,0,0,0,0,0,0,1,0,1,0,0
-0.844865398567706,-0.8846202186908425,-0.34348144288268556,232,2.634269000846457,0,0,0,0,0,0,0,0,0,0,0,1,0,0,0,0,0,0,1,0,1,0,0
-0.844865398567706,-0.8846202186908425,-0.18888347956946375,242,2.634269000846457,0,0,0,0,0,0,0,0,0,0,0,1,0,0,0,0,0,0,1,0,1,0,0
-0.844865398567706,-0.8846202186908425,-0.5753783878525179,218,0.9676320203785437,0,0,0,0,0,0,0,0,0,0,0,1,0,0,0,0,0,0,1,0,0,0,0
-0.14287482653267206,0.28753188012724307,0.62275582782495,292,0.9676320203785437,1,0,0,0,0,0,0,0,0,0,0,1,0,0,0,0,0,0,1,0,0,0,0
1.651101079779082,3.8039881765815,0.9706012452796989,312,0.9676320203785437,1,0,0,1,0,0,0,0,0,0,0,0,0,0,0,0,0,0,1,0,0,0,0
1.651101079779082,3.8039881765815,1.163848699421226,324,0.9676320203785437,1,0,0,1,0,0,0,0,0,0,0,0,0,0,0,0,0,0,1,0,0,0,0
2.275092699365779,3.8039881765815,1.2797971719061418,332,0.9676320203785437,1,0,0,0,0,0,0,0,0,0,1,0,0,0,0,0,0,0,1,0,0,0,0
2.275092699365779,3.8039881765815,1.5116941168759743,346,0.9676320203785437,1,0,0,1,0,0,0,0,0,0,0,0,0,0,0,0,0,0,1,0,0,0,0
0.7151136503990364,1.4596839789453286,0.1589619378852845,264,0.9676320203785437,1,0,0,0,0,0,0,0,0,0,0,0,0,1,0,0,0,0,1,0,0,0,0
-0.844865398567706,-0.8846202186908425,-1.0391722777921835,188,0.1343135301445871,0,0,0,0,0,0,0,0,0,0,1,0,0,0,0,0,0,1,0,1,0,0,0
-0.844865398567706,-0.8846202186908425,-0.4594299153676021,225,0.1343135301445871,0,0,0,0,0,0,0,0,0,0,1,0,0,0,0,0,0,1,0,1,0,0,0
-0.844865398567706,-0.8846202186908425,-0.4980794061959074,221,0.1343135301445871,0,0,0,0,0,0,0,0,0,0,1,0,0,0,0,0,0,1,0,1,0,0,0
-0.844865398567706,-0.8846202186908425,-1.1551207502770997,182,0.1343135301445871,0,0,0,0,0,0,0,0,0,0,0,0,0,0,0,0,0,0,1,1,0,0,0
-0.844865398567706,-0.8846202186908425,-0.8072753328223511,204,0.1343135301445871,0,0,0,0,0,0,0,0,0,0,0,0,0,0,0,0,0,0,1,1,0,0,0
-0.844865398567706,-0.8846202186908425,-0.4980794061959074,221,0.1343135301445871,0,0,0,0,0,0,0,0,0,1,0,0,0,0,0,0,0,0,1,1,0,0,0
-0.844865398567706,-0.8846202186908425,-0.8072753328223511,204,0.1343135301445871,0,0,0,0,0,0,0,0,0,0,1,0,0,0,0,0,0,0,1,1,0,0,0
-0.844865398567706,-0.8846202186908425,-0.8072753328223511,204,0.1343135301445871,0,0,0,0,0,0,0,0,0,0,1,0,0,0,0,0,0,0,1,1,0,0,0
-0.844865398567706,-0.8846202186908425,-0.8072753328223511,204,0.1343135301445871,0,0,1,0,0,0,0,0,0,0,0,0,0,0,0,0,0,0,1,1,0,0,0
-0.06487587408433486,0.28753188012724307,-0.4594299153676021,224,0.1343135301445871,0,0,1,0,0,0,0,0,0,0,0,0,0,0,0,0,0,0,1,1,0,0,0
-0.06487587408433486,0.28753188012724307,-0.4594299153676021,224,0.1343135301445871,0,0,1,0,0,0,0,0,0,0,0,0,0,0,0,0,0,0,1,1,0,0,0
-0.06487587408433486,0.28753188012724307,0.004363974572063373,252,0.9676320203785437,1,1,0,0,0,0,0,0,0,0,0,0,0,0,0,0,0,0,1,0,1,0,0
-0.844865398567706,-0.8846202186908425,-0.07293500708454788,248,0.9676320203785437,1,0,0,0,0,0,0,0,0,0,0,1,0,0,0,0,0,1,0,0,1,0,0
-0.844865398567706,-0.8846202186908425,-0.34348144288268556,230,0.1343135301445871,0,0,0,0,0,0,0,0,0,0,0,1,0,0,0,0,0,0,1,1,0,0,0
-0.06487587408433486,0.28753188012724307,0.6614053186532552,294,0.9676320203785437,1,0,0,0,0,0,0,0,0,0,0,0,1,0,0,0,0,0,1,0,1,0,0
-0.4548706363260205,-0.2985441692817997,-0.07293500708454788,247,0.1343135301445871,1,0,0,0,0,0,0,0,0,0,1,0,0,0,0,0,0,0,1,1,0,0,0
-0.14287482653267206,0.28753188012724307,0.1976114287135905,262,0.9676320203785437,1,0,0,0,0,0,0,0,0,0,1,0,0,0,0,0,0,0,1,0,1,0,0
-0.14287482653267206,0.28753188012724307,0.27491041037020103,268,0.9676320203785437,1,0,1,0,0,0,0,0,0,0,0,0,0,0,0,0,0,0,1,0,1,0,0
-0.844865398567706,-0.8846202186908425,-0.4980794061959074,222,0.1343135301445871,0,0,0,0,0,0,0,0,0,0,1,0,0,0,0,0,0,0,1,1,0,0,0
-0.06487587408433486,0.28753188012724307,-0.3821309337109908,230,0.9676320203785437,0,0,0,0,0,0,0,0,0,0,0,0,0,0,0,0,0,0,1,0,1,0,0
-0.06487587408433486,0.28753188012724307,-0.3821309337109908,230,0.9676320203785437,0,0,0,0,0,0,0,0,0,0,1,0,0,0,0,0,0,0,1,0,1,0,0
-0.06487587408433486,0.28753188012724307,-0.34348144288268556,234,0.9676320203785437,0,0,0,0,0,0,0,0,0,0,1,0,0,0,0,0,0,0,1,0,1,0,0
-0.06487587408433486,0.28753188012724307,-0.3821309337109908,230,0.9676320203785437,0,0,1,0,0,0,0,0,0,0,0,0,0,0,0,0,0,0,1,0,1,0,0
-0.06487587408433486,0.28753188012724307,0.27491041037020103,270,0.9676320203785437,1,0,0,0,0,0,0,0,0,0,0,1,0,0,0,0,0,0,1,0,1,0,0
-0.844865398567706,-0.8846202186908425,-0.614027878680824,213,0.1343135301445871,0,0,0,0,0,0,0,0,0,0,1,0,0,0,0,0,0,1,0,1,0,0,0
-0.844865398567706,-0.8846202186908425,-0.614027878680824,213,0.1343135301445871,0,0,0,0,0,0,0,0,0,0,0,0,0,1,0,0,0,1,0,1,0,0,0
-0.4548706363260205,-0.2985441692817997,-0.18888347956946375,241,0.1343135301445871,0,0,0,0,0,0,0,0,0,0,1,0,0,0,0,0,0,0,1,1,0,0,0
-0.844865398567706,-0.8846202186908425,-0.5367288970242127,220,0.1343135301445871,0,0,0,0,0,0,0,0,0,0,1,0,0,0,0,0,0,0,1,1,0,0,0
0.7151136503990364,1.4596839789453286,1.0865497177646148,315,0.9676320203785437,1,0,0,0,0,0,0,0,0,0,0,0,1,0,0,0,0,0,1,0,1,0,0
-0.844865398567706,-0.8846202186908425,-0.768625841994045,207,0.9676320203785437,0,0,0,0,0,0,0,0,0,0,1,0,0,0,0,0,0,0,1,0,1,0,0
-0.844865398567706,-0.8846202186908425,-0.9618732961355722,194,0.9676320203785437,0,0,0,0,0,0,0,0,0,0,0,0,0,0,0,0,0,0,1,0,1,0,0
-0.844865398567706,-0.8846202186908425,-0.768625841994045,207,0.9676320203785437,0,1,0,0,0,0,0,0,0,0,0,0,0,0,0,0,0,0,1,0,1,0,0
-0.844865398567706,-0.8846202186908425,-0.768625841994045,207,0.9676320203785437,0,0,0,0,0,0,0,0,0,1,0,0,0,0,0,0,0,0,1,0,1,0,0
-0.844865398567706,-0.8846202186908425,-0.6526773695091292,213,0.9676320203785437,0,0,0,0,0,0,0,0,0,0,1,0,0,0,0,0,0,0,1,0,1,0,0
-0.844865398567706,-0.8846202186908425,-0.768625841994045,207,0.9676320203785437,0,0,0,0,0,0,0,0,0,0,0,0,0,0,0,0,0,0,1,0,1,0,0
-0.844865398567706,-0.8846202186908425,-0.768625841994045,207,0.9676320203785437,0,0,0,0,0,0,0,0,0,0,0,0,0,0,0,0,0,0,1,0,1,0,0
-0.06487587408433486,0.28753188012724307,-0.5367288970242127,227,0.9676320203785437,0,0,0,0,0,0,0,0,0,0,0,0,0,0,0,0,0,0,1,0,1,0,0
-0.06487587408433486,0.28753188012724307,0.08166295622867395,256,-0.6990049600893694,1,0,0,0,0,0,0,0,0,0,0,0,0,0,0,0,0,0,1,0,0,0,1
-0.06487587408433486,0.28753188012724307,-0.4207804245392968,228,0.9676320203785437,0,0,0,0,0,0,0,0,0,0,0,0,0,0,0,0,0,0,1,0,1,0,0
-0.06487587408433486,0.28753188012724307,0.08166295622867395,256,-0.6990049600893694,1,0,0,0,0,0,0,0,0,0,0,0,0,0,0,0,0,0,1,0,0,0,1
-0.06487587408433486,0.28753188012724307,-0.4207804245392968,228,0.9676320203785437,0,0,0,0,0,0,0,0,0,0,0,0,0,0,0,0,0,0,1,0,1,0,0
-0.844865398567706,-0.8846202186908425,-0.768625841994045,207,0.9676320203785437,0,0,1,0,0,0,0,0,0,0,0,0,0,0,0,0,0,0,1,0,1,0,0
-0.06487587408433486,0.28753188012724307,-0.3821309337109908,231,0.9676320203785437,0,0,1,0,0,0,0,0,0,0,0,0,0,0,0,0,0,0,1,0,1,0,0
1.0271094601923851,1.4596839789453286,0.4681578645117282,282,0.9676320203785437,1,0,0,0,0,0,0,0,0,0,0,0,0,0,0,0,0,0,1,0,1,0,0
1.0271094601923851,1.4596839789453286,0.27491041037020103,269,0.9676320203785437,1,1,0,0,0,0,0,0,0,0,0,0,0,0,0,0,0,0,1,0,1,0,0
1.0271094601923851,1.4596839789453286,0.4681578645117282,282,0.9676320203785437,1,1,0,0,0,0,0,0,0,0,0,0,0,0,0,0,0,0,1,0,1,0,0
1.0271094601923851,1.4596839789453286,0.4681578645117282,282,0.9676320203785437,1,0,0,0,0,0,0,0,0,0,0,0,0,0,0,0,0,0,1,0,1,0,0
1.0271094601923851,1.4596839789453286,0.4681578645117282,282,0.9676320203785437,1,1,0,0,0,0,0,0,0,0,0,0,0,0,0,0,0,0,1,0,1,0,0
-0.06487587408433486,0.28753188012724307,0.7000548094815605,294,0.1343135301445871,1,0,0,0,0,0,0,0,0,0,1,0,0,0,0,0,0,0,1,1,0,0,0
-0.06487587408433486,0.28753188012724307,0.3522093920268116,273,-0.6990049600893694,1,0,0,0,0,0,0,0,0,0,1,0,0,0,0,0,0,0,1,0,0,0,1
-0.06487587408433486,0.28753188012724307,-0.4207804245392968,227,0.9676320203785437,0,0,0,0,0,0,0,0,0,0,1,0,0,0,0,0,0,0,1,0,1,0,0
-0.06487587408433486,0.28753188012724307,0.08166295622867395,256,-0.6990049600893694,1,0,0,0,0,0,0,0,0,0,1,0,0,0,0,0,0,0,1,0,0,0,1
-0.06487587408433486,0.28753188012724307,-0.4207804245392968,227,0.9676320203785437,0,0,0,0,0,0,0,0,0,0,1,0,0,0,0,0,0,0,1,0,1,0,0
-0.06487587408433486,0.28753188012724307,0.08166295622867395,256,-0.6990049600893694,1,0,0,0,0,0,0,0,0,0,1,0,0,0,0,0,0,0,1,0,0,0,1
-0.06487587408433486,0.28753188012724307,-0.4207804245392968,227,0.9676320203785437,0,0,0,0,0,0,0,0,0,0,1,0,0,0,0,0,0,0,1,0,1,0,0
-0.06487587408433486,0.28753188012724307,0.08166295622867395,256,-0.6990049600893694,1,0,0,0,0,0,0,0,0,0,1,0,0,0,0,0,0,0,1,0,0,0,1
-0.06487587408433486,0.28753188012724307,-0.3821309337109908,229,0.9676320203785437,0,0,0,0,0,0,0,0,0,0,1,0,0,0,0,0,0,0,1,0,1,0,0
-0.06487587408433486,0.28753188012724307,-0.3821309337109908,229,0.9676320203785437,0,0,0,0,0,0,0,0,0,0,1,0,0,0,0,0,0,0,1,0,1,0,0
-0.06487587408433486,0.28753188012724307,-0.3821309337109908,229,0.9676320203785437,0,0,0,0,0,0,0,0,0,0,1,0,0,0,0,0,0,0,1,0,1,0,0
-0.06487587408433486,0.28753188012724307,0.7387043003098659,299,0.1343135301445871,1,0,0,0,0,0,0,0,0,0,1,0,0,0,0,0,0,0,1,1,0,0,0
-0.06487587408433486,0.28753188012724307,0.4295083736834229,280,-0.6990049600893694,1,0,0,0,0,0,0,0,0,0,1,0,0,0,0,0,0,0,1,0,0,0,1
-0.06487587408433486,0.28753188012724307,0.7000548094815605,294,0.1343135301445871,1,0,0,0,0,0,0,0,0,0,0,0,0,0,0,0,0,0,1,1,0,0,0
-0.06487587408433486,0.28753188012724307,0.3522093920268116,273,-0.6990049600893694,1,0,0,0,0,0,0,0,0,0,0,0,0,0,0,0,0,0,1,0,0,0,1
-0.06487587408433486,0.28753188012724307,0.7000548094815605,294,0.1343135301445871,1,0,0,0,0,0,0,0,0,0,0,0,0,0,0,0,0,0,1,1,0,0,0
-0.06487587408433486,0.28753188012724307,0.3522093920268116,273,-0.6990049600893694,1,0,0,0,0,0,0,0,0,0,0,0,0,0,0,0,0,0,1,0,0,0,1
-0.06487587408433486,0.28753188012724307,0.7000548094815605,294,0.1343135301445871,1,0,0,0,0,0,0,0,0,0,0,0,0,0,0,0,0,0,1,1,0,0,0
1.0271094601923851,1.4596839789453286,1.2024981902495313,324,0.9676320203785437,1,0,1,0,0,0,0,0,0,0,0,0,0,0,0,0,0,0,1,0,1,0,0
1.0271094601923851,1.4596839789453286,1.2024981902495313,324,0.9676320203785437,1,0,1,0,0,0,0,0,0,0,0,0,0,0,0,0,0,0,1,0,1,0,0
1.0271094601923851,1.4596839789453286,0.27491041037020103,269,0.9676320203785437,1,0,1,0,0,0,0,0,0,0,0,0,0,0,0,0,0,0,1,0,1,0,0
1.0271094601923851,1.4596839789453286,0.31355990119850635,270,0.9676320203785437,1,0,0,0,0,0,0,0,0,0,1,0,0,0,0,0,0,0,1,0,1,0,0
1.0271094601923851,1.4596839789453286,0.27491041037020103,269,0.9676320203785437,1,0,0,0,0,0,0,0,0,0,1,0,0,0,0,0,0,0,1,0,1,0,0
-0.844865398567706,-0.8846202186908425,-0.4594299153676021,223,0.9676320203785437,0,0,0,0,0,0,0,0,0,0,0,1,0,0,0,0,0,0,1,0,1,0,0
-0.06487587408433486,0.28753188012724307,-0.15023398874115845,245,0.9676320203785437,1,0,0,0,0,0,0,0,0,0,0,1,0,0,0,0,0,0,1,0,1,0,0
-0.844865398567706,-0.8846202186908425,-0.4594299153676021,223,0.9676320203785437,0,0,0,0,0,0,0,0,0,0,0,1,0,0,0,0,0,0,1,0,1,0,0
-0.06487587408433486,0.28753188012724307,-0.15023398874115845,245,0.9676320203785437,1,0,0,0,0,0,0,0,0,0,0,1,0,0,0,0,0,0,1,0,1,0,0
-0.06487587408433486,0.28753188012724307,-0.11158449791285317,245,0.9676320203785437,1,0,0,0,0,0,0,0,0,0,0,0,1,0,0,0,0,0,1,0,1,0,0
1.0271094601923851,1.4596839789453286,1.0092507361080043,314,0.9676320203785437,1,0,0,0,0,0,0,0,0,0,0,0,1,0,0,0,0,0,1,0,1,0,0
-0.06487587408433486,0.28753188012724307,0.31355990119850635,272,0.9676320203785437,1,0,0,0,0,0,0,0,0,0,0,0,1,0,0,0,0,0,1,0,1,0,0
1.0271094601923851,1.4596839789453286,0.7000548094815605,294,0.9676320203785437,1,0,0,0,0,0,0,0,0,0,0,0,1,0,0,0,0,0,1,0,1,0,0
-0.06487587408433486,0.28753188012724307,0.004363974572063373,254,0.9676320203785437,1,0,0,0,0,0,0,0,0,0,0,0,1,0,0,0,0,0,1,0,1,0,0
1.0271094601923851,1.4596839789453286,0.7000548094815605,294,0.9676320203785437,1,0,0,0,0,0,0,0,0,0,0,0,1,0,0,0,0,0,1,0,1,0,0
0.40311784060568795,0.28753188012724307,0.1589619378852845,263,1.8009505106125,1,0,0,0,0,0,0,0,0,0,0,0,1,0,0,0,0,1,0,0,0,0,0
0.40311784060568795,0.28753188012724307,0.4295083736834229,278,1.8009505106125,1,0,0,0,0,0,0,0,0,0,0,0,1,0,0,0,0,1,0,0,0,0,0
-1.312859113257729,-0.8846202186908425,-0.8072753328223511,204,-0.6990049600893694,0,0,0,0,0,0,0,0,0,0,0,1,0,0,0,0,0,1,0,0,1,0,0
-1.312859113257729,-0.8846202186908425,-0.9618732961355722,194,-0.6990049600893694,0,0,0,0,0,0,0,0,0,0,0,1,0,0,0,0,0,1,0,0,1,0,0
-1.312859113257729,-0.8846202186908425,-0.6526773695091292,214,-0.6990049600893694,0,0,0,0,0,0,0,0,0,0,0,1,0,0,0,0,0,1,0,0,1,0,0
-1.312859113257729,-0.8846202186908425,-0.768625841994045,205,-0.6990049600893694,0,0,0,0,0,0,0,0,0,0,0,1,0,0,0,0,0,1,0,0,1,0,0
-0.844865398567706,-0.8846202186908425,-0.0342855162562426,249,1.8009505106125,1,0,0,0,0,0,0,0,0,0,0,1,0,0,0,0,0,0,1,0,0,0,0
0.40311784060568795,0.28753188012724307,-0.34348144288268556,233,1.8009505106125,0,0,1,0,0,0,0,0,0,0,0,0,0,0,0,0,0,1,0,0,1,0,0
-0.4548706363260205,-0.8846202186908425,-1.0005227869638782,192,-0.6990049600893694,0,0,1,0,0,0,0,0,0,0,0,0,0,0,0,0,0,1,0,0,1,0,0
0.40311784060568795,0.28753188012724307,-0.266182461226075,238,1.8009505106125,0,0,1,0,0,0,0,0,0,0,0,0,0,0,0,0,0,1,0,0,1,0,0
-0.844865398567706,-0.8846202186908425,-0.6526773695091292,214,1.8009505106125,0,0,1,0,0,0,0,0,0,0,0,0,0,0,0,0,0,0,1,0,1,0,0
-0.844865398567706,-0.8846202186908425,-0.4594299153676021,227,0.9676320203785437,0,0,1,0,0,0,0,0,0,0,0,0,0,0,0,0,0,0,1,0,1,0,0
0.40311784060568795,0.28753188012724307,-0.0342855162562426,251,1.8009505106125,1,0,1,0,0,0,0,0,0,0,0,0,0,0,0,0,0,1,0,0,1,0,0
-0.06487587408433486,0.28753188012724307,0.1976114287135905,267,2.634269000846457,1,1,0,0,0,0,0,0,0,0,0,0,0,0,0,0,0,0,1,0,1,0,0
0.40311784060568795,0.28753188012724307,0.12031244705697923,261,2.634269000846457,1,1,0,0,0,0,0,0,0,0,0,0,0,0,0,0,0,1,0,0,1,0,0
0.8711115552957107,1.4596839789453286,1.163848699421226,324,2.634269000846457,1,1,0,0,0,0,0,0,0,0,0,0,0,0,0,0,0,0,1,0,1,0,0
-0.844865398567706,-0.8846202186908425,-0.4980794061959074,222,0.9676320203785437,0,0,1,0,0,0,0,0,0,0,0,0,0,0,0,0,0,0,1,0,1,0,0
0.40311784060568795,0.28753188012724307,-0.11158449791285317,246,0.9676320203785437,1,0,1,0,0,0,0,0,0,0,0,0,0,0,0,0,0,1,0,0,1,0,0
-0.844865398567706,-0.8846202186908425,-0.34348144288268556,232,0.9676320203785437,0,0,1,0,0,0,0,0,0,0,0,0,0,0,0,0,0,0,1,0,1,0,0
0.40311784060568795,0.28753188012724307,0.27491041037020103,269,0.9676320203785437,1,0,1,0,0,0,0,0,0,0,0,0,0,0,0,0,0,1,0,0,1,0,0
0.40311784060568795,0.28753188012724307,0.7387043003098659,298,0.9676320203785437,1,0,1,0,0,0,0,0,0,0,0,0,0,0,0,0,0,0,1,0,1,0,0
2.431090604262453,1.4596839789453286,1.3570961535627533,337,0.9676320203785437,1,0,1,0,0,0,0,0,0,0,0,0,0,0,0,0,0,0,1,0,1,0,0
2.431090604262453,1.4596839789453286,1.2411476810778366,328,2.634269000846457,1,0,0,0,0,0,0,0,0,0,0,0,1,0,0,0,0,0,1,0,0,0,0
-0.844865398567706,-0.8846202186908425,-0.7299763511657398,209,1.8009505106125,0,0,0,0,0,0,0,0,0,0,0,1,0,0,0,0,0,0,1,0,1,0,0
-0.844865398567706,-0.8846202186908425,-0.4207804245392968,227,1.8009505106125,0,0,0,0,0,0,0,0,0,0,0,1,0,0,0,0,0,0,1,0,1,0,0
0.40311784060568795,0.28753188012724307,0.08166295622867395,259,-0.6990049600893694,1,1,0,0,0,0,0,0,0,0,0,0,0,0,0,0,0,1,0,0,1,0,0
0.40311784060568795,0.28753188012724307,0.7773537911381718,302,-0.6990049600893694,1,1,0,0,0,0,0,0,0,0,0,0,0,0,0,0,0,0,1,0,1,0,0
-0.4548706363260205,-0.8846202186908425,-0.34348144288268556,232,1.8009505106125,0,0,0,0,0,0,0,0,0,0,0,1,0,0,0,0,0,1,0,0,0,0,0
0.40311784060568795,0.28753188012724307,-0.07293500708454788,250,1.8009505106125,1,0,0,0,0,0,0,0,0,0,0,1,0,0,0,0,0,1,0,0,0,0,0
0.40311784060568795,0.28753188012724307,0.1976114287135905,265,1.8009505106125,1,0,0,0,0,0,0,0,0,0,0,1,0,0,0,0,0,1,0,0,0,0,0
-0.844865398567706,-0.8846202186908425,-0.5367288970242127,220,0.9676320203785437,0,0,0,0,0,0,0,0,0,0,1,0,0,0,0,0,0,0,1,0,1,0,0
0.40311784060568795,0.28753188012724307,0.3908588828551176,277,-0.6990049600893694,1,0,0,0,0,0,0,0,0,0,1,0,0,0,0,0,0,1,0,0,0,0,1
2.431090604262453,1.4596839789453286,0.4681578645117282,279,2.634269000846457,1,0,0,0,0,0,0,0,0,0,1,0,0,0,0,0,0,0,1,0,1,0,0
2.431090604262453,1.4596839789453286,0.7000548094815605,297,-0.6990049600893694,1,0,0,0,0,0,0,0,0,0,1,0,0,0,0,0,0,0,1,0,0,0,1
2.431090604262453,1.4596839789453286,1.666292080189196,355,2.634269000846457,1,0,0,0,0,0,0,0,0,0,1,0,0,0,0,0,0,0,1,0,1,0,0
-0.22087377898100924,-0.8846202186908425,-0.266182461226075,270,-0.6990049600893694,1,0,0,0,0,1,0,0,0,0,0,0,0,0,0,0,0,0,0,0,0,0,0
-0.4548706363260205,-0.8846202186908425,0.23626091954189576,267,-0.6990049600893694,1,0,0,0,0,1,0,0,0,0,0,0,0,0,0,0,0,1,0,0,0,0,0
-0.22087377898100924,-0.8846202186908425,-0.11158449791285317,283,-0.6990049600893694,1,0,0,0,0,1,0,0,0,0,0,0,0,0,0,0,0,0,0,0,0,0,0
-0.22087377898100924,-0.8846202186908425,0.5068073553400334,326,-0.6990049600893694,1,0,0,0,0,1,0,0,0,0,0,0,0,0,0,0,0,0,0,0,0,0,0
2.431090604262453,1.4596839789453286,0.7387043003098659,299,0.9676320203785437,1,0,0,0,0,0,0,0,0,0,0,0,0,1,0,0,0,0,1,0,1,0,0
2.431090604262453,1.4596839789453286,0.5454568461683388,286,0.1343135301445871,1,0,0,0,0,0,0,0,0,0,0,0,0,1,0,0,0,0,1,0,0,0,1
2.431090604262453,1.4596839789453286,1.2411476810778366,331,0.9676320203785437,1,0,0,0,0,0,0,0,0,0,0,0,0,1,0,0,0,0,1,0,1,0,0
2.431090604262453,1.4596839789453286,1.0479002269363096,318,0.1343135301445871,1,0,0,0,0,0,0,0,0,0,0,0,0,1,0,0,0,0,1,0,0,0,1
2.431090604262453,1.4596839789453286,2.052786988472251,381,0.9676320203785437,1,0,0,0,0,0,0,0,0,0,0,0,0,1,0,0,0,0,1,0,1,0,0
2.431090604262453,1.4596839789453286,1.8595395343307233,368,0.1343135301445871,1,0,0,0,0,0,0,0,0,0,0,0,0,1,0,0,0,0,1,0,0,0,1
-1.312859113257729,-0.8846202186908425,-1.3483682044186267,172,-0.6990049600893694,0,0,0,0,0,0,0,0,0,0,0,0,0,0,0,0,0,1,0,0,1,0,0
-1.312859113257729,-0.8846202186908425,-1.3483682044186267,172,-0.6990049600893694,0,0,0,0,0,0,0,0,0,0,0,0,0,0,0,0,0,1,0,0,1,0,0
-1.1568612083610545,-0.8846202186908425,-1.6962136218733754,172,1.8009505106125,0,0,0,0,0,0,0,0,0,0,0,0,0,0,0,0,0,0,0,0,0,0,0
-1.312859113257729,-0.8846202186908425,-1.3483682044186267,172,-0.6990049600893694,0,0,1,0,0,0,0,0,0,0,0,0,0,0,0,0,0,1,0,0,1,0,0
-1.312859113257729,-0.8846202186908425,-1.271069222762016,175,-0.6990049600893694,0,0,1,0,0,0,0,0,0,0,0,0,0,0,0,0,0,1,0,0,1,0,0
-1.2348601608093916,-0.8846202186908425,-0.9618732961355722,196,-0.6990049600893694,0,0,0,0,0,0,0,0,0,0,0,1,0,0,0,0,0,1,0,0,0,0,0
-1.1568612083610545,-0.8846202186908425,-1.3097187135903212,199,-0.6990049600893694,0,0,0,0,0,0,0,0,0,0,0,1,0,0,0,0,0,0,0,0,0,0,0
-1.2348601608093916,-0.8846202186908425,-0.8459248236506564,207,-0.6990049600893694,0,0,0,0,0,0,0,0,0,0,0,1,0,0,0,0,0,1,0,0,0,0,0
-1.1568612083610545,-0.8846202186908425,-1.3097187135903212,199,-0.6990049600893694,0,0,0,0,0,0,0,0,0,0,0,1,0,0,0,0,0,0,0,0,0,0,0
-0.4548706363260205,-0.8846202186908425,-0.4594299153676021,225,-0.6990049600893694,0,1,0,0,0,0,0,0,0,0,0,0,0,0,0,0,0,1,0,0,1,0,0
0.40311784060568795,0.28753188012724307,0.004363974572063373,254,-0.6990049600893694,1,1,0,0,0,0,0,0,0,0,0,0,0,0,0,0,0,1,0,0,1,0,0
0.40311784060568795,0.28753188012724307,1.473044626047669,245,-0.6990049600893694,1,1,0,0,0,0,0,0,0,0,0,0,0,0,0,0,1,0,0,0,1,0,0
-1.2348601608093916,-0.8846202186908425,-1.271069222762016,174,-0.6990049600893694,0,0,1,0,0,0,0,0,0,0,0,0,0,0,0,0,0,1,0,0,0,1,0
-0.844865398567706,-0.8846202186908425,-0.6526773695091292,214,1.8009505106125,0,0,1,0,0,0,0,0,0,0,0,0,0,0,0,0,0,0,1,0,0,0,0
-0.2988727314293461,-0.8846202186908425,0.12031244705697923,261,0.9676320203785437,1,0,0,0,0,0,1,0,0,0,0,0,0,0,0,0,0,1,0,0,0,0,0
0.9491105077440476,0.28753188012724307,1.0479002269363096,316,-0.6990049600893694,1,0,0,0,0,0,1,0,0,0,0,0,0,0,0,0,0,1,0,0,0,0,0
1.7291000322274188,1.4596839789453286,1.2024981902495313,326,-0.6990049600893694,1,0,0,0,0,0,1,0,0,0,0,0,0,0,0,0,0,1,0,0,0,0,0
1.7291000322274188,1.4596839789453286,1.2411476810778366,329,-0.6990049600893694,1,0,0,0,0,0,1,0,0,0,0,0,0,0,0,0,0,1,0,0,0,0,0
1.7291000322274188,1.4596839789453286,2.9417252775232745,306,-0.6990049600893694,1,0,0,0,0,0,1,0,0,0,0,0,0,0,0,0,1,0,0,0,0,0,0
1.7291000322274188,1.4596839789453286,0.62275582782495,290,0.9676320203785437,1,0,0,0,0,0,1,0,0,0,0,0,0,0,0,0,0,1,0,0,0,0,0
-0.2988727314293461,-0.8846202186908425,0.3522093920268116,275,0.9676320203785437,1,0,0,0,0,0,1,0,0,0,0,0,0,0,0,0,0,1,0,0,0,0,0
0.9491105077440476,0.28753188012724307,1.2411476810778366,329,-0.6990049600893694,1,0,0,0,0,0,1,0,0,0,0,0,0,0,0,0,0,1,0,0,0,0,0
0.9491105077440476,0.28753188012724307,1.5503436077042803,347,-0.6990049600893694,1,0,0,0,0,0,1,0,0,0,0,0,0,0,0,0,0,1,0,0,0,0,0
1.7291000322274188,1.4596839789453286,1.2411476810778366,329,-0.6990049600893694,1,0,0,0,0,0,1,0,0,0,0,0,0,0,0,0,0,1,0,0,0,0,0
1.7291000322274188,1.4596839789453286,1.3957456443910585,339,-0.6990049600893694,1,0,0,0,0,0,1,0,0,0,0,0,0,0,0,0,0,1,0,0,0,0,0
1.7291000322274188,1.4596839789453286,1.5889930985325855,350,-0.6990049600893694,1,0,0,0,0,0,1,0,0,0,0,0,0,0,0,0,0,1,0,0,0,0,0
1.7291000322274188,1.4596839789453286,0.8933022636230876,306,0.9676320203785437,1,0,0,0,0,0,1,0,0,0,0,0,0,0,0,0,0,1,0,0,0,0,0
1.7291000322274188,1.4596839789453286,1.12519920859292,320,0.9676320203785437,1,0,0,0,0,0,1,0,0,0,0,0,0,0,0,0,0,1,0,0,0,0,0
2.431090604262453,1.4596839789453286,1.12519920859292,321,2.634269000846457,1,0,0,0,0,0,1,0,0,0,0,0,0,0,0,0,0,0,1,0,0,0,0
1.7291000322274188,1.4596839789453286,1.0479002269363096,317,-0.6990049600893694,1,0,0,0,0,0,1,0,0,0,0,0,0,0,0,0,0,1,0,0,0,0,0
1.7291000322274188,1.4596839789453286,1.163848699421226,325,-0.6990049600893694,1,0,0,0,0,0,1,0,0,0,0,0,0,0,0,0,0,1,0,0,0,0,0
-1.312859113257729,-0.8846202186908425,-1.4256671860752377,167,-0.6990049600893694,0,0,0,0,0,0,0,0,0,0,1,0,0,0,0,0,0,1,0,0,0,1,0
-1.312859113257729,-0.8846202186908425,-1.387017695246932,170,-1.532323450323326,0,0,0,0,0,0,0,0,0,0,1,0,0,0,0,0,0,1,0,0,0,0,1
1.7291000322274188,1.4596839789453286,1.0092507361080043,314,-0.6990049600893694,1,0,0,0,0,0,0,0,0,0,0,0,1,0,0,0,0,1,0,0,0,0,0
1.7291000322274188,1.4596839789453286,1.0092507361080043,314,-0.6990049600893694,1,0,0,0,0,0,0,0,0,0,0,0,1,0,0,0,0,1,0,0,0,0,0
1.7291000322274188,1.4596839789453286,2.7484778233817475,298,-0.6990049600893694,1,0,0,0,0,0,0,0,0,0,0,0,1,0,0,0,1,0,0,0,0,0,0
1.7291000322274188,1.4596839789453286,1.3570961535627533,336,-0.6990049600893694,1,0,0,0,0,0,0,0,0,0,0,0,1,0,0,0,0,1,0,0,0,0,0
1.7291000322274188,1.4596839789453286,1.3570961535627533,336,-0.6990049600893694,1,0,0,0,0,0,0,0,0,0,0,0,1,0,0,0,0,1,0,0,0,0,0
2.431090604262453,1.4596839789453286,1.4343951352193638,340,2.634269000846457,1,0,0,0,0,0,0,0,0,0,0,0,1,0,0,0,0,0,1,0,0,0,0
1.7291000322274188,1.4596839789453286,1.0092507361080043,314,-0.6990049600893694,1,0,0,0,0,0,0,0,0,0,0,0,1,0,0,0,0,1,0,0,0,0,0
1.7291000322274188,1.4596839789453286,1.0092507361080043,314,-0.6990049600893694,1,0,0,0,0,0,0,0,0,0,0,0,1,0,0,0,0,1,0,0,0,0,0
1.7291000322274188,1.4596839789453286,2.7484778233817475,298,-0.6990049600893694,1,0,0,0,0,0,0,0,0,0,0,0,1,0,0,0,1,0,0,0,0,0,0
1.7291000322274188,1.4596839789453286,1.12519920859292,321,-0.6990049600893694,1,0,0,0,0,0,0,0,0,0,0,0,1,0,0,0,0,1,0,0,0,0,0
1.7291000322274188,1.4596839789453286,1.12519920859292,321,-0.6990049600893694,1,0,0,0,0,0,0,0,0,0,0,0,1,0,0,0,0,1,0,0,0,0,0
1.7291000322274188,1.4596839789453286,2.9417252775232745,305,-0.6990049600893694,1,0,0,0,0,0,0,0,0,0,0,0,1,0,0,0,1,0,0,0,0,0,0
0.40311784060568795,0.28753188012724307,0.12031244705697923,261,1.8009505106125,1,0,0,0,0,0,0,0,0,0,0,0,1,0,0,0,0,1,0,0,0,0,0
0.40311784060568795,0.28753188012724307,0.3908588828551176,277,1.8009505106125,1,0,0,0,0,0,0,0,0,0,0,0,1,0,0,0,0,1,0,0,0,0,0
-1.312859113257729,-0.8846202186908425,-0.9232238053072669,196,-0.6990049600893694,0,0,0,0,0,0,0,0,0,0,0,1,0,0,0,0,0,1,0,0,1,0,0
-1.312859113257729,-0.8846202186908425,-0.9618732961355722,194,-0.6990049600893694,0,0,0,0,0,0,0,0,0,0,0,1,0,0,0,0,0,1,0,0,0,0,1
-1.312859113257729,-0.8846202186908425,-0.6526773695091292,214,-0.6990049600893694,0,0,0,0,0,0,0,0,0,0,0,1,0,0,0,0,0,1,0,0,1,0,0
2.5870885091591274,1.4596839789453286,0.8546527727947824,304,0.9676320203785437,1,0,1,0,0,0,0,0,0,0,0,0,0,0,0,0,0,0,1,0,0,0,0
2.431090604262453,1.4596839789453286,1.4343951352193638,339,0.9676320203785437,1,0,1,0,0,0,0,0,0,0,0,0,0,0,0,0,0,0,1,0,0,0,0
2.5870885091591274,1.4596839789453286,0.8546527727947824,304,0.9676320203785437,1,1,0,0,0,0,0,0,0,0,0,0,0,0,0,0,0,0,1,0,0,0,0
-1.312859113257729,-0.8846202186908425,-0.8072753328223511,203,-0.6990049600893694,0,0,0,1,0,0,0,0,0,0,0,0,0,0,0,0,0,1,0,0,0,0,0
-1.312859113257729,-0.8846202186908425,-1.116471259448794,186,-1.532323450323326,0,0,0,1,0,0,0,0,0,0,0,0,0,0,0,0,0,1,0,0,0,0,1
-1.3908580657060658,-0.8846202186908425,-0.6526773695091292,213,1.8009505106125,0,0,0,0,0,0,0,0,0,0,0,1,0,0,0,0,0,1,0,0,0,0,0
-1.6248549230510774,-1.4706962680998854,-0.9232238053072669,196,-0.6990049600893694,0,0,0,0,0,0,0,0,0,0,0,1,0,0,0,0,0,1,0,0,1,0,0
-0.844865398567706,-0.8846202186908425,-0.5753783878525179,218,-0.6990049600893694,0,0,0,0,0,0,0,0,0,0,0,1,0,0,0,0,0,1,0,0,1,0,0
-0.844865398567706,-0.8846202186908425,-0.4594299153676021,224,0.9676320203785437,0,0,0,0,0,0,0,0,0,0,0,1,0,0,0,0,0,1,0,0,1,0,0
-0.844865398567706,-0.8846202186908425,-0.3048319520543803,233,0.9676320203785437,0,0,0,0,0,0,0,0,0,0,0,1,0,0,0,0,0,1,0,0,1,0,0
-0.2988727314293461,0.28753188012724307,0.08166295622867395,259,0.9676320203785437,1,0,0,0,0,0,0,0,0,0,0,1,0,0,0,0,0,1,0,0,1,0,0
-0.4548706363260205,-0.8846202186908425,-0.4594299153676021,226,-0.6990049600893694,0,0,0,0,0,0,0,0,0,0,0,1,0,0,0,0,0,1,0,0,1,0,0
-0.4548706363260205,-0.8846202186908425,0.8933022636230876,218,-0.6990049600893694,0,0,0,0,0,0,0,0,0,0,0,1,0,0,0,0,1,0,0,0,1,0,0
-1.2348601608093916,-0.8846202186908425,-0.34348144288268556,232,-0.6990049600893694,0,0,0,0,0,0,0,0,0,0,0,1,0,0,0,0,0,1,0,0,1,0,0
0.32511888815735074,0.28753188012724307,0.6614053186532552,293,2.634269000846457,1,0,0,0,0,0,0,0,0,0,0,0,1,0,0,0,0,1,0,0,1,0,0
0.32511888815735074,0.28753188012724307,0.8933022636230876,307,2.634269000846457,1,0,0,0,0,0,0,0,0,0,0,0,1,0,0,0,0,1,0,0,1,0,0
0.32511888815735074,0.28753188012724307,0.931951754451393,311,-0.6990049600893694,1,0,0,0,0,0,0,0,0,0,0,0,1,0,0,0,0,1,0,0,1,0,0
0.32511888815735074,0.28753188012724307,2.516580878411916,288,-0.6990049600893694,1,0,0,0,0,0,0,0,0,0,0,0,1,0,0,0,1,0,0,0,1,0,0
-0.2988727314293461,0.28753188012724307,-0.07293500708454788,249,2.634269000846457,1,0,0,0,0,0,1,0,0,0,0,0,0,0,0,0,0,1,0,0,1,0,0
-0.2988727314293461,0.28753188012724307,0.12031244705697923,260,2.634269000846457,1,0,0,0,0,0,1,0,0,0,0,0,0,0,0,0,0,1,0,0,1,0,0
-0.2988727314293461,0.28753188012724307,0.12031244705697923,260,2.634269000846457,1,0,0,0,0,0,1,0,0,0,0,0,0,0,0,0,0,1,0,0,1,0,0
0.16912098326067637,0.28753188012724307,0.043013465400368656,256,-0.6990049600893694,1,0,0,0,0,0,1,0,0,0,0,0,0,0,0,0,0,1,0,0,1,0,0
0.16912098326067637,0.28753188012724307,1.5889930985325855,247,-0.6990049600893694,1,0,0,0,0,0,1,0,0,0,0,0,0,0,0,0,1,0,0,0,1,0,0
0.16912098326067637,0.28753188012724307,1.5889930985325855,247,-0.6990049600893694,1,0,0,0,0,0,1,0,0,0,0,0,0,0,0,0,1,0,0,0,1,0,0
0.32511888815735074,0.28753188012724307,0.4681578645117282,281,2.634269000846457,1,0,0,0,0,0,1,0,0,0,0,0,0,0,0,0,0,1,0,0,1,0,0
0.32511888815735074,0.28753188012724307,0.62275582782495,291,2.634269000846457,1,0,0,0,0,0,1,0,0,0,0,0,0,0,0,0,0,1,0,0,1,0,0
0.32511888815735074,0.28753188012724307,0.7387043003098659,298,2.634269000846457,1,0,0,0,0,0,1,0,0,0,0,0,0,0,0,0,0,1,0,0,1,0,0
1.4951031748824075,1.4596839789453286,0.5454568461683388,287,2.634269000846457,1,0,0,0,0,0,1,0,0,0,0,0,0,0,0,0,0,1,0,0,1,0,0
1.4951031748824075,1.4596839789453286,2.5552303692402205,290,2.634269000846457,1,0,0,0,0,0,1,0,0,0,0,0,0,0,0,0,1,0,0,0,1,0,0
1.4951031748824075,1.4596839789453286,0.8933022636230876,308,2.634269000846457,1,0,0,0,0,0,1,0,0,0,0,0,0,0,0,0,0,1,0,0,1,0,0
1.4951031748824075,1.4596839789453286,2.5938798600685264,290,2.634269000846457,1,0,0,0,0,0,1,0,0,0,0,0,0,0,0,0,1,0,0,0,1,0,0
1.4951031748824075,1.4596839789453286,1.2024981902495313,326,2.634269000846457,1,0,0,0,0,0,1,0,0,0,0,0,0,0,0,0,0,1,0,0,1,0,0
1.4951031748824075,1.4596839789453286,2.5938798600685264,291,2.634269000846457,1,0,0,0,0,0,1,0,0,0,0,0,0,0,0,0,1,0,0,0,1,0,0
-0.2988727314293461,0.28753188012724307,0.23626091954189576,268,2.634269000846457,1,0,0,0,0,0,1,0,0,0,0,0,0,0,0,0,0,1,0,0,1,0,0
-0.2988727314293461,0.28753188012724307,0.3908588828551176,277,2.634269000846457,1,0,0,0,0,0,1,0,0,0,0,0,0,0,0,0,0,1,0,0,1,0,0
-0.06487587408433486,0.28753188012724307,-0.0342855162562426,287,2.634269000846457,1,0,0,0,0,0,1,0,0,0,0,0,0,0,0,0,0,0,0,0,1,0,0
-0.06487587408433486,0.28753188012724307,-0.0342855162562426,287,2.634269000846457,1,0,0,0,0,0,1,0,0,0,0,0,0,0,0,0,0,0,0,0,1,0,0
-0.06487587408433486,0.28753188012724307,-0.34348144288268556,266,2.634269000846457,1,0,0,0,0,0,1,0,0,0,0,0,0,0,0,0,0,0,0,0,1,0,0
0.16912098326067637,0.28753188012724307,0.31355990119850635,273,-0.6990049600893694,1,0,0,0,0,0,1,0,0,0,0,0,0,0,0,0,0,1,0,0,1,0,0
0.16912098326067637,0.28753188012724307,1.9368385159873345,263,-0.6990049600893694,1,0,0,0,0,0,1,0,0,0,0,0,0,0,0,0,1,0,0,0,1,0,0
0.16912098326067637,0.28753188012724307,1.9368385159873345,263,-0.6990049600893694,1,0,0,0,0,0,1,0,0,0,0,0,0,0,0,0,1,0,0,0,1,0,0
0.32511888815735074,0.28753188012724307,0.6614053186532552,295,2.634269000846457,1,0,0,0,0,0,1,0,0,0,0,0,0,0,0,0,0,1,0,0,1,0,0
0.32511888815735074,0.28753188012724307,0.8160032819664771,303,2.634269000846457,1,0,0,0,0,0,1,0,0,0,0,0,0,0,0,0,0,1,0,0,1,0,0
0.32511888815735074,0.28753188012724307,0.8933022636230876,308,2.634269000846457,1,0,0,0,0,0,1,0,0,0,0,0,0,0,0,0,0,1,0,0,1,0,0
0.32511888815735074,0.28753188012724307,0.7000548094815605,296,2.634269000846457,1,0,0,0,0,0,1,0,0,0,0,0,0,0,0,0,0,1,0,0,1,0,0
1.4951031748824075,1.4596839789453286,0.9706012452796989,312,2.634269000846457,1,0,0,0,0,0,1,0,0,0,0,0,0,0,0,0,0,1,0,0,1,0,0
1.4951031748824075,1.4596839789453286,1.2024981902495313,326,2.634269000846457,1,0,0,0,0,0,1,0,0,0,0,0,0,0,0,0,0,1,0,0,1,0,0
1.4951031748824075,1.4596839789453286,1.5503436077042803,347,2.634269000846457,1,0,0,0,0,0,1,0,0,0,0,0,0,0,0,0,0,1,0,0,1,0,0
0.32511888815735074,0.28753188012724307,1.3570961535627533,336,2.634269000846457,1,0,0,0,0,0,1,0,0,0,0,0,0,0,0,0,0,1,0,0,1,0,0
-1.1568612083610545,-0.8846202186908425,-1.2324197319337105,178,-0.6990049600893694,0,0,0,0,0,0,0,0,0,0,1,0,0,0,0,0,0,1,0,1,0,0,0
-1.1568612083610545,-0.8846202186908425,-1.116471259448794,184,-1.532323450323326,0,0,0,0,0,0,0,0,0,0,1,0,0,0,0,0,0,1,0,0,0,0,1
-1.1568612083610545,-0.8846202186908425,-0.9232238053072669,196,-0.6990049600893694,0,0,0,0,0,0,0,0,0,0,1,0,0,0,0,0,0,1,0,0,0,0,1
0.32511888815735074,0.28753188012724307,2.4392818967553054,402,0.1343135301445871,1,0,0,0,0,0,0,0,0,0,0,0,0,1,0,0,0,0,1,1,0,0,0
-0.6108685412226948,-0.8846202186908425,-0.5367288970242127,221,2.634269000846457,0,0,0,0,0,0,0,0,0,0,1,0,0,0,0,0,0,1,0,0,1,0,0
-0.6108685412226948,-0.8846202186908425,-0.18888347956946375,242,2.634269000846457,0,0,0,0,0,0,0,0,0,0,1,0,0,0,0,0,0,1,0,0,1,0,0
-0.6108685412226948,-0.8846202186908425,-0.4207804245392968,227,-0.6990049600893694,0,0,0,0,0,0,0,0,0,0,1,0,0,0,0,0,0,1,0,0,0,0,1
-0.6108685412226948,-0.8846202186908425,-0.15023398874115845,244,-0.6990049600893694,0,0,0,0,0,0,0,0,0,0,1,0,0,0,0,0,0,1,0,0,0,0,1
1.4951031748824075,1.4596839789453286,0.5841063369966447,289,2.634269000846457,1,0,0,0,0,0,0,0,0,0,1,0,0,0,0,0,0,1,0,0,1,0,0
1.4951031748824075,1.4596839789453286,0.9706012452796989,311,-0.6990049600893694,1,0,0,0,0,0,0,0,0,0,1,0,0,0,0,0,0,1,0,0,0,0,1
1.4951031748824075,1.4596839789453286,0.9706012452796989,311,-0.6990049600893694,1,0,0,0,0,0,0,0,0,0,1,0,0,0,0,0,0,1,0,0,0,0,1
-0.6108685412226948,-0.8846202186908425,-0.15023398874115845,243,2.634269000846457,0,0,0,0,0,0,0,0,0,0,1,0,0,0,0,0,0,1,0,0,1,0,0
-0.6108685412226948,-0.8846202186908425,-0.18888347956946375,241,-0.6990049600893694,0,0,0,0,0,0,0,0,0,0,1,0,0,0,0,0,0,1,0,0,0,0,1
1.4951031748824075,1.4596839789453286,0.8160032819664771,302,2.634269000846457,1,0,0,0,0,0,0,0,0,0,1,0,0,0,0,0,0,1,0,0,1,0,0
-0.6108685412226948,-0.8846202186908425,0.043013465400368656,256,2.634269000846457,1,0,0,0,0,0,1,0,0,0,0,0,0,0,0,0,0,1,0,0,1,0,0
0.32511888815735074,0.28753188012724307,1.5116941168759743,346,-0.6990049600893694,1,0,0,0,0,0,0,0,0,0,0,0,0,0,0,1,0,1,0,0,1,0,0
0.4811167930540251,0.28753188012724307,1.7049415710175013,355,-0.6990049600893694,1,0,0,0,0,0,0,0,0,0,0,0,0,0,0,1,0,1,0,0,1,0,0
0.32511888815735074,0.28753188012724307,0.27491041037020103,270,-0.6990049600893694,1,1,0,0,0,0,0,0,0,0,0,0,0,0,0,0,0,1,0,0,1,0,0
0.32511888815735074,0.28753188012724307,1.7049415710175013,254,-0.6990049600893694,1,1,0,0,0,0,0,0,0,0,0,0,0,0,0,0,1,0,0,0,1,0,0
0.32511888815735074,0.28753188012724307,0.62275582782495,291,-0.6990049600893694,1,1,0,0,0,0,0,0,0,0,0,0,0,0,0,0,0,1,0,0,1,0,0
0.32511888815735074,0.28753188012724307,2.014137497643945,267,-0.6990049600893694,1,1,0,0,0,0,0,0,0,0,0,0,0,0,0,0,1,0,0,0,1,0,0
-0.844865398567706,-0.8846202186908425,-0.5753783878525179,219,0.9676320203785437,0,0,0,0,0,0,0,1,0,0,0,0,0,0,0,0,0,1,0,0,1,0,0
-0.844865398567706,-0.8846202186908425,-0.5753783878525179,219,0.9676320203785437,0,0,0,0,0,0,0,1,0,0,0,0,0,0,0,0,0,1,0,0,1,0,0
-0.844865398567706,-0.8846202186908425,0.7000548094815605,209,0.9676320203785437,0,0,0,0,0,0,0,1,0,0,0,0,0,0,0,0,1,0,0,0,1,0,0
-0.4548706363260205,-0.8846202186908425,-0.07293500708454788,247,-0.6990049600893694,1,0,0,0,0,0,0,1,0,0,0,0,0,0,0,0,0,1,0,0,1,0,0
-0.844865398567706,-0.8846202186908425,-0.614027878680824,214,0.9676320203785437,0,0,0,0,0,0,0,1,0,0,0,0,0,0,0,0,0,1,0,0,1,0,0
-0.844865398567706,-0.8846202186908425,-0.614027878680824,214,0.9676320203785437,0,0,0,0,0,0,0,1,0,0,0,0,0,0,0,0,0,1,0,0,1,0,0
-0.844865398567706,-0.8846202186908425,0.6614053186532552,208,0.9676320203785437,0,0,0,0,0,0,0,1,0,0,0,0,0,0,0,0,1,0,0,0,1,0,0
-0.4548706363260205,-0.8846202186908425,-0.0342855162562426,251,-0.6990049600893694,1,0,0,0,0,0,0,1,0,0,0,0,0,0,0,0,0,1,0,0,1,0,0
-0.844865398567706,-0.8846202186908425,0.043013465400368656,255,-0.6990049600893694,1,0,0,0,0,0,0,0,0,0,0,0,0,0,0,0,0,0,1,0,0,0,1
-0.844865398567706,-0.8846202186908425,-0.18888347956946375,241,0.9676320203785437,0,0,0,0,0,0,0,0,0,0,0,0,0,0,0,0,0,0,1,0,1,0,0
0.16912098326067637,0.28753188012724307,0.31355990119850635,274,0.9676320203785437,1,0,0,0,0,0,0,0,0,0,0,0,0,0,0,0,0,0,1,0,1,0,0
-0.4548706363260205,-0.8846202186908425,-0.2275329703977697,237,-0.6990049600893694,0,0,0,0,0,0,0,0,0,0,0,0,1,0,0,0,0,1,0,0,0,0,0
-0.4548706363260205,-0.8846202186908425,-0.11158449791285317,248,-0.6990049600893694,1,0,0,0,0,0,0,0,0,0,0,0,1,0,0,0,0,1,0,0,0,0,0
-0.22087377898100924,-0.8846202186908425,-0.266182461226075,270,-0.6990049600893694,1,0,0,0,0,1,0,0,0,0,0,0,0,0,0,0,0,0,0,0,0,0,0
-0.4548706363260205,-0.8846202186908425,0.23626091954189576,267,-0.6990049600893694,1,0,0,0,0,1,0,0,0,0,0,0,0,0,0,0,0,1,0,0,0,0,0
-0.22087377898100924,-0.8846202186908425,-0.11158449791285317,283,-0.6990049600893694,1,0,0,0,0,1,0,0,0,0,0,0,0,0,0,0,0,0,0,0,0,0,0
-0.2988727314293461,-0.8846202186908425,0.12031244705697923,261,0.9676320203785437,1,0,0,0,0,0,1,0,0,0,0,0,0,0,0,0,0,1,0,0,0,0,0
0.9491105077440476,0.28753188012724307,1.0479002269363096,317,-0.6990049600893694,1,0,0,0,0,0,1,0,0,0,0,0,0,0,0,0,0,1,0,0,0,0,0
1.7291000322274188,1.4596839789453286,1.2024981902495313,326,-0.6990049600893694,1,0,0,0,0,0,1,0,0,0,0,0,0,0,0,0,0,1,0,0,0,0,0
1.7291000322274188,1.4596839789453286,1.2411476810778366,329,-0.6990049600893694,1,0,0,0,0,0,1,0,0,0,0,0,0,0,0,0,0,1,0,0,0,0,0
1.7291000322274188,1.4596839789453286,2.9417252775232745,306,-0.6990049600893694,1,0,0,0,0,0,1,0,0,0,0,0,0,0,0,0,1,0,0,0,0,0,0
1.7291000322274188,1.4596839789453286,0.6614053186532552,294,0.9676320203785437,1,0,0,0,0,0,1,0,0,0,0,0,0,0,0,0,0,1,0,0,0,0,0
-0.2988727314293461,-0.8846202186908425,0.3908588828551176,277,0.9676320203785437,1,0,0,0,0,0,1,0,0,0,0,0,0,0,0,0,0,1,0,0,0,0,0
0.9491105077440476,0.28753188012724307,1.2411476810778366,329,-0.6990049600893694,1,0,0,0,0,0,1,0,0,0,0,0,0,0,0,0,0,1,0,0,0,0,0
1.7291000322274188,1.4596839789453286,1.2411476810778366,330,-0.6990049600893694,1,0,0,0,0,0,1,0,0,0,0,0,0,0,0,0,0,1,0,0,0,0,0
1.7291000322274188,1.4596839789453286,1.3957456443910585,339,-0.6990049600893694,1,0,0,0,0,0,1,0,0,0,0,0,0,0,0,0,0,1,0,0,0,0,0
1.7291000322274188,1.4596839789453286,1.0479002269363096,316,0.9676320203785437,1,0,0,0,0,0,1,0,0,0,0,0,0,0,0,0,0,1,0,0,0,0,0
1.7291000322274188,1.4596839789453286,1.12519920859292,320,0.9676320203785437,1,0,0,0,0,0,1,0,0,0,0,0,0,0,0,0,0,1,0,0,0,0,0
2.431090604262453,1.4596839789453286,1.2024981902495313,326,2.634269000846457,1,0,0,0,0,0,1,0,0,0,0,0,0,0,0,0,0,0,1,0,0,0,0
2.431090604262453,1.4596839789453286,1.318446662734447,332,2.634269000846457,1,0,0,0,0,0,1,0,0,0,0,0,0,0,0,0,0,0,1,0,0,0,0
1.7291000322274188,1.4596839789453286,1.0479002269363096,317,-0.6990049600893694,1,0,0,0,0,0,1,0,0,0,0,0,0,0,0,0,0,1,0,0,0,0,0
1.7291000322274188,1.4596839789453286,1.163848699421226,325,-0.6990049600893694,1,0,0,0,0,0,1,0,0,0,0,0,0,0,0,0,0,1,0,0,0,0,0
-1.1568612083610545,-0.8846202186908425,-1.3097187135903212,199,-0.6990049600893694,0,0,0,0,0,0,0,0,0,0,0,1,0,0,0,0,0,0,0,0,0,0,0
-1.1568612083610545,-0.8846202186908425,-1.3097187135903212,199,-0.6990049600893694,0,0,0,0,0,0,0,0,0,0,0,1,0,0,0,0,0,0,0,0,0,0,0
1.7291000322274188,1.4596839789453286,1.0092507361080043,314,-0.6990049600893694,1,0,0,0,0,0,0,0,0,0,0,0,1,0,0,0,0,1,0,0,0,0,0
1.7291000322274188,1.4596839789453286,1.0092507361080043,314,-0.6990049600893694,1,0,0,0,0,0,0,0,0,0,0,0,1,0,0,0,0,1,0,0,0,0,0
1.7291000322274188,1.4596839789453286,2.7484778233817475,298,-0.6990049600893694,1,0,0,0,0,0,0,0,0,0,0,0,1,0,0,0,1,0,0,0,0,0,0
1.7291000322274188,1.4596839789453286,1.12519920859292,321,-0.6990049600893694,1,0,0,0,0,0,0,0,0,0,0,0,1,0,0,0,0,1,0,0,0,0,0
1.7291000322274188,1.4596839789453286,1.12519920859292,321,-0.6990049600893694,1,0,0,0,0,0,0,0,0,0,0,0,1,0,0,0,0,1,0,0,0,0,0
1.7291000322274188,1.4596839789453286,2.9417252775232745,305,-0.6990049600893694,1,0,0,0,0,0,0,0,0,0,0,0,1,0,0,0,1,0,0,0,0,0,0
1.7291000322274188,1.4596839789453286,1.0092507361080043,314,-0.6990049600893694,1,0,0,0,0,0,0,0,0,0,0,0,1,0,0,0,0,1,0,0,0,0,0
1.7291000322274188,1.4596839789453286,1.0092507361080043,314,-0.6990049600893694,1,0,0,0,0,0,0,0,0,0,0,0,1,0,0,0,0,1,0,0,0,0,0
1.7291000322274188,1.4596839789453286,2.7484778233817475,298,-0.6990049600893694,1,0,0,0,0,0,0,0,0,0,0,0,1,0,0,0,1,0,0,0,0,0,0
1.7291000322274188,1.4596839789453286,1.3570961535627533,336,-0.6990049600893694,1,0,0,0,0,0,0,0,0,0,0,0,1,0,0,0,0,1,0,0,0,0,0
1.7291000322274188,1.4596839789453286,1.3570961535627533,336,-0.6990049600893694,1,0,0,0,0,0,0,0,0,0,0,0,1,0,0,0,0,1,0,0,0,0,0
-0.844865398567706,-0.8846202186908425,-2.2373064934696516,117,-0.6990049600893694,0,1,0,0,0,0,0,0,0,0,0,0,0,0,0,0,0,1,0,0,0,1,0
-1.2348601608093916,-0.8846202186908425,-1.387017695246932,167,0.1343135301445871,0,0,0,0,0,0,0,0,0,0,0,0,0,0,0,0,0,1,0,0,0,1,0
-0.844865398567706,-0.8846202186908425,-1.4256671860752377,164,-0.6990049600893694,0,0,0,0,0,0,0,0,0,0,0,0,0,0,0,0,0,1,0,0,0,1,0
-0.844865398567706,-0.8846202186908425,-1.271069222762016,176,0.1343135301445871,0,0,0,0,0,0,0,0,0,0,0,0,0,0,0,0,0,1,0,0,0,1,0
-0.844865398567706,-0.8846202186908425,-1.0391722777921835,189,-0.6990049600893694,0,0,0,0,0,0,0,0,0,0,0,0,0,0,0,0,0,1,0,0,0,0,1
-1.2348601608093916,-0.8846202186908425,-1.4256671860752377,165,0.1343135301445871,0,0,1,0,0,0,0,0,0,0,0,0,0,0,0,0,0,1,0,0,0,1,0
-0.844865398567706,-0.8846202186908425,-1.4256671860752377,167,-0.6990049600893694,0,0,1,0,0,0,0,0,0,0,0,0,0,0,0,0,0,1,0,0,0,1,0
-0.844865398567706,-0.8846202186908425,-1.0778217686204887,186,-0.6990049600893694,0,0,1,0,0,0,0,0,0,0,0,0,0,0,0,0,0,1,0,0,0,0,1
-1.0008633034643803,-0.8846202186908425,-1.1551207502770997,181,-0.6990049600893694,0,0,0,0,0,0,0,0,0,1,0,0,0,0,0,0,0,1,0,0,0,1,0
-1.0008633034643803,-0.8846202186908425,-1.0005227869638782,193,-0.6990049600893694,0,0,0,0,0,0,0,0,0,1,0,0,0,0,0,0,0,1,0,0,0,1,0
-1.0008633034643803,-0.8846202186908425,-0.8845743144789616,199,0.1343135301445871,0,0,0,0,0,0,0,0,0,1,0,0,0,0,0,0,0,1,0,0,0,1,0
-1.2348601608093916,-0.8846202186908425,-2.2759559842979566,114,-0.6990049600893694,0,0,1,0,0,0,0,0,0,0,0,0,0,0,0,0,0,1,0,0,0,1,0
-1.2348601608093916,-0.8846202186908425,-2.2759559842979566,114,-0.6990049600893694,0,0,1,0,0,0,0,0,0,0,0,0,0,0,0,0,0,1,0,0,0,1,0
0.32511888815735074,0.28753188012724307,0.1976114287135905,265,1.8009505106125,1,0,0,0,0,0,0,0,0,0,0,1,0,0,0,0,0,1,0,0,0,0,0
0.32511888815735074,0.28753188012724307,-0.0342855162562426,250,-0.6990049600893694,1,0,0,0,0,0,0,0,0,0,0,1,0,0,0,0,0,1,0,0,0,0,0
0.32511888815735074,0.28753188012724307,0.1976114287135905,263,-0.6990049600893694,1,0,0,0,0,0,1,0,0,0,0,0,0,0,0,0,0,1,0,0,0,0,0
-1.1568612083610545,-0.8846202186908425,-1.3483682044186267,172,-0.6990049600893694,0,0,0,0,0,0,0,0,0,0,0,0,0,0,0,0,0,1,0,0,1,0,0
-0.844865398567706,-0.8846202186908425,-1.0778217686204887,188,-0.6990049600893694,0,0,1,0,0,0,0,0,0,0,0,0,0,0,0,0,0,1,0,0,0,0,1
-1.1568612083610545,-0.8846202186908425,-0.8459248236506564,205,0.1343135301445871,0,1,0,0,0,0,0,0,0,0,0,0,0,0,0,0,0,1,0,1,0,0,0
-1.1568612083610545,-0.8846202186908425,-0.614027878680824,218,-0.6990049600893694,0,1,0,0,0,0,0,0,0,0,0,0,0,0,0,0,0,1,0,0,0,0,1
-0.844865398567706,-0.8846202186908425,-0.9232238053072669,200,-0.6990049600893694,0,1,0,0,0,0,0,0,0,0,0,0,0,0,0,0,0,1,0,0,1,0,0
-0.844865398567706,-0.8846202186908425,-0.8072753328223511,207,-0.6990049600893694,0,1,0,0,0,0,0,0,0,0,0,0,0,0,0,0,0,1,0,0,0,0,1
-1.1568612083610545,-0.8846202186908425,-2.5078529292677896,104,-0.6990049600893694,0,1,0,0,0,0,0,0,0,0,0,0,0,0,0,0,0,1,0,1,0,0,0
-0.5328695887743576,-0.8846202186908425,-0.4594299153676021,225,0.9676320203785437,0,0,0,0,0,0,0,0,0,0,0,1,0,0,0,0,0,1,0,0,1,0,0
-0.844865398567706,-0.8846202186908425,0.1589619378852845,262,0.9676320203785437,1,0,0,0,0,0,0,0,0,0,0,1,0,0,0,0,0,1,0,0,1,0,0
-0.5328695887743576,-0.8846202186908425,-0.266182461226075,237,0.9676320203785437,0,0,0,0,0,0,0,0,0,0,0,1,0,0,0,0,0,1,0,0,1,0,0
0.16912098326067637,0.28753188012724307,0.27491041037020103,268,-0.6990049600893694,1,0,0,0,0,0,0,0,0,0,0,1,0,0,0,0,0,1,0,0,1,0,0
0.16912098326067637,0.28753188012724307,0.3522093920268116,276,-0.6990049600893694,1,0,0,0,0,0,0,0,0,0,0,1,0,0,0,0,0,1,0,0,1,0,0
0.16912098326067637,0.28753188012724307,0.7000548094815605,297,-0.6990049600893694,1,0,0,0,0,0,0,0,0,0,0,1,0,0,0,0,0,1,0,0,1,0,0
-0.5328695887743576,-0.8846202186908425,-0.9618732961355722,198,-0.6990049600893694,0,1,0,0,0,0,0,0,0,0,0,0,0,0,0,0,0,1,0,0,1,0,0
-0.5328695887743576,-0.8846202186908425,-1.0391722777921835,190,-0.6990049600893694,0,1,0,0,0,0,0,0,0,0,0,0,0,0,0,0,0,1,0,0,1,0,0
-0.844865398567706,-0.8846202186908425,-0.6526773695091292,216,-0.6990049600893694,0,0,0,0,0,0,0,0,0,0,0,1,0,0,0,0,0,1,0,0,1,0,0
-0.844865398567706,-0.8846202186908425,-0.266182461226075,239,-0.6990049600893694,0,0,0,0,0,0,0,0,0,0,0,1,0,0,0,0,0,1,0,0,1,0,0
-0.5328695887743576,-0.8846202186908425,-0.266182461226075,240,-0.6990049600893694,0,0,0,0,0,0,0,0,0,0,0,1,0,0,0,0,0,1,0,0,1,0,0
-0.844865398567706,-0.8846202186908425,-1.0005227869638782,193,-0.6990049600893694,0,0,0,0,0,0,0,0,0,0,0,0,0,0,0,0,0,1,0,0,1,0,0
-0.844865398567706,-0.8846202186908425,-0.9232238053072669,198,-0.6990049600893694,0,0,0,0,0,0,0,0,0,0,0,0,0,0,0,0,0,1,0,0,0,0,1
-0.844865398567706,-0.8846202186908425,-0.4980794061959074,226,-0.6990049600893694,0,0,0,0,0,0,0,0,0,0,0,0,0,0,0,0,0,1,0,0,0,0,1
-1.1568612083610545,-0.8846202186908425,-1.1551207502770997,184,0.1343135301445871,0,0,0,0,0,0,0,0,0,0,0,0,0,0,0,0,0,1,0,1,0,0,0
-0.844865398567706,-0.8846202186908425,-0.4207804245392968,229,0.1343135301445871,0,0,1,0,0,0,0,0,0,0,0,0,0,0,0,0,0,0,1,0,1,0,0
-0.06487587408433486,0.28753188012724307,0.12031244705697923,261,0.1343135301445871,1,0,1,0,0,0,0,0,0,0,0,0,0,0,0,0,0,0,1,0,1,0,0
-0.06487587408433486,0.28753188012724307,-0.0342855162562426,251,0.1343135301445871,1,0,0,0,0,0,0,0,0,0,1,0,0,0,0,0,0,0,1,0,1,0,0
0.4811167930540251,0.28753188012724307,0.3522093920268116,275,0.1343135301445871,1,0,1,0,0,0,0,0,0,0,0,0,0,0,0,0,0,0,1,0,1,0,0
1.9630968895724301,1.4596839789453286,0.7773537911381718,301,0.1343135301445871,1,0,1,0,0,0,0,0,0,0,0,0,0,0,0,0,0,0,1,0,1,0,0
-0.844865398567706,-0.8846202186908425,-0.6913268603374345,211,0.9676320203785437,0,0,0,0,0,0,0,0,0,0,0,1,0,0,0,0,0,0,1,0,0,1,0
-0.844865398567706,-0.8846202186908425,-0.3821309337109908,231,1.8009505106125,0,0,0,0,0,0,0,0,0,0,0,1,0,0,0,0,0,0,1,0,1,0,0
-0.844865398567706,-0.8846202186908425,-0.6526773695091292,214,1.8009505106125,0,0,0,0,0,0,0,0,0,0,0,1,0,0,0,0,0,1,0,0,0,0,0
-0.5328695887743576,-0.8846202186908425,-0.5753783878525179,219,1.8009505106125,0,0,0,0,0,0,0,0,0,0,0,1,0,0,0,0,0,1,0,0,0,0,0
0.09112203081233952,0.28753188012724307,-0.2275329703977697,240,1.8009505106125,0,0,0,0,0,0,0,0,0,0,0,1,0,0,0,0,0,1,0,0,0,0,0
-0.844865398567706,-0.8846202186908425,-0.3821309337109908,229,1.8009505106125,0,0,0,0,0,0,0,0,0,0,0,1,0,0,0,0,0,1,0,0,0,0,0
-0.5328695887743576,-0.8846202186908425,-0.3821309337109908,230,1.8009505106125,0,0,0,0,0,0,0,0,0,0,0,1,0,0,0,0,0,1,0,0,0,0,0
0.09112203081233952,0.28753188012724307,-0.07293500708454788,249,1.8009505106125,1,0,0,0,0,0,0,0,0,0,0,1,0,0,0,0,0,1,0,0,0,0,0
-0.844865398567706,-0.8846202186908425,-0.2275329703977697,240,1.8009505106125,0,0,0,0,0,0,0,0,0,0,0,1,0,0,0,0,0,1,0,0,0,0,0
-0.844865398567706,-0.8846202186908425,-0.07293500708454788,249,1.8009505106125,1,0,0,0,0,0,0,0,0,0,0,1,0,0,0,0,0,1,0,0,0,0,0
-0.06487587408433486,0.28753188012724307,-0.3048319520543803,268,0.9676320203785437,1,0,0,0,0,0,0,0,0,0,0,0,1,0,0,0,0,0,0,0,0,0,0
-1.3908580657060658,-0.8846202186908425,-0.8072753328223511,204,1.8009505106125,0,0,0,0,0,0,0,0,0,0,0,1,0,0,0,0,0,1,0,0,0,0,0
-1.3908580657060658,-0.8846202186908425,-0.614027878680824,216,1.8009505106125,0,0,0,0,0,0,0,0,0,0,0,1,0,0,0,0,0,1,0,0,0,0,0
-1.3908580657060658,-0.8846202186908425,-0.34348144288268556,230,1.8009505106125,0,0,0,0,0,0,0,0,0,0,0,1,0,0,0,0,0,1,0,0,0,0,0
-0.844865398567706,-0.8846202186908425,-0.3048319520543803,233,0.9676320203785437,0,0,0,0,0,0,0,0,0,0,0,1,0,0,0,0,0,1,0,0,0,0,0
0.40311784060568795,0.28753188012724307,0.3908588828551176,274,0.9676320203785437,1,0,0,0,0,0,0,0,0,0,0,1,0,0,0,0,0,1,0,0,0,0,0
0.40311784060568795,0.28753188012724307,0.3908588828551176,277,-0.6990049600893694,1,0,0,0,0,0,0,0,0,0,0,1,0,0,0,0,0,1,0,0,0,0,1
-0.844865398567706,-0.8846202186908425,-0.11158449791285317,245,0.9676320203785437,1,0,0,0,0,0,0,0,0,0,0,1,0,0,0,0,0,1,0,0,0,0,0
0.40311784060568795,0.28753188012724307,0.3522093920268116,275,0.9676320203785437,1,0,0,0,0,0,0,0,0,0,0,1,0,0,0,0,0,1,0,0,0,0,0
0.40311784060568795,0.28753188012724307,0.5454568461683388,285,-0.6990049600893694,1,0,0,0,0,0,0,0,0,0,0,1,0,0,0,0,0,1,0,0,0,0,1
0.16912098326067637,0.28753188012724307,-0.2275329703977697,238,0.9676320203785437,0,1,0,0,0,0,0,0,0,0,0,0,0,0,0,0,0,1,0,0,1,0,0
-0.844865398567706,-0.8846202186908425,-1.5029661677318482,164,-0.6990049600893694,0,0,1,0,0,0,0,0,0,0,0,0,0,0,0,0,0,1,0,0,0,1,0
-0.844865398567706,-0.8846202186908425,-1.2324197319337105,180,-0.6990049600893694,0,0,1,0,0,0,0,0,0,0,0,0,0,0,0,0,0,1,0,0,0,0,1
-0.844865398567706,-0.8846202186908425,-0.4207804245392968,230,-0.6990049600893694,0,1,0,0,0,0,0,0,0,0,0,0,0,0,0,0,0,1,0,0,1,0,0
-0.5328695887743576,-0.8846202186908425,-0.9232238053072669,199,-0.6990049600893694,0,1,0,0,0,0,0,0,0,0,0,0,0,0,0,0,0,1,0,0,1,0,0
-0.844865398567706,-0.8846202186908425,-1.9667600576715134,133,-0.6990049600893694,0,0,1,0,0,0,0,0,0,0,0,0,0,0,0,0,0,1,0,1,0,0,0
0.16912098326067637,0.28753188012724307,0.27491041037020103,272,0.9676320203785437,1,0,0,0,1,0,0,0,0,0,0,0,0,0,0,0,0,1,0,0,1,0,0
-0.5328695887743576,-0.8846202186908425,-0.4594299153676021,225,-0.6990049600893694,0,0,0,0,0,0,0,0,0,0,0,1,0,0,0,0,0,1,0,0,1,0,0
-0.5328695887743576,-0.8846202186908425,-0.2275329703977697,242,-0.6990049600893694,0,0,0,0,0,0,0,0,0,0,0,1,0,0,0,0,0,1,0,0,1,0,0
0.16912098326067637,0.28753188012724307,0.1589619378852845,265,0.9676320203785437,1,0,0,0,0,0,0,0,0,0,0,1,0,0,0,0,0,1,0,0,1,0,0
-1.1568612083610545,-0.8846202186908425,-0.9232238053072669,198,-0.6990049600893694,0,0,0,0,0,0,0,0,0,1,0,0,0,0,0,0,0,1,0,0,1,0,0
-0.844865398567706,-0.8846202186908425,-0.4207804245392968,229,0.9676320203785437,0,0,1,0,0,0,0,0,0,0,0,0,0,0,0,0,0,0,1,0,1,0,0
0.16912098326067637,0.28753188012724307,0.3908588828551176,279,0.9676320203785437,1,0,1,0,0,0,0,0,0,0,0,0,0,0,0,0,0,0,1,0,1,0,0
1.651101079779082,2.631836077763414,1.9754880068156397,366,0.1343135301445871,1,0,0,0,0,0,0,0,0,0,0,0,0,1,0,0,0,0,1,1,0,0,0
1.651101079779082,2.631836077763414,1.8981890251590285,370,0.1343135301445871,1,0,0,0,0,0,0,0,0,0,0,0,0,1,0,0,0,0,1,1,0,0,0
1.651101079779082,2.631836077763414,1.9754880068156397,366,0.1343135301445871,1,0,0,0,0,0,0,0,0,0,0,0,0,1,0,0,0,0,1,1,0,0,0
1.651101079779082,2.631836077763414,1.8981890251590285,370,0.1343135301445871,1,0,0,0,0,0,0,0,0,0,0,0,0,1,0,0,0,0,1,1,0,0,0
1.651101079779082,2.631836077763414,1.8981890251590285,370,0.1343135301445871,1,0,0,0,0,0,0,0,0,0,0,0,0,1,0,0,0,0,1,1,0,0,0
1.651101079779082,2.631836077763414,1.8981890251590285,370,0.1343135301445871,1,0,0,0,0,0,0,0,0,0,0,0,0,1,0,0,0,0,1,1,0,0,0
0.7151136503990364,1.4596839789453286,2.3619829150986935,384,0.9676320203785437,1,0,0,0,0,0,0,0,0,0,0,0,1,0,0,0,0,0,1,0,1,0,0
-0.06487587408433486,0.28753188012724307,0.9706012452796989,311,0.9676320203785437,1,0,0,0,0,0,0,0,0,0,0,0,1,0,0,0,0,0,1,0,1,0,0
-0.06487587408433486,0.28753188012724307,-0.15023398874115845,279,0.9676320203785437,1,0,0,0,0,0,0,0,0,0,0,0,1,0,0,0,0,0,0,0,1,0,0
-0.06487587408433486,0.28753188012724307,0.62275582782495,291,0.9676320203785437,1,0,0,0,0,0,0,0,0,0,0,0,1,0,0,0,0,0,1,0,1,0,0
-0.06487587408433486,0.28753188012724307,-0.4594299153676021,256,0.9676320203785437,1,0,0,0,0,0,0,0,0,0,0,0,1,0,0,0,0,0,0,0,1,0,0
1.4951031748824075,1.4596839789453286,0.8546527727947824,305,0.9676320203785437,1,0,0,0,0,0,0,0,0,0,0,0,1,0,0,0,0,0,1,0,1,0,0
1.4951031748824075,1.4596839789453286,1.820890043502418,365,0.9676320203785437,1,0,0,0,0,0,0,0,0,0,0,0,1,0,0,0,0,0,1,0,1,0,0
-0.06487587408433486,0.28753188012724307,0.62275582782495,291,0.9676320203785437,1,0,0,0,0,0,0,0,0,0,0,0,1,0,0,0,0,0,1,0,1,0,0
-0.06487587408433486,0.28753188012724307,-0.4594299153676021,256,0.9676320203785437,1,0,0,0,0,0,0,0,0,0,0,0,1,0,0,0,0,0,0,0,1,0,0
1.4951031748824075,1.4596839789453286,0.7000548094815605,294,0.9676320203785437,1,0,0,0,0,0,0,0,0,0,0,0,1,0,0,0,0,0,1,0,1,0,0
-0.844865398567706,-0.8846202186908425,-0.8845743144789616,229,0.9676320203785437,0,0,0,0,0,0,0,0,0,0,0,1,0,0,0,0,0,0,0,0,1,0,0
-0.844865398567706,-0.8846202186908425,-0.07293500708454788,248,0.9676320203785437,1,0,0,0,0,0,0,0,0,0,0,1,0,0,0,0,0,0,1,0,1,0,0
-0.06487587408433486,0.28753188012724307,0.31355990119850635,273,0.9676320203785437,1,0,0,0,0,0,0,0,0,0,0,1,0,0,0,0,0,0,1,0,1,0,0
-0.4548706363260205,-0.8846202186908425,-2.121358020984735,124,-0.6990049600893694,0,0,1,0,0,0,0,0,0,0,0,0,0,0,0,0,0,1,0,0,0,1,0
0.32511888815735074,0.28753188012724307,-0.6526773695091292,211,0.9676320203785437,0,0,1,0,0,0,0,0,0,0,0,0,0,0,0,0,0,1,0,0,1,0,0
0.32511888815735074,0.28753188012724307,-0.5367288970242127,219,0.9676320203785437,0,0,1,0,0,0,0,0,0,0,0,0,0,0,0,0,0,1,0,0,1,0,0
0.32511888815735074,0.28753188012724307,0.043013465400368656,254,-0.6990049600893694,1,0,1,0,0,0,0,0,0,0,0,0,0,0,0,0,0,0,1,0,1,0,0
-0.844865398567706,-0.8846202186908425,-0.4980794061959074,220,0.9676320203785437,0,0,0,0,0,0,0,0,0,0,0,0,0,0,0,0,0,0,1,0,1,0,0
1.4951031748824075,1.4596839789453286,0.7000548094815605,294,2.634269000846457,1,0,0,0,0,0,0,0,0,0,1,0,0,0,0,0,0,0,1,0,1,0,0
0.32511888815735074,0.28753188012724307,-1.0391722777921835,189,2.634269000846457,0,0,0,0,0,0,0,0,0,0,1,0,0,0,0,0,0,0,1,0,0,1,0
0.24711993570901356,0.28753188012724307,0.12031244705697923,261,2.634269000846457,1,0,1,0,0,0,0,0,0,0,0,0,0,0,0,0,0,0,1,0,1,0,0
0.32511888815735074,0.28753188012724307,-0.6526773695091292,214,2.634269000846457,0,0,1,0,0,0,0,0,0,0,0,0,0,0,0,0,0,0,1,0,0,1,0
-0.844865398567706,-0.8846202186908425,-0.4207804245392968,226,-0.6990049600893694,0,0,0,0,0,0,0,0,0,0,0,1,0,0,0,0,0,0,1,0,1,0,0
0.32511888815735074,0.28753188012724307,-1.0391722777921835,190,-0.6990049600893694,0,0,0,0,0,0,0,0,0,0,0,0,1,0,0,0,0,0,1,0,0,1,0
-0.844865398567706,-0.8846202186908425,-1.387017695246932,168,2.634269000846457,0,0,1,0,0,0,0,0,0,0,0,0,0,0,0,0,0,1,0,0,1,0,0
-0.844865398567706,-0.8846202186908425,-2.005409548499819,130,-0.6990049600893694,0,0,0,0,0,0,0,0,0,0,0,0,0,0,0,0,0,1,0,0,0,1,0
-0.844865398567706,-0.8846202186908425,-1.8508115851865972,140,-0.6990049600893694,0,0,0,0,0,0,0,0,0,0,0,0,0,0,0,0,0,1,0,0,0,1,0
-0.2988727314293461,0.28753188012724307,0.4681578645117282,281,-0.6990049600893694,1,1,0,0,0,0,0,0,0,0,0,0,0,0,0,0,0,1,0,0,1,0,0
-0.06487587408433486,0.28753188012724307,0.5841063369966447,289,-0.6990049600893694,1,1,0,0,0,0,0,0,0,0,0,0,0,0,0,0,0,1,0,0,1,0,0
-0.844865398567706,-0.8846202186908425,0.08166295622867395,257,-0.6990049600893694,1,0,0,0,0,0,0,0,0,0,0,1,0,0,0,0,0,1,0,0,1,0,0
-0.844865398567706,-0.8846202186908425,0.043013465400368656,256,-0.6990049600893694,1,0,0,0,0,0,0,0,0,0,0,1,0,0,0,0,0,1,0,0,1,0,0
-0.6108685412226948,-0.8846202186908425,0.27491041037020103,270,-0.6990049600893694,1,0,0,0,0,0,0,0,0,0,0,1,0,0,0,0,0,1,0,0,1,0,0
0.4811167930540251,0.28753188012724307,0.7387043003098659,297,-0.6990049600893694,1,0,0,0,0,0,0,1,0,0,0,0,0,0,0,0,0,1,0,0,0,0,0
-0.844865398567706,-0.8846202186908425,-0.15023398874115845,245,-0.6990049600893694,1,0,1,0,0,0,0,0,0,0,0,0,0,0,0,0,0,1,0,0,1,0,0
-0.844865398567706,-0.8846202186908425,-0.0342855162562426,250,0.9676320203785437,1,0,0,0,0,0,0,0,0,0,0,1,0,0,0,0,0,1,0,0,1,0,0
-0.2988727314293461,0.28753188012724307,0.08166295622867395,259,0.9676320203785437,1,0,0,0,0,0,0,0,0,0,0,1,0,0,0,0,0,1,0,0,1,0,0
0.32511888815735074,0.28753188012724307,1.0092507361080043,314,2.634269000846457,1,0,0,0,0,0,0,0,0,0,0,0,1,0,0,0,0,1,0,0,1,0,0
-0.06487587408433486,0.28753188012724307,0.7000548094815605,295,0.9676320203785437,1,0,1,0,0,0,0,0,0,0,0,0,0,0,0,0,0,0,1,0,1,0,0
1.2611063175373964,1.4596839789453286,1.6276425893608908,354,-0.6990049600893694,1,0,0,0,0,0,0,0,0,0,1,0,0,0,0,0,0,0,1,0,1,0,0
-0.06487587408433486,0.28753188012724307,1.12519920859292,324,0.9676320203785437,1,0,0,0,0,0,0,0,0,0,0,0,1,0,0,0,0,0,1,0,1,0,0
-0.06487587408433486,0.28753188012724307,1.2411476810778366,330,0.9676320203785437,1,0,0,0,0,0,0,0,0,0,0,0,1,0,0,0,0,0,1,0,1,0,0
0.559115745502362,1.4596839789453286,1.7435910618458075,360,0.9676320203785437,1,0,0,0,0,0,0,0,0,0,0,0,1,0,0,0,0,0,1,0,1,0,0
0.559115745502362,1.4596839789453286,1.7435910618458075,360,0.9676320203785437,1,0,0,0,0,0,0,0,0,0,0,0,1,0,0,0,0,0,1,0,1,0,0
-0.06487587408433486,0.28753188012724307,0.7773537911381718,299,0.9676320203785437,1,1,0,0,0,0,0,0,0,0,0,0,0,0,0,0,0,0,1,0,1,0,0
0.559115745502362,1.4596839789453286,1.12519920859292,321,0.9676320203785437,1,1,0,0,0,0,0,0,0,0,0,0,0,0,0,0,0,0,1,0,1,0,0
-0.844865398567706,-0.8846202186908425,-1.193770241105405,179,-0.6990049600893694,0,0,0,0,0,0,0,0,0,0,0,0,0,0,0,0,0,1,0,0,1,0,0
-0.844865398567706,-0.8846202186908425,-1.0778217686204887,186,-0.6990049600893694,0,0,0,0,0,0,0,0,0,0,0,0,0,0,0,0,0,1,0,0,0,0,1
-0.844865398567706,-0.8846202186908425,-1.0391722777921835,189,-0.6990049600893694,0,0,0,0,0,0,0,0,0,0,0,0,0,0,0,0,0,1,0,0,1,0,0
-0.4548706363260205,-0.8846202186908425,-0.3821309337109908,230,-0.6990049600893694,0,0,0,0,0,0,0,0,0,0,0,1,0,0,0,0,0,1,0,0,1,0,0
-0.6888674936710317,-0.8846202186908425,-0.9232238053072669,227,-0.6990049600893694,0,0,0,0,0,0,0,0,0,0,0,1,0,0,0,0,0,0,0,0,1,0,0
-0.4548706363260205,-0.8846202186908425,-0.11158449791285317,244,-0.6990049600893694,0,0,0,0,0,0,0,0,0,0,0,1,0,0,0,0,0,1,0,0,1,0,0
-0.844865398567706,-0.8846202186908425,-1.2324197319337105,178,-0.6990049600893694,0,0,0,0,0,0,0,0,0,0,0,0,0,0,0,0,0,1,0,0,1,0,0
-0.844865398567706,-0.8846202186908425,-1.193770241105405,180,-0.6990049600893694,0,0,0,0,0,0,0,0,0,0,0,0,0,0,0,0,0,1,0,0,0,0,1
-0.4548706363260205,-0.8846202186908425,-1.193770241105405,181,-0.6990049600893694,0,0,0,0,0,0,0,0,0,0,0,0,0,0,0,0,0,1,0,0,1,0,0
-0.4548706363260205,-0.8846202186908425,-1.1551207502770997,183,-0.6990049600893694,0,0,0,0,0,0,0,0,0,0,0,0,0,0,0,0,0,1,0,0,1,0,0
-0.4548706363260205,-0.8846202186908425,-1.0005227869638782,192,-0.6990049600893694,0,0,0,0,0,0,0,0,0,0,0,0,0,0,0,0,0,1,0,0,1,0,0
-0.844865398567706,-0.8846202186908425,-1.193770241105405,181,-0.6990049600893694,0,0,1,0,0,0,0,0,0,0,0,0,0,0,0,0,0,1,0,0,1,0,0
-0.844865398567706,-0.8846202186908425,-1.1551207502770997,181,-0.6990049600893694,0,0,1,0,0,0,0,0,0,0,0,0,0,0,0,0,0,1,0,0,0,0,1
-0.4548706363260205,-0.8846202186908425,-1.0778217686204887,187,-0.6990049600893694,0,0,1,0,0,0,0,0,0,0,0,0,0,0,0,0,0,1,0,0,1,0,0
-0.4548706363260205,-0.8846202186908425,-1.0391722777921835,189,-0.6990049600893694,0,0,1,0,0,0,0,0,0,0,0,0,0,0,0,0,0,1,0,0,0,0,1
-0.4548706363260205,-0.8846202186908425,-0.8072753328223511,204,-0.6990049600893694,0,0,1,0,0,0,0,0,0,0,0,0,0,0,0,0,0,1,0,0,1,0,0
-0.844865398567706,-0.8846202186908425,-1.116471259448794,186,-0.6990049600893694,0,0,0,0,0,0,0,0,0,0,0,0,0,1,0,0,0,0,1,0,1,0,0
-0.844865398567706,-0.8846202186908425,-1.0391722777921835,189,-0.6990049600893694,0,0,0,0,0,0,0,0,0,0,0,0,0,1,0,0,0,0,1,0,0,0,1
-0.844865398567706,-0.8846202186908425,-0.9232238053072669,195,0.1343135301445871,0,0,0,0,0,0,0,0,0,0,1,0,0,0,0,0,0,0,1,1,0,0,0
-0.844865398567706,-0.8846202186908425,-0.8845743144789616,199,0.1343135301445871,0,0,0,0,0,0,0,0,0,0,1,0,0,0,0,0,0,0,1,1,0,0,0
-0.844865398567706,-0.8846202186908425,-0.9618732961355722,192,0.1343135301445871,0,0,0,0,0,0,0,0,0,1,0,0,0,0,0,0,0,0,1,1,0,0,0
-0.844865398567706,-0.8846202186908425,-0.8459248236506564,201,0.1343135301445871,0,0,0,0,0,0,0,0,0,1,0,0,0,0,0,0,0,0,1,1,0,0,0
-0.06487587408433486,0.28753188012724307,-0.0342855162562426,253,1.8009505106125,1,0,0,0,0,0,0,0,0,0,0,0,0,0,0,0,0,0,1,0,0,0,0
-0.06487587408433486,0.28753188012724307,0.1589619378852845,263,1.8009505106125,1,0,0,0,0,0,0,0,0,0,1,0,0,0,0,0,0,0,1,0,0,0,0
-0.06487587408433486,0.28753188012724307,0.12031244705697923,255,1.8009505106125,1,0,0,0,0,0,0,0,0,0,1,0,0,0,0,0,0,0,1,0,0,0,0
-0.06487587408433486,0.28753188012724307,0.004363974572063373,255,1.8009505106125,1,0,0,0,0,0,0,0,0,1,0,0,0,0,0,0,0,0,1,0,0,0,0
0.7151136503990364,1.4596839789453286,0.1589619378852845,263,1.8009505106125,1,0,0,0,0,0,0,0,0,0,0,0,0,0,0,0,0,0,1,0,0,0,0
0.7151136503990364,1.4596839789453286,0.1589619378852845,263,1.8009505106125,1,0,0,0,0,0,0,0,0,0,0,0,0,0,0,0,0,0,1,0,0,0,0
0.7151136503990364,1.4596839789453286,0.4681578645117282,282,1.8009505106125,1,0,0,0,0,0,0,0,0,0,1,0,0,0,0,0,0,0,1,0,0,0,0
0.7151136503990364,1.4596839789453286,0.3908588828551176,277,1.8009505106125,1,0,0,0,0,0,0,0,0,0,1,0,0,0,0,0,0,0,1,0,0,0,0
-0.844865398567706,-0.8846202186908425,-0.614027878680824,217,0.1343135301445871,0,0,0,1,0,0,0,0,0,0,0,0,0,0,0,0,0,0,1,1,0,0,0
-0.06487587408433486,0.28753188012724307,-0.0342855162562426,235,1.8009505106125,0,0,0,0,0,0,0,0,0,0,0,0,0,0,0,0,0,0,1,0,0,0,0
-0.06487587408433486,0.28753188012724307,-0.34348144288268556,232,1.8009505106125,0,0,1,0,0,0,0,0,0,0,0,0,0,0,0,0,0,0,1,0,0,0,0
-0.06487587408433486,0.28753188012724307,0.043013465400368656,245,1.8009505106125,1,0,0,0,0,0,0,0,0,0,1,0,0,0,0,0,0,0,1,0,0,0,0
-0.06487587408433486,0.28753188012724307,-0.07293500708454788,237,1.8009505106125,0,0,0,0,0,0,0,0,0,0,1,0,0,0,0,0,0,0,1,0,0,0,0
-0.06487587408433486,0.28753188012724307,-0.2275329703977697,239,1.8009505106125,0,0,0,0,0,0,0,0,1,0,0,0,0,0,0,0,0,0,1,0,0,0,0
0.7151136503990364,1.4596839789453286,1.0479002269363096,318,1.8009505106125,1,0,1,0,0,0,0,0,0,0,0,0,0,0,0,0,0,0,1,0,0,0,0
0.7151136503990364,1.4596839789453286,0.7387043003098659,299,1.8009505106125,1,0,0,0,0,0,0,0,1,0,0,0,0,0,0,0,0,0,1,0,0,0,0
0.7151136503990364,1.4596839789453286,2.4006324059269994,396,1.8009505106125,1,0,0,0,0,0,0,0,0,0,0,0,1,0,0,0,0,0,1,0,0,0,0
-0.06487587408433486,0.28753188012724307,0.1589619378852845,262,1.8009505106125,1,0,0,0,0,0,0,0,0,0,0,1,0,0,0,0,0,0,1,0,0,0,0
-0.06487587408433486,0.28753188012724307,0.1976114287135905,265,1.8009505106125,1,0,0,0,0,0,0,0,0,0,0,1,0,0,0,0,0,0,1,0,0,0,0
0.7151136503990364,1.4596839789453286,0.931951754451393,309,1.8009505106125,1,0,0,0,0,0,0,0,0,0,0,1,0,0,0,0,0,0,1,0,0,0,0
0.7151136503990364,1.4596839789453286,0.931951754451393,309,1.8009505106125,1,0,0,0,0,0,0,0,0,0,0,1,0,0,0,0,0,0,1,0,0,0,0
-0.06487587408433486,0.28753188012724307,0.62275582782495,292,1.8009505106125,1,0,0,0,0,0,0,0,0,0,0,0,1,0,0,0,0,0,1,0,0,0,0
-0.06487587408433486,0.28753188012724307,0.7000548094815605,297,1.8009505106125,1,0,0,0,0,0,0,0,0,0,0,0,1,0,0,0,0,0,1,0,0,0,0
1.2611063175373964,1.4596839789453286,1.9368385159873345,370,0.1343135301445871,1,0,0,0,0,0,0,0,0,0,0,0,1,0,0,0,0,0,1,0,0,0,0
1.2611063175373964,1.4596839789453286,1.7049415710175013,357,0.1343135301445871,1,0,0,0,0,0,0,0,0,0,0,0,1,0,0,0,0,0,1,0,0,0,0
1.2611063175373964,1.4596839789453286,1.8981890251590285,370,0.1343135301445871,1,0,0,0,0,0,0,0,0,0,0,0,1,0,0,0,0,0,1,0,0,0,0
-0.06487587408433486,0.28753188012724307,0.1589619378852845,264,1.8009505106125,1,0,0,0,0,0,0,0,0,0,0,0,0,0,0,0,0,0,1,0,0,0,0
0.7151136503990364,1.4596839789453286,1.12519920859292,323,1.8009505106125,1,0,0,0,0,0,0,0,0,0,0,0,0,0,0,0,0,0,1,0,0,0,0
0.7151136503990364,1.4596839789453286,1.12519920859292,324,1.8009505106125,1,0,0,0,0,0,0,0,0,0,0,0,0,0,0,0,0,0,1,0,0,0,0
0.7151136503990364,1.4596839789453286,1.0479002269363096,315,0.1343135301445871,1,0,0,0,0,0,0,0,0,0,0,0,0,1,0,0,0,0,1,1,0,0,0
0.7151136503990364,1.4596839789453286,1.0479002269363096,315,0.1343135301445871,1,0,0,0,0,0,0,0,0,0,0,0,0,1,0,0,0,0,1,1,0,0,0
0.7151136503990364,1.4596839789453286,1.2411476810778366,327,0.1343135301445871,1,0,0,0,0,0,0,0,0,0,0,0,0,1,0,0,0,0,1,1,0,0,0
0.7151136503990364,1.4596839789453286,0.3908588828551176,275,1.8009505106125,1,1,0,0,0,0,0,0,0,0,0,0,0,0,0,0,0,0,1,0,0,0,0
0.7151136503990364,1.4596839789453286,0.8933022636230876,306,1.8009505106125,1,0,0,0,0,0,0,0,0,0,1,0,0,0,0,0,0,0,1,0,0,0,0
0.7151136503990364,1.4596839789453286,0.31355990119850635,271,1.8009505106125,1,0,0,0,0,0,0,0,0,0,0,0,0,0,0,0,0,0,1,0,0,0,0
2.275092699365779,3.8039881765815,1.3570961535627533,337,1.8009505106125,1,0,0,0,0,0,0,0,0,0,1,0,0,0,0,0,0,0,1,0,0,0,0
2.275092699365779,3.8039881765815,1.473044626047669,343,1.8009505106125,1,0,0,0,0,0,0,0,0,0,0,0,0,0,0,0,0,0,1,0,0,0,0
1.8850979371240932,1.4596839789453286,0.8546527727947824,303,0.1343135301445871,1,0,0,0,0,0,0,0,0,0,0,0,0,1,0,0,0,0,1,0,0,0,0
-0.06487587408433486,0.28753188012724307,-0.2275329703977697,238,1.8009505106125,0,0,0,0,0,0,0,0,0,0,0,0,0,1,0,0,0,0,1,0,0,0,0
-0.844865398567706,-0.8846202186908425,-0.9232238053072669,196,0.1343135301445871,0,0,0,0,0,0,0,0,0,1,0,0,0,0,0,0,0,0,1,1,0,0,0
-0.844865398567706,-0.8846202186908425,-0.6526773695091292,215,0.1343135301445871,0,0,0,0,0,0,0,0,0,1,0,0,0,0,0,0,0,0,1,1,0,0,0
-0.844865398567706,-0.8846202186908425,-0.5367288970242127,219,1.8009505106125,0,0,0,0,0,0,0,0,0,0,0,0,0,0,0,0,0,0,1,0,0,0,0
-0.844865398567706,-0.8846202186908425,-0.34348144288268556,231,1.8009505106125,0,0,0,0,0,0,0,0,0,0,1,0,0,0,0,0,0,0,1,0,0,0,0
-0.844865398567706,-0.8846202186908425,-0.4980794061959074,221,1.8009505106125,0,0,0,0,0,0,0,0,0,0,1,0,0,0,0,0,0,0,1,0,0,0,0
-0.844865398567706,-0.8846202186908425,-0.4980794061959074,221,1.8009505106125,0,0,0,0,0,0,0,0,0,1,0,0,0,0,0,0,0,0,1,0,0,0,0
-0.844865398567706,-0.8846202186908425,-1.0005227869638782,193,0.1343135301445871,0,0,0,1,0,0,0,0,0,0,0,0,0,0,0,0,0,0,1,1,0,0,0
-0.844865398567706,-0.8846202186908425,-0.8072753328223511,204,0.1343135301445871,0,0,0,1,0,0,0,0,0,0,0,0,0,0,0,0,0,0,1,1,0,0,0
-0.06487587408433486,0.28753188012724307,-0.3821309337109908,213,1.8009505106125,0,0,0,0,0,0,0,0,0,0,0,0,0,0,0,0,0,0,1,0,0,0,0
-0.844865398567706,-0.8846202186908425,-0.4207804245392968,228,1.8009505106125,0,0,1,0,0,0,0,0,0,0,0,0,0,0,0,0,0,0,1,0,0,0,0
-0.06487587408433486,0.28753188012724307,-0.18888347956946375,244,1.8009505106125,0,0,1,0,0,0,0,0,0,0,0,0,0,0,0,0,0,0,1,0,0,0,0
-0.06487587408433486,0.28753188012724307,0.31355990119850635,271,1.8009505106125,1,0,0,0,0,0,0,0,0,0,1,0,0,0,0,0,0,0,1,0,0,0,0
-0.06487587408433486,0.28753188012724307,0.08166295622867395,257,1.8009505106125,1,0,0,0,0,0,0,0,0,0,1,0,0,0,0,0,0,0,1,0,0,0,0
-0.06487587408433486,0.28753188012724307,0.004363974572063373,254,1.8009505106125,1,0,0,0,0,0,0,0,1,0,0,0,0,0,0,0,0,0,1,0,0,0,0
0.7151136503990364,1.4596839789453286,2.1300859701288615,378,1.8009505106125,1,0,0,0,0,0,0,0,0,0,0,0,1,0,0,0,0,0,1,0,0,0,0
-0.844865398567706,-0.8846202186908425,-0.3048319520543803,234,1.8009505106125,0,0,0,0,0,0,0,0,0,0,0,1,0,0,0,0,0,0,1,0,0,0,0
-0.844865398567706,-0.8846202186908425,-0.3048319520543803,234,1.8009505106125,0,0,0,0,0,0,0,0,0,0,0,1,0,0,0,0,0,0,1,0,0,0,0
-0.06487587408433486,0.28753188012724307,0.931951754451393,312,1.8009505106125,1,0,0,0,0,0,0,0,0,0,0,0,1,0,0,0,0,0,1,0,0,0,0
1.2611063175373964,1.4596839789453286,1.666292080189196,355,1.8009505106125,1,0,0,0,0,0,0,0,0,0,0,0,1,0,0,0,0,0,1,0,0,0,0
0.7151136503990364,1.4596839789453286,0.5454568461683388,286,1.8009505106125,1,1,0,0,0,0,0,0,0,0,0,0,0,0,0,0,0,0,1,0,0,0,0
2.275092699365779,3.8039881765815,1.666292080189196,355,0.1343135301445871,1,1,0,0,0,0,0,0,0,0,0,0,0,0,0,0,0,0,1,0,0,0,0
-0.844865398567706,-0.8846202186908425,-0.11158449791285317,248,0.1343135301445871,1,0,0,0,0,0,0,1,0,0,0,0,0,0,0,0,0,0,1,0,0,0,0
-0.06487587408433486,0.28753188012724307,0.004363974572063373,253,1.8009505106125,1,0,1,0,0,0,0,0,0,0,0,0,0,0,0,0,0,0,1,0,0,0,0
0.7151136503990364,1.4596839789453286,0.3522093920268116,275,1.8009505106125,1,0,0,0,0,0,0,0,0,0,1,0,0,0,0,0,0,0,1,0,0,0,0
0.7151136503990364,1.4596839789453286,0.1976114287135905,265,1.8009505106125,1,0,1,0,0,0,0,0,0,0,0,0,0,0,0,0,0,0,1,0,0,0,0
-0.06487587408433486,0.28753188012724307,-0.18888347956946375,241,1.8009505106125,0,0,0,0,0,0,0,0,0,0,0,0,0,1,0,0,0,0,1,0,0,0,0
1.2611063175373964,1.4596839789453286,0.31355990119850635,270,1.8009505106125,1,0,0,0,0,0,0,0,0,0,0,0,0,1,0,0,0,0,1,0,0,0,0
-0.844865398567706,-0.8846202186908425,-0.768625841994045,205,1.8009505106125,0,0,0,0,0,0,0,0,0,0,0,0,0,1,0,0,0,0,1,0,0,0,0
-1.2348601608093916,-1.4706962680998854,-1.271069222762016,175,-0.6990049600893694,0,0,0,0,0,0,0,0,0,0,1,0,0,0,0,0,0,0,1,0,0,0,1
-1.2348601608093916,-1.4706962680998854,-1.271069222762016,175,-0.6990049600893694,0,0,0,1,0,0,0,0,0,0,0,0,0,0,0,0,0,0,1,0,0,0,1
-0.844865398567706,-0.8846202186908425,-0.6913268603374345,210,-0.6990049600893694,0,0,0,0,0,0,0,0,0,0,1,0,0,0,0,0,0,0,1,0,0,0,1
-0.844865398567706,-0.8846202186908425,-0.6913268603374345,210,-0.6990049600893694,0,0,0,0,0,0,0,0,0,0,1,0,0,0,0,0,0,0,1,0,0,0,1
-0.844865398567706,-0.8846202186908425,-0.614027878680824,214,0.9676320203785437,0,0,1,0,0,0,0,0,0,0,0,0,0,0,0,0,0,0,1,0,1,0,0
-0.844865398567706,-0.8846202186908425,-0.4207804245392968,227,-0.6990049600893694,0,0,1,0,0,0,0,0,0,0,0,0,0,0,0,0,0,0,1,0,0,0,1
-0.844865398567706,-0.8846202186908425,-0.9232238053072669,197,-0.6990049600893694,0,0,0,1,0,0,0,0,0,0,0,0,0,0,0,0,0,0,1,0,1,0,0
-0.844865398567706,-0.8846202186908425,-0.6913268603374345,210,-0.6990049600893694,0,0,0,1,0,0,0,0,0,0,0,0,0,0,0,0,0,0,1,0,0,0,1
-0.844865398567706,-0.8846202186908425,-0.4207804245392968,228,-0.6990049600893694,0,0,1,0,0,0,0,0,0,0,0,0,0,0,0,0,0,0,1,0,0,0,1
-0.844865398567706,-0.8846202186908425,-0.9232238053072669,197,-0.6990049600893694,0,0,0,0,0,0,0,0,0,0,1,0,0,0,0,0,0,0,1,0,1,0,0
-0.844865398567706,-0.8846202186908425,-0.6913268603374345,210,-0.6990049600893694,0,0,0,0,0,0,0,0,0,0,1,0,0,0,0,0,0,0,1,0,0,0,1
-0.844865398567706,-0.8846202186908425,-0.614027878680824,214,0.9676320203785437,0,0,1,0,0,0,0,0,0,0,0,0,0,0,0,0,0,0,1,0,1,0,0
-0.844865398567706,-0.8846202186908425,-0.4207804245392968,227,-0.6990049600893694,0,0,1,0,0,0,0,0,0,0,0,0,0,0,0,0,0,0,1,0,0,0,1
-0.844865398567706,-0.8846202186908425,-0.9232238053072669,197,-0.6990049600893694,0,0,0,1,0,0,0,0,0,0,0,0,0,0,0,0,0,0,1,0,1,0,0
-0.844865398567706,-0.8846202186908425,-0.4207804245392968,228,-0.6990049600893694,0,0,1,0,0,0,0,0,0,0,0,0,0,0,0,0,0,0,1,0,0,0,1
-1.4688570181544032,-1.4706962680998854,-1.7735126035299862,143,-0.6990049600893694,0,0,0,0,0,0,0,0,0,0,0,0,0,0,0,0,0,1,0,0,0,1,0
-1.4688570181544032,-1.4706962680998854,-1.6575641310450702,151,-1.532323450323326,0,0,0,0,0,0,0,0,0,0,0,0,0,0,0,0,0,1,0,0,0,0,1
-1.4688570181544032,-1.4706962680998854,-1.6962136218733754,148,-0.6990049600893694,0,0,0,0,0,0,0,0,0,0,0,0,0,0,0,0,0,1,0,0,0,1,0
-1.4688570181544032,-1.4706962680998854,-1.6189146402167647,153,-1.532323450323326,0,0,0,0,0,0,0,0,0,0,0,0,0,0,0,0,0,1,0,0,0,0,1
-0.06487587408433486,0.28753188012724307,-0.07293500708454788,246,-0.6990049600893694,1,0,0,0,0,0,0,0,0,0,0,1,0,0,0,0,0,0,1,0,1,0,0
-0.844865398567706,-0.8846202186908425,-0.768625841994045,206,-0.6990049600893694,0,0,0,0,0,0,0,0,0,0,0,1,0,0,0,0,0,1,0,0,0,1,0
-0.5328695887743576,-0.8846202186908425,-0.5367288970242127,218,-0.6990049600893694,0,0,0,0,0,0,0,0,0,0,0,1,0,0,0,0,0,1,0,0,0,1,0
0.4811167930540251,0.28753188012724307,0.27491041037020103,270,-0.6990049600893694,1,0,0,0,0,0,0,0,0,0,0,0,0,1,0,0,0,0,1,0,0,0,1
0.4811167930540251,0.28753188012724307,0.27491041037020103,271,0.1343135301445871,1,0,0,0,0,0,0,0,0,0,0,0,0,1,0,0,0,0,1,0,1,0,0
0.4811167930540251,0.28753188012724307,0.3908588828551176,279,-0.6990049600893694,1,0,0,0,0,0,0,0,0,0,0,0,0,1,0,0,0,0,1,0,0,0,1
-0.4548706363260205,-0.8846202186908425,-1.3097187135903212,174,-0.6990049600893694,0,0,1,0,0,0,0,0,0,0,0,0,0,0,0,0,0,1,0,0,0,1,0
-0.844865398567706,-0.8846202186908425,-1.0391722777921835,190,-0.6990049600893694,0,0,1,0,0,0,0,0,0,0,0,0,0,0,0,0,0,1,0,0,0,1,0
-0.4548706363260205,-0.8846202186908425,-1.271069222762016,177,-0.6990049600893694,0,0,1,0,0,0,0,0,0,0,0,0,0,0,0,0,0,1,0,0,0,1,0
-0.4548706363260205,-0.8846202186908425,-1.116471259448794,186,-0.6990049600893694,0,0,1,0,0,0,0,0,0,0,0,0,0,0,0,0,0,1,0,0,0,1,0
-0.4548706363260205,-0.8846202186908425,-1.0391722777921835,190,-0.6990049600893694,0,0,1,0,0,0,0,0,0,0,0,0,0,0,0,0,0,1,0,0,0,1,0
1.9630968895724301,1.4596839789453286,1.820890043502418,364,0.1343135301445871,1,0,0,0,0,0,0,0,0,0,0,0,1,0,0,0,0,1,0,0,1,0,0
-0.4548706363260205,-0.8846202186908425,0.5841063369966447,290,-1.532323450323326,1,0,0,0,0,1,0,0,0,0,0,0,0,0,0,0,0,1,0,0,0,0,0
0.7151136503990364,0.28753188012724307,0.7387043003098659,299,-1.532323450323326,1,0,0,0,0,1,0,0,0,0,0,0,0,0,0,0,0,1,0,0,0,0,0
0.559115745502362,0.28753188012724307,0.7000548094815605,295,-0.6990049600893694,1,0,0,0,0,0,0,0,0,0,1,0,0,0,0,0,0,0,1,1,0,0,0
0.32511888815735074,0.28753188012724307,-0.34348144288268556,233,0.1343135301445871,0,0,1,0,0,0,0,0,0,0,0,0,0,0,0,0,0,0,1,0,0,1,0
0.32511888815735074,0.28753188012724307,-0.2275329703977697,240,0.1343135301445871,0,0,0,0,0,0,0,0,1,0,0,0,0,0,0,0,0,1,0,0,0,1,0
0.32511888815735074,0.28753188012724307,-0.18888347956946375,242,0.1343135301445871,0,0,0,0,0,0,0,0,1,0,0,0,0,0,0,0,0,1,0,0,0,1,0
-0.844865398567706,-0.8846202186908425,-1.0778217686204887,188,0.1343135301445871,0,0,0,0,0,0,0,0,0,1,0,0,0,0,0,0,0,1,0,0,0,1,0
-0.844865398567706,-0.8846202186908425,-0.614027878680824,217,-0.6990049600893694,0,0,0,0,0,0,0,0,0,1,0,0,0,0,0,0,0,1,0,0,0,0,1
-0.844865398567706,-0.8846202186908425,-0.9232238053072669,198,0.1343135301445871,0,0,0,0,0,0,0,0,0,1,0,0,0,0,0,0,0,1,0,0,0,1,0
-0.4548706363260205,-0.8846202186908425,-1.0005227869638782,192,-0.6990049600893694,0,0,0,0,0,0,0,0,0,0,0,1,0,0,0,0,0,1,0,0,0,1,0
-0.4548706363260205,-0.8846202186908425,-0.8072753328223511,204,-0.6990049600893694,0,0,0,0,0,0,0,0,0,0,0,1,0,0,0,0,0,1,0,0,0,1,0
-1.0008633034643803,-0.8846202186908425,-1.1551207502770997,183,-0.6990049600893694,0,0,1,0,0,0,0,0,0,0,0,0,0,0,0,0,0,1,0,0,0,0,1
-0.06487587408433486,0.28753188012724307,0.1589619378852845,260,0.1343135301445871,1,0,0,1,0,0,0,0,0,0,0,0,0,0,0,0,0,0,1,0,0,0,1
-0.06487587408433486,0.28753188012724307,-0.0342855162562426,249,0.1343135301445871,1,0,0,1,0,0,0,0,0,0,0,0,0,0,0,0,0,0,1,1,0,0,0
-0.06487587408433486,0.28753188012724307,-0.18888347956946375,242,0.1343135301445871,0,0,0,1,0,0,0,0,0,0,0,0,0,0,0,0,0,0,1,0,0,0,1
-0.06487587408433486,0.28753188012724307,-0.07293500708454788,248,0.1343135301445871,1,0,0,1,0,0,0,0,0,0,0,0,0,0,0,0,0,0,1,1,0,0,0
-0.06487587408433486,0.28753188012724307,0.5841063369966447,286,0.1343135301445871,1,0,0,1,0,0,0,0,0,0,0,0,0,0,0,0,0,0,1,0,0,0,1
-0.06487587408433486,0.28753188012724307,0.1589619378852845,260,0.1343135301445871,1,0,0,1,0,0,0,0,0,0,0,0,0,0,0,0,0,0,1,0,0,0,1
-0.06487587408433486,0.28753188012724307,-0.34348144288268556,232,0.1343135301445871,0,0,0,1,0,0,0,0,0,0,0,0,0,0,0,0,0,0,1,1,0,0,0
-0.06487587408433486,0.28753188012724307,-0.34348144288268556,231,0.1343135301445871,0,0,0,1,0,0,0,0,0,0,0,0,0,0,0,0,0,0,1,1,0,0,0
0.559115745502362,0.28753188012724307,1.0479002269363096,315,0.1343135301445871,1,0,0,0,0,0,0,0,0,0,0,0,0,1,0,0,0,0,1,1,0,0,0
0.7151136503990364,0.28753188012724307,1.2024981902495313,324,0.1343135301445871,1,0,0,0,0,0,0,0,0,0,0,0,0,1,0,0,0,0,1,1,0,0,0
0.7151136503990364,0.28753188012724307,1.3957456443910585,335,0.1343135301445871,1,0,0,0,0,0,0,0,0,0,0,0,0,1,0,0,0,0,1,1,0,0,0
0.7151136503990364,0.28753188012724307,1.2797971719061418,334,-0.6990049600893694,1,0,0,0,0,0,0,0,0,0,0,0,0,1,0,0,0,0,1,0,0,0,1
0.7151136503990364,0.28753188012724307,1.666292080189196,350,-0.6990049600893694,1,0,0,0,0,0,0,0,0,0,0,0,0,1,0,0,0,0,1,0,0,0,1
0.559115745502362,0.28753188012724307,0.23626091954189576,267,0.1343135301445871,1,0,0,1,0,0,0,0,0,0,0,0,0,0,0,0,0,0,1,1,0,0,0
0.559115745502362,0.28753188012724307,0.23626091954189576,267,0.1343135301445871,1,0,0,1,0,0,0,0,0,0,0,0,0,0,0,0,0,0,1,1,0,0,0
0.559115745502362,0.28753188012724307,0.7387043003098659,297,0.1343135301445871,1,0,0,1,0,0,0,0,0,0,0,0,0,0,0,0,0,0,1,1,0,0,0
-0.4548706363260205,-0.8846202186908425,-0.34348144288268556,231,0.1343135301445871,0,0,0,0,0,0,0,0,0,0,0,0,0,1,0,0,0,0,1,1,0,0,0
-0.06487587408433486,0.28753188012724307,0.23626091954189576,265,0.9676320203785437,1,0,0,0,0,0,0,0,0,0,0,0,1,0,0,0,0,0,1,0,1,0,0
-0.14287482653267206,0.28753188012724307,0.3908588828551176,275,0.9676320203785437,1,0,0,0,0,0,0,0,0,0,0,0,1,0,0,0,0,0,1,0,1,0,0
0.7151136503990364,1.4596839789453286,1.2797971719061418,329,0.9676320203785437,1,0,0,0,0,0,0,0,0,0,0,0,1,0,0,0,0,0,1,0,1,0,0
-0.4548706363260205,-0.8846202186908425,-0.34348144288268556,231,0.1343135301445871,0,0,0,0,0,0,0,0,0,0,0,0,0,1,0,0,0,0,1,1,0,0,0
-0.844865398567706,-0.8846202186908425,0.1976114287135905,264,0.1343135301445871,1,0,0,0,0,0,0,0,0,0,0,1,0,0,0,0,0,0,1,1,0,0,0
-0.06487587408433486,0.28753188012724307,0.3522093920268116,272,0.1343135301445871,1,0,0,0,0,0,0,0,0,0,0,1,0,0,0,0,0,0,1,1,0,0,0
-0.06487587408433486,0.28753188012724307,-0.0342855162562426,250,0.9676320203785437,1,1,0,0,0,0,0,0,0,0,0,0,0,0,0,0,0,0,1,1,0,0,0
-0.06487587408433486,0.28753188012724307,0.043013465400368656,253,0.9676320203785437,1,1,0,0,0,0,0,0,0,0,0,0,0,0,0,0,0,0,1,1,0,0,0
-0.06487587408433486,0.28753188012724307,0.043013465400368656,253,0.9676320203785437,1,1,0,0,0,0,0,0,0,0,0,0,0,0,0,0,0,0,1,1,0,0,0
-0.06487587408433486,0.28753188012724307,-0.0342855162562426,250,0.9676320203785437,1,1,0,0,0,0,0,0,0,0,0,0,0,0,0,0,0,0,1,1,0,0,0
-0.14287482653267206,0.28753188012724307,0.1589619378852845,261,0.9676320203785437,1,1,0,0,0,0,0,0,0,0,0,0,0,0,0,0,0,0,1,1,0,0,0
-0.14287482653267206,0.28753188012724307,0.1589619378852845,261,0.9676320203785437,1,1,0,0,0,0,0,0,0,0,0,0,0,0,0,0,0,0,1,1,0,0,0
-0.14287482653267206,0.28753188012724307,0.31355990119850635,273,0.9676320203785437,1,1,0,0,0,0,0,0,0,0,0,0,0,0,0,0,0,0,1,1,0,0,0
0.7151136503990364,1.4596839789453286,0.7000548094815605,295,0.9676320203785437,1,1,0,0,0,0,0,0,0,0,0,0,0,0,0,0,0,0,1,1,0,0,0
0.7151136503990364,1.4596839789453286,1.0092507361080043,313,0.9676320203785437,1,1,0,0,0,0,0,0,0,0,0,0,0,0,0,0,0,0,1,1,0,0,0
0.40311784060568795,0.28753188012724307,0.004363974572063373,253,0.9676320203785437,1,0,0,0,0,0,1,0,0,0,0,0,0,0,0,0,0,1,0,0,0,0,0
0.40311784060568795,0.28753188012724307,-0.15023398874115845,246,0.9676320203785437,1,0,0,0,0,0,1,0,0,0,0,0,0,0,0,0,0,1,0,0,0,0,0
2.0410958420207677,1.4596839789453286,1.0865497177646148,320,0.9676320203785437,1,0,0,0,0,0,1,0,0,0,0,0,0,0,0,0,0,1,0,0,0,0,0
2.0410958420207677,1.4596839789453286,0.62275582782495,290,0.9676320203785437,1,0,0,0,0,0,1,0,0,0,0,0,0,0,0,0,0,1,0,0,0,0,0
0.40311784060568795,0.28753188012724307,0.12031244705697923,260,0.9676320203785437,1,0,0,0,0,0,1,0,0,0,0,0,0,0,0,0,0,1,0,0,0,0,0
2.0410958420207677,1.4596839789453286,1.163848699421226,325,0.9676320203785437,1,0,0,0,0,0,1,0,0,0,0,0,0,0,0,0,0,1,0,0,0,0,0
2.0410958420207677,1.4596839789453286,0.8160032819664771,302,0.9676320203785437,1,0,0,0,0,0,1,0,0,0,0,0,0,0,0,0,0,1,0,0,0,0,0
-0.06487587408433486,0.28753188012724307,-0.15023398874115845,278,0.9676320203785437,1,0,0,0,0,0,1,0,0,0,0,0,0,0,0,0,0,0,0,0,0,0,0
0.40311784060568795,0.28753188012724307,0.4295083736834229,280,0.9676320203785437,1,0,0,0,0,0,1,0,0,0,0,0,0,0,0,0,0,1,0,0,0,0,0
0.40311784060568795,0.28753188012724307,2.4006324059269994,283,0.9676320203785437,1,0,0,0,0,0,1,0,0,0,0,0,0,0,0,0,1,0,0,0,0,0,0
2.0410958420207677,1.4596839789453286,1.5503436077042803,346,-0.6990049600893694,1,0,0,0,0,0,1,0,0,0,0,0,0,0,0,0,0,1,0,0,0,0,0
2.0410958420207677,1.4596839789453286,1.0865497177646148,319,0.9676320203785437,1,0,0,0,0,0,1,0,0,0,0,0,0,0,0,0,0,1,0,0,0,0,0
-0.06487587408433486,0.28753188012724307,0.004363974572063373,289,0.9676320203785437,1,0,0,0,0,0,1,0,0,0,0,0,0,0,0,0,0,0,0,0,0,0,0
0.40311784060568795,0.28753188012724307,0.7000548094815605,294,0.9676320203785437,1,0,0,0,0,0,1,0,0,0,0,0,0,0,0,0,0,1,0,0,0,0,0
0.40311784060568795,0.28753188012724307,2.7871273142100534,300,0.9676320203785437,1,0,0,0,0,0,1,0,0,0,0,0,0,0,0,0,1,0,0,0,0,0,0
2.0410958420207677,1.4596839789453286,2.1300859701288615,382,-0.6990049600893694,1,0,0,0,0,0,1,0,0,0,0,0,0,0,0,0,0,1,0,0,0,0,0
2.0410958420207677,1.4596839789453286,1.2411476810778366,328,0.9676320203785437,1,0,0,0,0,0,1,0,0,0,0,0,0,0,0,0,0,1,0,0,0,0,0
-0.5328695887743576,-0.8846202186908425,-0.15023398874115845,244,0.9676320203785437,0,0,0,0,0,0,0,0,0,0,0,0,1,0,0,0,0,1,0,0,0,1,0
-0.844865398567706,-0.8846202186908425,-0.34348144288268556,231,-0.6990049600893694,0,0,0,1,0,0,0,0,0,0,0,0,0,0,0,0,0,0,1,0,0,0,1
-0.4548706363260205,-0.8846202186908425,-1.0005227869638782,192,0.1343135301445871,0,0,0,0,0,0,0,0,0,0,0,1,0,0,0,0,0,1,0,0,0,1,0
-0.844865398567706,-0.8846202186908425,-0.7299763511657398,209,-1.532323450323326,0,0,1,0,0,0,0,0,0,0,0,0,0,0,0,0,0,1,0,0,0,0,1
-0.844865398567706,-0.8846202186908425,-1.2324197319337105,177,0.1343135301445871,0,0,0,0,0,0,0,0,0,1,0,0,0,0,0,0,0,1,0,0,0,1,0
-0.4548706363260205,-0.8846202186908425,-1.0005227869638782,193,0.1343135301445871,0,0,1,0,0,0,0,0,0,0,0,0,0,0,0,0,0,1,0,0,0,1,0
-0.4548706363260205,-0.8846202186908425,0.7387043003098659,296,-0.6990049600893694,1,0,0,0,0,0,0,0,0,0,0,0,0,0,0,0,0,0,1,0,0,0,1
0.32511888815735074,0.28753188012724307,-0.5367288970242127,220,0.9676320203785437,0,0,1,0,0,0,0,0,0,0,0,0,0,0,0,0,0,1,0,0,1,0,0
-0.4548706363260205,-0.8846202186908425,-1.3097187135903212,173,0.9676320203785437,0,0,1,0,0,0,0,0,0,0,0,0,0,0,0,0,0,1,0,0,1,0,0
-0.4548706363260205,-0.8846202186908425,-1.271069222762016,175,0.9676320203785437,0,0,1,0,0,0,0,0,0,0,0,0,0,0,0,0,0,1,0,0,1,0,0
-0.844865398567706,-0.8846202186908425,-1.0005227869638782,189,0.1343135301445871,0,0,0,0,0,0,0,0,0,0,0,0,0,0,0,0,0,1,0,0,1,0,0
-1.0008633034643803,-0.8846202186908425,-1.2324197319337105,178,0.1343135301445871,0,0,1,0,0,0,0,0,0,0,0,0,0,0,0,0,0,1,0,0,0,1,0
-1.0008633034643803,-0.8846202186908425,-1.5029661677318482,163,-0.6990049600893694,0,0,1,0,0,0,0,0,0,0,0,0,0,0,0,0,0,1,0,0,0,1,0
-0.844865398567706,-0.8846202186908425,-1.5802651493884592,157,2.634269000846457,0,0,0,0,0,0,0,0,0,0,0,0,0,0,0,0,0,1,0,0,0,1,0
-0.844865398567706,-0.8846202186908425,-1.271069222762016,174,-0.6990049600893694,0,0,0,0,0,0,0,0,0,0,0,0,0,0,0,0,0,1,0,0,0,0,1
0.32511888815735074,0.28753188012724307,-0.07293500708454788,250,0.9676320203785437,1,0,0,0,0,0,0,0,0,0,0,0,1,0,0,0,0,1,0,0,1,0,0
0.32511888815735074,0.28753188012724307,-0.07293500708454788,248,0.9676320203785437,1,0,0,0,0,0,0,0,0,0,0,0,1,0,0,0,0,1,0,0,1,0,0
-1.0008633034643803,-0.8846202186908425,-2.4692034384394836,105,-0.6990049600893694,0,0,1,0,0,0,0,0,0,0,0,0,0,0,0,0,0,1,0,0,0,1,0
-1.0008633034643803,-0.8846202186908425,-2.3532549659545676,109,-0.6990049600893694,0,0,1,0,0,0,0,0,0,0,0,0,0,0,0,0,0,1,0,0,0,1,0
-0.4548706363260205,-0.8846202186908425,-1.1551207502770997,183,0.9676320203785437,0,0,0,0,0,0,0,0,0,0,0,1,0,0,0,0,0,1,0,0,1,0,0
-0.4548706363260205,-0.8846202186908425,-0.9618732961355722,190,0.9676320203785437,0,0,0,0,0,0,0,0,0,0,0,1,0,0,0,0,0,1,0,0,1,0,0
-0.4548706363260205,-0.8846202186908425,-1.8508115851865972,140,-0.6990049600893694,0,0,0,0,0,0,0,0,0,0,0,1,0,0,0,0,0,1,0,0,0,1,0
0.32511888815735074,0.28753188012724307,0.004363974572063373,254,0.9676320203785437,1,0,0,0,1,0,0,0,0,0,0,0,0,0,0,0,0,1,0,0,1,0,0
0.32511888815735074,0.28753188012724307,0.4295083736834229,278,-0.6990049600893694,1,0,0,0,0,1,0,0,0,0,0,0,0,0,0,0,0,1,0,0,1,0,0
2.0410958420207677,1.4596839789453286,2.1300859701288615,382,-0.6990049600893694,1,0,0,0,0,0,1,0,0,0,0,0,0,0,0,0,0,1,0,0,1,0,0
-1.2348601608093916,-0.8846202186908425,-1.387017695246932,169,-1.532323450323326,0,0,0,0,0,0,0,0,0,0,0,0,0,0,0,0,0,1,0,0,0,0,1
-0.844865398567706,-0.8846202186908425,-0.15023398874115845,244,0.9676320203785437,0,1,0,0,0,0,0,0,0,0,0,0,0,0,0,0,0,0,1,0,1,0,0
-0.844865398567706,-0.8846202186908425,-0.11158449791285317,245,0.9676320203785437,1,0,0,0,0,0,0,0,0,0,0,1,0,0,0,0,0,1,0,0,1,0,0
0.40311784060568795,0.28753188012724307,0.5454568461683388,286,0.9676320203785437,1,0,0,0,0,0,0,0,0,0,0,0,1,0,0,0,0,1,0,0,1,0,0
-0.844865398567706,-0.8846202186908425,-1.0005227869638782,191,-0.6990049600893694,0,0,0,0,0,0,0,0,0,0,0,0,0,0,0,0,0,1,0,0,1,0,0
-0.844865398567706,-0.8846202186908425,-1.0005227869638782,191,-0.6990049600893694,0,0,0,0,0,0,0,0,0,0,1,0,0,0,0,0,0,1,0,0,1,0,0
-1.312859113257729,-0.8846202186908425,-1.3097187135903212,172,0.9676320203785437,0,0,0,0,0,0,0,0,0,0,0,0,0,0,0,0,0,1,0,0,1,0,0
-1.312859113257729,-0.8846202186908425,-1.3097187135903212,172,-0.6990049600893694,0,0,0,0,0,0,0,0,0,0,0,0,0,0,0,0,0,1,0,0,0,0,1
-0.844865398567706,-0.8846202186908425,-0.8459248236506564,202,0.1343135301445871,0,0,0,0,0,0,0,0,0,0,0,0,0,0,0,0,0,1,0,1,0,0,0
-0.844865398567706,-0.8846202186908425,-0.8072753328223511,203,-0.6990049600893694,0,0,0,0,0,0,0,0,0,0,0,0,0,0,0,0,0,1,0,0,0,0,1
-0.844865398567706,-0.8846202186908425,-0.614027878680824,213,0.1343135301445871,0,0,0,0,0,0,0,0,0,0,0,0,0,0,0,0,0,0,1,1,0,0,0
-0.844865398567706,-0.8846202186908425,-0.34348144288268556,232,-0.6990049600893694,0,0,0,0,0,0,0,0,0,0,0,0,0,0,0,0,0,0,1,0,0,0,1
-1.312859113257729,-0.8846202186908425,-1.2324197319337105,178,0.9676320203785437,0,0,0,0,0,0,0,0,0,1,0,0,0,0,0,0,0,1,0,0,1,0,0
-1.312859113257729,-0.8846202186908425,-1.3097187135903212,172,-0.6990049600893694,0,0,0,0,0,0,0,0,0,1,0,0,0,0,0,0,0,1,0,0,0,0,1
-1.312859113257729,-0.8846202186908425,-1.464316676903543,162,0.9676320203785437,0,0,0,0,0,0,0,0,0,0,0,0,0,0,0,0,0,1,0,0,1,0,0
-1.312859113257729,-0.8846202186908425,-1.464316676903543,163,-0.6990049600893694,0,0,0,0,0,0,0,0,0,0,0,0,0,0,0,0,0,1,0,0,0,0,1
-0.844865398567706,-0.8846202186908425,-0.9232238053072669,196,0.1343135301445871,0,0,0,0,0,0,0,0,0,0,0,0,0,0,0,0,0,1,0,1,0,0,0
-0.844865398567706,-0.8846202186908425,-0.8845743144789616,200,-0.6990049600893694,0,0,0,0,0,0,0,0,0,0,0,0,0,0,0,0,0,1,0,0,0,0,1
-0.844865398567706,-0.8846202186908425,-0.4980794061959074,221,0.9676320203785437,0,0,0,0,0,0,0,0,0,0,0,1,0,0,0,0,0,1,0,0,1,0,0
-0.844865398567706,-0.8846202186908425,-0.3821309337109908,228,0.9676320203785437,0,0,0,0,0,0,0,0,0,0,0,1,0,0,0,0,0,1,0,0,1,0,0
-0.844865398567706,-0.8846202186908425,-0.9232238053072669,197,0.9676320203785437,0,0,0,0,0,0,0,0,0,0,0,0,0,0,0,0,0,0,1,0,1,0,0
-0.844865398567706,-0.8846202186908425,-0.5367288970242127,218,0.9676320203785437,0,0,0,0,0,0,0,0,0,0,0,0,0,0,0,0,0,0,1,0,1,0,0
-0.844865398567706,-0.8846202186908425,-0.614027878680824,215,0.9676320203785437,0,0,1,0,0,0,0,0,0,0,0,0,0,0,0,0,0,0,1,0,1,0,0
-0.844865398567706,-0.8846202186908425,-0.5367288970242127,219,0.9676320203785437,0,0,1,0,0,0,0,0,0,0,0,0,0,0,0,0,0,0,1,0,1,0,0
-0.844865398567706,-0.8846202186908425,-0.9232238053072669,197,0.9676320203785437,0,0,0,0,0,0,0,0,0,1,0,0,0,0,0,0,0,0,1,0,1,0,0
-0.844865398567706,-0.8846202186908425,-0.5367288970242127,219,0.9676320203785437,0,0,0,0,0,0,0,0,0,1,0,0,0,0,0,0,0,0,1,0,1,0,0
-0.844865398567706,-0.8846202186908425,-0.5753783878525179,218,0.9676320203785437,0,0,0,0,0,0,0,0,0,1,0,0,0,0,0,0,0,0,1,0,1,0,0
-0.844865398567706,-0.8846202186908425,-0.5367288970242127,219,0.9676320203785437,0,0,0,0,0,0,0,0,1,0,0,0,0,0,0,0,0,0,1,0,1,0,0
-0.844865398567706,-0.8846202186908425,-0.3048319520543803,233,0.9676320203785437,0,0,0,0,0,0,0,0,1,0,0,0,0,0,0,0,0,0,1,0,1,0,0
-0.844865398567706,-0.8846202186908425,-0.6913268603374345,211,0.9676320203785437,0,0,0,0,0,0,0,0,0,0,0,1,0,0,0,0,0,0,1,0,1,0,0
-0.844865398567706,-0.8846202186908425,-0.3048319520543803,233,0.9676320203785437,0,0,0,0,0,0,0,0,0,0,0,1,0,0,0,0,0,0,1,0,1,0,0
-0.844865398567706,-0.8846202186908425,-0.15023398874115845,242,0.9676320203785437,0,0,0,0,0,0,0,0,0,0,0,1,0,0,0,0,0,0,1,0,1,0,0
-0.844865398567706,-0.8846202186908425,-0.3048319520543803,233,0.9676320203785437,0,0,0,0,0,0,0,0,0,0,0,0,1,0,0,0,0,0,1,0,1,0,0
-0.844865398567706,-0.8846202186908425,-0.0342855162562426,250,0.9676320203785437,1,0,0,0,0,0,0,0,0,0,0,0,1,0,0,0,0,0,1,0,1,0,0
0.32511888815735074,0.28753188012724307,0.043013465400368656,254,1.8009505106125,1,0,0,0,0,0,0,0,0,0,0,1,0,0,0,0,0,0,1,0,1,0,0
-0.844865398567706,-0.8846202186908425,-0.18888347956946375,241,2.634269000846457,0,0,0,0,0,0,0,0,0,0,0,1,0,0,0,0,0,0,1,0,1,0,0
0.32511888815735074,0.28753188012724307,-0.18888347956946375,240,1.8009505106125,0,0,0,0,0,0,0,0,0,0,0,0,0,0,0,0,0,0,1,0,1,0,0
-0.14287482653267206,0.28753188012724307,0.31355990119850635,271,0.9676320203785437,1,0,1,0,0,0,0,0,0,0,0,0,0,0,0,0,0,0,1,0,0,0,0
-0.14287482653267206,0.28753188012724307,0.5841063369966447,288,0.9676320203785437,1,0,0,0,0,0,0,0,0,0,0,1,0,0,0,0,0,0,1,0,0,0,0
0.7151136503990364,1.4596839789453286,0.27491041037020103,270,0.9676320203785437,1,0,0,0,0,0,0,0,0,0,0,0,0,1,0,0,0,0,1,0,0,0,0
0.7151136503990364,1.4596839789453286,1.318446662734447,333,0.1343135301445871,1,0,0,0,0,0,0,0,0,0,0,0,0,1,0,0,0,0,1,0,0,0,1
-0.844865398567706,-0.8846202186908425,-1.1551207502770997,182,0.1343135301445871,0,0,0,0,0,0,0,0,0,0,1,0,0,0,0,0,0,1,0,1,0,0,0
-0.844865398567706,-0.8846202186908425,-0.4980794061959074,224,0.1343135301445871,0,0,0,0,0,0,0,0,0,0,1,0,0,0,0,0,0,1,0,1,0,0,0
-0.844865398567706,-0.8846202186908425,-0.4980794061959074,224,0.1343135301445871,0,0,0,0,0,0,0,0,0,0,1,0,0,0,0,0,0,1,0,1,0,0,0
-0.844865398567706,-0.8846202186908425,-0.768625841994045,205,0.1343135301445871,0,0,0,0,0,0,0,0,0,0,0,0,0,0,0,0,0,0,1,1,0,0,0
-0.844865398567706,-0.8846202186908425,-0.768625841994045,206,0.1343135301445871,0,0,0,0,0,0,0,0,0,1,0,0,0,0,0,0,0,0,1,1,0,0,0
-0.844865398567706,-0.8846202186908425,-0.768625841994045,205,0.1343135301445871,0,0,0,0,0,0,0,0,0,0,1,0,0,0,0,0,0,0,1,1,0,0,0
-0.844865398567706,-0.8846202186908425,-0.768625841994045,206,0.1343135301445871,0,0,0,0,0,0,0,0,0,0,1,0,0,0,0,0,0,0,1,1,0,0,0
-0.844865398567706,-0.8846202186908425,-0.768625841994045,205,0.1343135301445871,0,0,1,0,0,0,0,0,0,0,0,0,0,0,0,0,0,0,1,1,0,0,0
-0.844865398567706,-0.8846202186908425,-0.8072753328223511,205,0.1343135301445871,0,0,1,0,0,0,0,0,0,0,0,0,0,0,0,0,0,0,1,1,0,0,0
-0.06487587408433486,0.28753188012724307,-0.4207804245392968,226,0.1343135301445871,0,0,1,0,0,0,0,0,0,0,0,0,0,0,0,0,0,0,1,1,0,0,0
-0.06487587408433486,0.28753188012724307,-0.07293500708454788,247,0.1343135301445871,1,0,1,0,0,0,0,0,0,0,0,0,0,0,0,0,0,0,1,1,0,0,0
-0.06487587408433486,0.28753188012724307,-0.4207804245392968,226,0.1343135301445871,0,0,1,0,0,0,0,0,0,0,0,0,0,0,0,0,0,0,1,1,0,0,0
-0.06487587408433486,0.28753188012724307,0.27491041037020103,267,0.9676320203785437,1,1,0,0,0,0,0,0,0,0,0,0,0,0,0,0,0,0,1,0,1,0,0
0.7151136503990364,1.4596839789453286,0.931951754451393,308,0.9676320203785437,1,1,0,0,0,0,0,0,0,0,0,0,0,0,0,0,0,0,1,0,1,0,0
-0.844865398567706,-0.8846202186908425,-0.4207804245392968,226,0.1343135301445871,0,0,0,0,0,0,0,0,0,0,0,1,0,0,0,0,0,0,1,1,0,0,0
-0.06487587408433486,0.28753188012724307,0.7387043003098659,296,0.9676320203785437,1,0,0,0,0,0,0,0,0,0,0,0,1,0,0,0,0,0,1,0,1,0,0
-0.06487587408433486,0.28753188012724307,0.7387043003098659,296,0.9676320203785437,1,0,0,0,0,0,0,0,0,0,0,0,1,0,0,0,0,0,1,0,1,0,0
1.651101079779082,2.631836077763414,1.5889930985325855,347,0.1343135301445871,1,0,0,0,0,0,0,0,0,0,0,0,0,1,0,0,0,0,1,1,0,0,0
1.651101079779082,2.631836077763414,1.5889930985325855,347,0.1343135301445871,1,0,0,0,0,0,0,0,0,0,0,0,0,1,0,0,0,0,1,1,0,0,0
-0.4548706363260205,-0.2985441692817997,-0.15023398874115845,243,0.1343135301445871,0,0,0,0,0,0,0,0,0,0,1,0,0,0,0,0,0,0,1,1,0,0,0
-0.06487587408433486,0.28753188012724307,-0.11158449791285317,245,0.9676320203785437,1,0,0,0,0,0,0,0,0,0,0,0,0,0,0,0,0,0,1,0,1,0,0
-0.06487587408433486,0.28753188012724307,-0.11158449791285317,245,0.9676320203785437,1,0,0,0,0,0,0,0,0,0,1,0,0,0,0,0,0,0,1,0,1,0,0
-0.06487587408433486,0.28753188012724307,0.004363974572063373,252,0.9676320203785437,1,0,0,0,0,0,0,0,0,0,1,0,0,0,0,0,0,0,1,0,1,0,0
-0.06487587408433486,0.28753188012724307,-0.11158449791285317,245,0.9676320203785437,1,0,1,0,0,0,0,0,0,0,0,0,0,0,0,0,0,0,1,0,1,0,0
-0.14287482653267206,0.28753188012724307,0.043013465400368656,255,0.9676320203785437,1,0,1,0,0,0,0,0,0,0,0,0,0,0,0,0,0,0,1,0,1,0,0
-0.14287482653267206,0.28753188012724307,0.043013465400368656,255,0.9676320203785437,1,0,1,0,0,0,0,0,0,0,0,0,0,0,0,0,0,0,1,0,1,0,0
0.7151136503990364,1.4596839789453286,1.4343951352193638,339,0.9676320203785437,1,1,0,0,0,0,0,0,0,0,0,0,0,0,0,0,0,0,1,0,1,0,0
-0.06487587408433486,0.28753188012724307,0.3908588828551176,276,0.9676320203785437,1,0,0,0,0,0,0,0,0,0,0,1,0,0,0,0,0,0,1,0,1,0,0
-0.844865398567706,-0.8846202186908425,-0.6526773695091292,213,0.1343135301445871,0,0,0,0,0,0,0,0,0,0,1,0,0,0,0,0,0,1,0,1,0,0,0
-0.844865398567706,-0.8846202186908425,-0.6526773695091292,213,0.1343135301445871,0,0,0,0,0,0,0,0,0,0,0,0,0,1,0,0,0,1,0,1,0,0,0
-0.4548706363260205,-0.2985441692817997,-0.18888347956946375,241,0.1343135301445871,0,0,0,0,0,0,0,0,0,0,1,0,0,0,0,0,0,0,1,1,0,0,0
2.275092699365779,3.8039881765815,2.47793138758361,401,0.9676320203785437,1,0,0,0,0,0,0,0,0,0,0,0,1,0,0,0,0,0,1,0,1,0,0
0.7151136503990364,1.4596839789453286,0.62275582782495,291,0.9676320203785437,1,0,0,0,0,0,0,0,0,0,0,0,0,0,0,0,0,0,1,1,0,0,0
2.275092699365779,3.8039881765815,1.8981890251590285,364,0.9676320203785437,1,0,0,0,0,0,0,0,0,0,0,0,0,0,0,0,0,0,1,1,0,0,0
0.7151136503990364,1.4596839789453286,0.62275582782495,291,0.9676320203785437,1,0,0,0,0,0,0,0,0,0,1,0,0,0,0,0,0,0,1,1,0,0,0
2.275092699365779,3.8039881765815,2.014137497643945,373,0.9676320203785437,1,0,0,0,0,0,0,0,0,0,1,0,0,0,0,0,0,0,1,1,0,0,0
2.275092699365779,3.8039881765815,2.014137497643945,373,0.9676320203785437,1,0,1,0,0,0,0,0,0,0,0,0,0,0,0,0,0,0,1,1,0,0,0
-0.844865398567706,-0.8846202186908425,-0.8072753328223511,204,0.9676320203785437,0,0,0,0,0,0,0,0,0,0,1,0,0,0,0,0,0,0,1,0,1,0,0
-0.844865398567706,-0.8846202186908425,-0.5367288970242127,219,0.9676320203785437,0,0,0,0,0,0,0,0,0,0,1,0,0,0,0,0,0,0,1,0,1,0,0
-0.844865398567706,-0.8846202186908425,-0.8845743144789616,200,0.9676320203785437,0,0,0,0,0,0,0,0,0,0,1,0,0,0,0,0,0,0,1,0,1,0,0
-0.844865398567706,-0.8846202186908425,-0.5367288970242127,219,0.9676320203785437,0,0,0,0,0,0,0,0,0,0,1,0,0,0,0,0,0,0,1,0,1,0,0
-0.844865398567706,-0.8846202186908425,-0.9618732961355722,195,0.9676320203785437,0,0,0,0,0,0,0,0,0,0,0,0,0,0,0,0,0,0,1,0,1,0,0
-0.844865398567706,-0.8846202186908425,-0.8072753328223511,204,0.9676320203785437,0,0,0,0,0,0,0,0,0,0,0,0,0,0,0,0,0,0,1,0,1,0,0
-0.844865398567706,-0.8846202186908425,-0.5367288970242127,219,0.9676320203785437,0,0,0,0,0,0,0,0,0,0,0,0,0,0,0,0,0,0,1,0,1,0,0
-0.844865398567706,-0.8846202186908425,-0.5367288970242127,219,0.9676320203785437,0,0,0,0,0,0,0,0,0,0,0,0,0,0,0,0,0,0,1,0,1,0,0
-0.06487587408433486,0.28753188012724307,-0.0342855162562426,249,0.9676320203785437,1,0,0,0,0,0,0,0,0,0,1,0,0,0,0,0,0,0,1,0,1,0,0
-0.06487587408433486,0.28753188012724307,-0.34348144288268556,231,0.9676320203785437,0,0,0,0,0,0,0,0,0,0,0,0,0,0,0,0,0,0,1,0,1,0,0
-0.06487587408433486,0.28753188012724307,-0.3048319520543803,233,0.9676320203785437,0,0,0,0,0,0,0,0,0,0,0,0,0,0,0,0,0,0,1,0,1,0,0
-0.06487587408433486,0.28753188012724307,0.08166295622867395,257,-0.6990049600893694,1,0,0,0,0,0,0,0,0,0,0,0,0,0,0,0,0,0,1,0,0,0,1
-0.06487587408433486,0.28753188012724307,-0.3048319520543803,233,0.9676320203785437,0,0,0,0,0,0,0,0,0,0,0,0,0,0,0,0,0,0,1,0,1,0,0
-0.844865398567706,-0.8846202186908425,-0.768625841994045,206,0.9676320203785437,0,0,1,0,0,0,0,0,0,0,0,0,0,0,0,0,0,0,1,0,1,0,0
-0.06487587408433486,0.28753188012724307,-0.4980794061959074,222,0.9676320203785437,0,0,1,0,0,0,0,0,0,0,0,0,0,0,0,0,0,0,1,0,1,0,0
1.0271094601923851,1.4596839789453286,0.62275582782495,290,0.9676320203785437,1,1,0,0,0,0,0,0,0,0,0,0,0,0,0,0,0,0,1,0,1,0,0
1.0271094601923851,1.4596839789453286,0.62275582782495,290,0.9676320203785437,1,1,0,0,0,0,0,0,0,0,0,0,0,0,0,0,0,0,1,0,1,0,0
1.0271094601923851,1.4596839789453286,0.62275582782495,290,0.9676320203785437,1,1,0,0,0,0,0,0,0,0,0,0,0,0,0,0,0,0,1,0,1,0,0
-0.06487587408433486,0.28753188012724307,0.62275582782495,290,0.1343135301445871,1,0,0,0,0,0,0,0,0,0,1,0,0,0,0,0,0,0,1,1,0,0,0
-0.06487587408433486,0.28753188012724307,-0.34348144288268556,231,0.9676320203785437,0,0,0,0,0,0,0,0,0,0,1,0,0,0,0,0,0,0,1,0,1,0,0
-0.06487587408433486,0.28753188012724307,0.043013465400368656,255,-0.6990049600893694,1,0,0,0,0,0,0,0,0,0,1,0,0,0,0,0,0,0,1,0,0,0,1
-0.06487587408433486,0.28753188012724307,-0.3048319520543803,233,0.9676320203785437,0,0,0,0,0,0,0,0,0,0,1,0,0,0,0,0,0,0,1,0,1,0,0
-0.06487587408433486,0.28753188012724307,-0.34348144288268556,231,0.9676320203785437,0,0,0,0,0,0,0,0,0,0,1,0,0,0,0,0,0,0,1,0,1,0,0
-0.06487587408433486,0.28753188012724307,-0.34348144288268556,231,0.9676320203785437,0,0,0,0,0,0,0,0,0,0,1,0,0,0,0,0,0,0,1,0,1,0,0
-0.06487587408433486,0.28753188012724307,0.043013465400368656,255,-0.6990049600893694,1,0,0,0,0,0,0,0,0,0,1,0,0,0,0,0,0,0,1,0,0,0,1
-0.06487587408433486,0.28753188012724307,0.043013465400368656,255,-0.6990049600893694,1,0,0,0,0,0,0,0,0,0,1,0,0,0,0,0,0,0,1,0,0,0,1
-0.06487587408433486,0.28753188012724307,-0.3048319520543803,233,0.9676320203785437,0,0,0,0,0,0,0,0,0,0,1,0,0,0,0,0,0,0,1,0,1,0,0
-0.06487587408433486,0.28753188012724307,-0.3048319520543803,233,0.9676320203785437,0,0,0,0,0,0,0,0,0,0,1,0,0,0,0,0,0,0,1,0,1,0,0
-0.06487587408433486,0.28753188012724307,-0.3048319520543803,233,0.9676320203785437,0,0,0,0,0,0,0,0,0,0,0,0,0,0,0,0,0,0,1,0,1,0,0
-0.06487587408433486,0.28753188012724307,0.62275582782495,290,0.1343135301445871,1,0,0,0,0,0,0,0,0,0,0,0,0,0,0,0,0,0,1,1,0,0,0
-0.06487587408433486,0.28753188012724307,0.62275582782495,290,0.1343135301445871,1,0,0,0,0,0,0,0,0,0,0,0,0,0,0,0,0,0,1,1,0,0,0
-0.06487587408433486,0.28753188012724307,0.62275582782495,290,0.1343135301445871,1,0,0,0,0,0,0,0,0,0,0,0,0,0,0,0,0,0,1,1,0,0,0
1.0271094601923851,1.4596839789453286,1.163848699421226,322,0.9676320203785437,1,0,1,0,0,0,0,0,0,0,0,0,0,0,0,0,0,0,1,0,1,0,0
1.0271094601923851,1.4596839789453286,1.163848699421226,322,0.9676320203785437,1,0,1,0,0,0,0,0,0,0,0,0,0,0,0,0,0,0,1,0,1,0,0
1.0271094601923851,1.4596839789453286,0.3522093920268116,273,0.9676320203785437,1,0,1,0,0,0,0,0,0,0,0,0,0,0,0,0,0,0,1,0,1,0,0
1.0271094601923851,1.4596839789453286,1.163848699421226,322,0.9676320203785437,1,0,0,0,0,0,0,0,0,0,1,0,0,0,0,0,0,0,1,0,1,0,0
1.0271094601923851,1.4596839789453286,1.163848699421226,322,0.9676320203785437,1,0,0,0,0,0,0,0,0,0,1,0,0,0,0,0,0,0,1,0,1,0,0
1.0271094601923851,1.4596839789453286,1.163848699421226,322,0.9676320203785437,1,0,0,0,0,0,0,0,0,0,1,0,0,0,0,0,0,0,1,0,1,0,0
1.0271094601923851,1.4596839789453286,1.163848699421226,322,0.9676320203785437,1,0,0,0,0,0,0,0,0,0,1,0,0,0,0,0,0,0,1,0,1,0,0
1.0271094601923851,1.4596839789453286,1.163848699421226,322,0.9676320203785437,1,0,1,0,0,0,0,0,0,0,0,0,0,0,0,0,0,0,1,0,1,0,0
1.0271094601923851,1.4596839789453286,1.163848699421226,322,0.9676320203785437,1,0,1,0,0,0,0,0,0,0,0,0,0,0,0,0,0,0,1,0,1,0,0
1.0271094601923851,1.4596839789453286,0.62275582782495,290,0.9676320203785437,1,0,0,0,0,0,0,0,0,0,1,0,0,0,0,0,0,0,1,0,1,0,0
1.0271094601923851,1.4596839789453286,0.3522093920268116,273,0.9676320203785437,1,0,0,0,0,0,0,0,0,0,1,0,0,0,0,0,0,0,1,0,1,0,0
1.0271094601923851,1.4596839789453286,0.62275582782495,290,0.9676320203785437,1,0,1,0,0,0,0,0,0,0,0,0,0,0,0,0,0,0,1,0,1,0,0
-0.844865398567706,-0.8846202186908425,-0.6526773695091292,213,0.9676320203785437,0,0,0,0,0,0,0,0,0,0,0,1,0,0,0,0,0,0,1,0,1,0,0
-0.844865398567706,-0.8846202186908425,-0.768625841994045,207,0.9676320203785437,0,0,0,0,0,0,0,0,0,0,0,1,0,0,0,0,0,0,1,0,1,0,0
-0.844865398567706,-0.8846202186908425,-0.6913268603374345,210,0.9676320203785437,0,0,0,0,0,0,0,0,0,0,0,1,0,0,0,0,0,0,1,0,1,0,0
-0.844865398567706,-0.8846202186908425,-0.614027878680824,215,0.9676320203785437,0,0,0,0,0,0,0,0,0,0,0,1,0,0,0,0,0,0,1,0,1,0,0
-0.06487587408433486,0.28753188012724307,1.473044626047669,339,0.9676320203785437,1,0,0,0,0,0,0,0,0,0,0,1,0,0,0,0,0,0,1,0,1,0,0
-0.06487587408433486,0.28753188012724307,1.473044626047669,339,0.9676320203785437,1,0,0,0,0,0,0,0,0,0,0,1,0,0,0,0,0,0,1,0,1,0,0
-0.06487587408433486,0.28753188012724307,-0.266182461226075,235,0.9676320203785437,0,0,0,0,0,0,0,0,0,0,0,1,0,0,0,0,0,0,1,0,1,0,0
-0.844865398567706,-0.8846202186908425,-0.614027878680824,215,0.9676320203785437,0,0,0,0,0,0,0,0,0,0,0,1,0,0,0,0,0,0,1,0,1,0,0
-0.06487587408433486,0.28753188012724307,1.473044626047669,339,0.9676320203785437,1,0,0,0,0,0,0,0,0,0,0,1,0,0,0,0,0,0,1,0,1,0,0
-0.06487587408433486,0.28753188012724307,1.473044626047669,339,0.9676320203785437,1,0,0,0,0,0,0,0,0,0,0,1,0,0,0,0,0,0,1,0,1,0,0
-0.06487587408433486,0.28753188012724307,-0.266182461226075,235,0.9676320203785437,0,0,0,0,0,0,0,0,0,0,0,1,0,0,0,0,0,0,1,0,1,0,0
1.0271094601923851,1.4596839789453286,0.7773537911381718,302,0.9676320203785437,1,0,0,0,0,0,0,0,0,0,0,0,1,0,0,0,0,0,1,0,1,0,0
1.0271094601923851,1.4596839789453286,0.7773537911381718,302,0.9676320203785437,1,0,0,0,0,0,0,0,0,0,0,0,1,0,0,0,0,0,1,0,1,0,0
-0.06487587408433486,0.28753188012724307,-0.11158449791285317,245,0.9676320203785437,1,0,0,0,0,0,0,0,0,0,0,0,1,0,0,0,0,0,1,0,1,0,0
1.0271094601923851,1.4596839789453286,0.7773537911381718,302,0.9676320203785437,1,0,0,0,0,0,0,0,0,0,0,0,1,0,0,0,0,0,1,0,1,0,0
1.0271094601923851,1.4596839789453286,1.0865497177646148,318,0.9676320203785437,1,0,0,0,0,0,0,0,0,0,0,0,1,0,0,0,0,0,1,0,1,0,0
1.0271094601923851,1.4596839789453286,1.0865497177646148,318,0.9676320203785437,1,0,0,0,0,0,0,0,0,0,0,0,1,0,0,0,0,0,1,0,1,0,0
-0.844865398567706,-0.8846202186908425,-0.8845743144789616,200,0.9676320203785437,0,0,0,0,0,0,0,0,0,0,0,0,0,1,0,0,0,0,1,0,1,0,0
-0.06487587408433486,0.28753188012724307,-0.5753783878525179,216,0.9676320203785437,0,0,0,0,0,0,0,0,0,0,0,0,0,1,0,0,0,0,1,0,1,0,0
0.40311784060568795,0.28753188012724307,0.3908588828551176,277,1.8009505106125,1,0,0,0,0,0,0,0,0,0,0,0,1,0,0,0,0,1,0,0,0,0,0
-1.312859113257729,-0.8846202186908425,-0.6526773695091292,214,-0.6990049600893694,0,0,0,0,0,0,0,0,0,0,0,1,0,0,0,0,0,1,0,0,1,0,0
-1.4688570181544032,-1.4706962680998854,-0.9232238053072669,198,-0.6990049600893694,0,0,0,0,0,0,0,0,0,0,0,1,0,0,0,0,0,1,0,0,0,1,0
-1.3908580657060658,-1.4706962680998854,-0.8845743144789616,199,1.8009505106125,0,0,0,0,0,0,0,0,0,0,0,1,0,0,0,0,0,1,0,0,0,0,0
-0.844865398567706,-0.8846202186908425,-0.0342855162562426,250,1.8009505106125,1,0,0,0,0,0,0,0,0,0,0,1,0,0,0,0,0,0,1,0,0,0,0
-0.844865398567706,-0.8846202186908425,-0.6913268603374345,211,1.8009505106125,0,0,1,0,0,0,0,0,0,0,0,0,0,0,0,0,0,0,1,0,1,0,0
0.40311784060568795,0.28753188012724307,0.043013465400368656,255,1.8009505106125,1,0,1,0,0,0,0,0,0,0,0,0,0,0,0,0,0,1,0,0,1,0,0
-0.844865398567706,-0.8846202186908425,-0.8072753328223511,203,0.9676320203785437,0,0,0,0,0,0,0,0,0,0,0,0,0,0,0,0,0,0,1,0,1,0,0
-0.2988727314293461,-0.8846202186908425,-0.34348144288268556,232,2.634269000846457,0,0,0,0,0,0,0,0,0,0,0,0,0,0,0,0,0,0,1,0,1,0,0
-0.844865398567706,-0.8846202186908425,-0.6526773695091292,213,0.9676320203785437,0,0,0,0,0,0,0,0,0,0,0,0,0,0,0,0,0,0,1,0,1,0,0
-0.2988727314293461,-0.8846202186908425,-0.2275329703977697,238,2.634269000846457,0,0,0,0,0,0,0,0,0,0,0,0,0,0,0,0,0,0,1,0,1,0,0
-0.2988727314293461,-0.8846202186908425,-0.3048319520543803,234,2.634269000846457,0,0,0,0,0,0,0,0,0,0,0,0,0,0,0,0,0,0,1,0,1,0,0
-0.2988727314293461,-0.8846202186908425,-0.2275329703977697,238,2.634269000846457,0,0,0,0,0,0,0,0,0,0,0,0,0,0,0,0,0,0,1,0,1,0,0
-0.844865398567706,-0.8846202186908425,-0.6913268603374345,209,2.634269000846457,0,0,1,0,0,0,0,0,0,0,0,0,0,0,0,0,0,0,1,0,1,0,0
-0.06487587408433486,0.28753188012724307,0.08166295622867395,256,2.634269000846457,1,0,1,0,0,0,0,0,0,0,0,0,0,0,0,0,0,0,1,0,1,0,0
-0.844865398567706,-0.8846202186908425,-0.4980794061959074,221,2.634269000846457,0,0,1,0,0,0,0,0,0,0,0,0,0,0,0,0,0,0,1,0,1,0,0
-0.06487587408433486,0.28753188012724307,0.27491041037020103,268,2.634269000846457,1,0,1,0,0,0,0,0,0,0,0,0,0,0,0,0,0,0,1,0,1,0,0
-0.06487587408433486,0.28753188012724307,0.1976114287135905,263,2.634269000846457,1,0,1,0,0,0,0,0,0,0,0,0,0,0,0,0,0,0,1,0,1,0,0
-0.06487587408433486,0.28753188012724307,0.3908588828551176,276,2.634269000846457,1,0,1,0,0,0,0,0,0,0,0,0,0,0,0,0,0,0,1,0,1,0,0
0.40311784060568795,0.28753188012724307,0.08166295622867395,259,2.634269000846457,1,1,0,0,0,0,0,0,0,0,0,0,0,0,0,0,0,1,0,0,1,0,0
2.431090604262453,1.4596839789453286,1.318446662734447,333,2.634269000846457,1,0,0,0,0,0,0,0,0,0,0,0,1,0,0,0,0,0,1,0,0,0,0
-0.844865398567706,-0.8846202186908425,-0.3821309337109908,227,1.8009505106125,0,0,0,0,0,0,0,0,0,0,0,1,0,0,0,0,0,0,1,0,1,0,0
-0.844865398567706,-0.8846202186908425,-0.266182461226075,235,1.8009505106125,0,0,0,0,0,0,0,0,0,0,0,1,0,0,0,0,0,0,1,0,1,0,0
0.40311784060568795,0.28753188012724307,0.31355990119850635,270,1.8009505106125,1,0,0,0,0,0,0,0,0,0,0,1,0,0,0,0,0,1,0,0,1,0,0
0.40311784060568795,0.28753188012724307,0.3908588828551176,277,1.8009505106125,1,0,0,0,0,0,0,0,0,0,0,1,0,0,0,0,0,1,0,0,1,0,0
-0.844865398567706,-0.8846202186908425,-0.3821309337109908,225,1.8009505106125,0,0,0,0,0,0,0,0,0,0,0,1,0,0,0,0,0,1,0,0,0,0,0
-0.4548706363260205,-0.8846202186908425,-0.2275329703977697,238,1.8009505106125,0,0,0,0,0,0,0,0,0,0,0,1,0,0,0,0,0,1,0,0,0,0,0
-0.844865398567706,-0.8846202186908425,-0.266182461226075,232,1.8009505106125,0,0,0,0,0,0,0,0,0,0,0,1,0,0,0,0,0,1,0,0,0,0,0
0.40311784060568795,0.28753188012724307,0.23626091954189576,269,1.8009505106125,1,0,0,0,0,0,0,0,0,0,0,1,0,0,0,0,0,1,0,0,0,0,0
-0.844865398567706,-0.8846202186908425,-0.5367288970242127,219,0.9676320203785437,0,0,0,0,0,0,0,0,0,0,1,0,0,0,0,0,0,0,1,0,1,0,0
0.40311784060568795,0.28753188012724307,-0.11158449791285317,247,2.634269000846457,1,0,0,0,0,0,0,0,0,0,1,0,0,0,0,0,0,1,0,0,1,0,0
0.40311784060568795,0.28753188012724307,0.4295083736834229,280,-0.6990049600893694,1,0,0,0,0,0,0,0,0,0,1,0,0,0,0,0,0,1,0,0,0,0,1
2.431090604262453,1.4596839789453286,0.5068073553400334,282,2.634269000846457,1,0,0,0,0,0,0,0,0,0,1,0,0,0,0,0,0,0,1,0,1,0,0
2.431090604262453,1.4596839789453286,0.7000548094815605,296,-0.6990049600893694,1,0,0,0,0,0,0,0,0,0,1,0,0,0,0,0,0,0,1,0,0,0,1
2.431090604262453,1.4596839789453286,1.5503436077042803,349,-0.6990049600893694,1,0,0,0,0,0,0,0,0,0,1,0,0,0,0,0,0,0,1,0,0,0,1
-0.4548706363260205,-0.8846202186908425,0.004363974572063373,252,-0.6990049600893694,1,0,0,0,0,1,0,0,0,0,0,0,0,0,0,0,0,1,0,0,0,0,0
0.40311784060568795,0.28753188012724307,0.3522093920268116,273,0.9676320203785437,1,0,0,0,0,1,0,0,0,0,0,0,0,0,0,0,0,1,0,0,0,0,0
-0.4548706363260205,-0.8846202186908425,0.1976114287135905,265,-0.6990049600893694,1,0,0,0,0,1,0,0,0,0,0,0,0,0,0,0,0,1,0,0,0,0,0
-0.22087377898100924,-0.8846202186908425,-0.07293500708454788,284,-0.6990049600893694,1,0,0,0,0,1,0,0,0,0,0,0,0,0,0,0,0,0,0,0,0,0,0
2.431090604262453,1.4596839789453286,0.62275582782495,290,0.9676320203785437,1,0,0,0,0,0,0,0,0,0,0,0,0,1,0,0,0,0,1,0,1,0,0
-1.2348601608093916,-0.8846202186908425,-0.9232238053072669,196,-0.6990049600893694,0,0,0,0,0,0,0,0,0,0,0,1,0,0,0,0,0,1,0,0,0,0,0
-1.2348601608093916,-0.8846202186908425,-0.8072753328223511,204,-0.6990049600893694,0,0,0,0,0,0,0,0,0,0,0,1,0,0,0,0,0,1,0,0,0,0,0
0.40311784060568795,0.28753188012724307,0.043013465400368656,255,-0.6990049600893694,1,1,0,0,0,0,0,0,0,0,0,0,0,0,0,0,0,1,0,0,1,0,0
0.40311784060568795,0.28753188012724307,1.5116941168759743,246,-0.6990049600893694,1,1,0,0,0,0,0,0,0,0,0,0,0,0,0,0,1,0,0,0,1,0,0
-1.2348601608093916,-0.8846202186908425,-1.271069222762016,189,-0.6990049600893694,0,0,1,0,0,0,0,0,0,0,0,0,0,0,0,0,0,1,0,0,0,1,0
-0.2988727314293461,-0.8846202186908425,0.12031244705697923,262,0.9676320203785437,1,0,0,0,0,0,1,0,0,0,0,0,0,0,0,0,0,1,0,0,0,0,0
-0.2988727314293461,-0.8846202186908425,0.3522093920268116,275,0.9676320203785437,1,0,0,0,0,0,1,0,0,0,0,0,0,0,0,0,0,1,0,0,0,0,0
-0.06487587408433486,0.28753188012724307,-0.7299763511657398,238,2.634269000846457,0,0,0,0,0,0,1,0,0,0,0,0,0,0,0,0,0,0,0,0,0,0,0
0.9491105077440476,0.28753188012724307,1.0479002269363096,318,-0.6990049600893694,1,0,0,0,0,0,1,0,0,0,0,0,0,0,0,0,0,1,0,0,0,0,0
1.7291000322274188,1.4596839789453286,1.3957456443910585,339,-0.6990049600893694,1,0,0,0,0,0,1,0,0,0,0,0,0,0,0,0,0,1,0,0,0,0,0
1.7291000322274188,1.4596839789453286,0.5454568461683388,286,0.9676320203785437,1,0,0,0,0,0,1,0,0,0,0,0,0,0,0,0,0,1,0,0,0,0,0
-0.2988727314293461,-0.8846202186908425,0.4681578645117282,280,0.9676320203785437,1,0,0,0,0,0,1,0,0,0,0,0,0,0,0,0,0,1,0,0,0,0,0
-0.06487587408433486,0.28753188012724307,-0.5367288970242127,252,2.634269000846457,1,0,0,0,0,0,1,0,0,0,0,0,0,0,0,0,0,0,0,0,0,0,0
0.9491105077440476,0.28753188012724307,1.2797971719061418,331,-0.6990049600893694,1,0,0,0,0,0,1,0,0,0,0,0,0,0,0,0,0,1,0,0,0,0,0
0.9491105077440476,0.28753188012724307,1.5503436077042803,349,-0.6990049600893694,1,0,0,0,0,0,1,0,0,0,0,0,0,0,0,0,0,1,0,0,0,0,0
1.7291000322274188,1.4596839789453286,1.2797971719061418,331,-0.6990049600893694,1,0,0,0,0,0,1,0,0,0,0,0,0,0,0,0,0,1,0,0,0,0,0
1.7291000322274188,1.4596839789453286,1.6276425893608908,350,-0.6990049600893694,1,0,0,0,0,0,1,0,0,0,0,0,0,0,0,0,0,1,0,0,0,0,0
1.7291000322274188,1.4596839789453286,1.666292080189196,354,-0.6990049600893694,1,0,0,0,0,0,1,0,0,0,0,0,0,0,0,0,0,1,0,0,0,0,0
1.7291000322274188,1.4596839789453286,0.8160032819664771,303,0.9676320203785437,1,0,0,0,0,0,1,0,0,0,0,0,0,0,0,0,0,1,0,0,0,0,0
1.7291000322274188,1.4596839789453286,0.7000548094815605,296,2.634269000846457,1,0,0,0,0,0,1,0,0,0,0,0,0,0,0,0,0,1,0,0,0,0,0
1.7291000322274188,1.4596839789453286,0.8933022636230876,307,2.634269000846457,1,0,0,0,0,0,1,0,0,0,0,0,0,0,0,0,0,1,0,0,0,0,0
2.431090604262453,1.4596839789453286,1.7049415710175013,357,2.634269000846457,1,0,0,0,0,0,1,0,0,0,0,0,0,0,0,0,0,0,1,0,0,0,0
2.431090604262453,1.4596839789453286,1.318446662734447,332,2.634269000846457,1,0,0,0,0,0,1,0,0,0,0,0,0,0,0,0,0,0,1,0,0,0,0
1.7291000322274188,1.4596839789453286,1.3957456443910585,337,-0.6990049600893694,1,0,0,0,0,0,0,0,0,0,0,0,1,0,0,0,0,1,0,0,0,0,0
1.7291000322274188,1.4596839789453286,1.3957456443910585,337,-0.6990049600893694,1,0,0,0,0,0,0,0,0,0,0,0,1,0,0,0,0,1,0,0,0,0,0
2.431090604262453,1.4596839789453286,1.473044626047669,343,2.634269000846457,1,0,0,0,0,0,0,0,0,0,0,0,1,0,0,0,0,0,1,0,0,0,0
1.7291000322274188,1.4596839789453286,1.163848699421226,325,-0.6990049600893694,1,0,0,0,0,0,0,0,0,0,0,0,1,0,0,0,0,1,0,0,0,0,0
1.7291000322274188,1.4596839789453286,1.163848699421226,325,-0.6990049600893694,1,0,0,0,0,0,0,0,0,0,0,0,1,0,0,0,0,1,0,0,0,0,0
2.431090604262453,1.4596839789453286,1.2024981902495313,327,2.634269000846457,1,0,0,0,0,0,0,0,0,0,0,0,1,0,0,0,0,0,1,0,0,0,0
0.40311784060568795,0.28753188012724307,0.3908588828551176,276,1.8009505106125,1,0,0,0,0,0,0,0,0,0,0,0,1,0,0,0,0,1,0,0,0,0,0
-1.312859113257729,-0.8846202186908425,-0.6526773695091292,214,-0.6990049600893694,0,0,0,0,0,0,0,0,0,0,0,1,0,0,0,0,0,1,0,0,1,0,0
0.40311784060568795,0.28753188012724307,-0.07293500708454788,249,1.8009505106125,1,0,0,0,1,0,0,0,0,0,0,0,0,0,0,0,0,1,0,0,0,0,0
2.5870885091591274,1.4596839789453286,0.8546527727947824,305,0.9676320203785437,1,0,1,0,0,0,0,0,0,0,0,0,0,0,0,0,0,0,1,0,0,0,0
0.40311784060568795,0.28753188012724307,0.08166295622867395,258,0.9676320203785437,1,0,1,0,0,0,0,0,0,0,0,0,0,0,0,0,0,1,0,0,0,0,0
2.5870885091591274,1.4596839789453286,0.8546527727947824,305,0.9676320203785437,1,0,1,0,0,0,0,0,0,0,0,0,0,0,0,0,0,0,1,0,0,0,0
2.5870885091591274,1.4596839789453286,1.2024981902495313,325,-0.6990049600893694,1,0,1,0,0,0,0,0,0,0,0,0,0,0,0,0,0,0,1,0,0,0,1
2.431090604262453,1.4596839789453286,1.7435910618458075,358,0.9676320203785437,1,0,1,0,0,0,0,0,0,0,0,0,0,0,0,0,0,0,1,0,0,0,0
2.431090604262453,1.4596839789453286,1.666292080189196,352,-0.6990049600893694,1,0,1,0,0,0,0,0,0,0,0,0,0,0,0,0,0,0,1,0,0,0,1
2.5870885091591274,1.4596839789453286,0.8546527727947824,305,0.9676320203785437,1,1,0,0,0,0,0,0,0,0,0,0,0,0,0,0,0,0,1,0,0,0,0
2.5870885091591274,1.4596839789453286,0.8546527727947824,305,0.9676320203785437,1,1,0,0,0,0,0,0,0,0,0,0,0,0,0,0,0,0,1,0,0,0,0
2.431090604262453,1.4596839789453286,1.8595395343307233,368,0.9676320203785437,1,1,0,0,0,0,0,0,0,0,0,0,0,0,0,0,0,0,1,0,0,0,0
0.40311784060568795,0.28753188012724307,0.3908588828551176,276,-0.6990049600893694,1,0,0,0,1,0,0,0,0,0,0,0,0,0,0,0,0,1,0,0,0,0,0
-1.6248549230510774,-1.4706962680998854,-0.9232238053072669,197,-0.6990049600893694,0,0,0,0,0,0,0,0,0,0,0,1,0,0,0,0,0,1,0,0,1,0,0
-0.844865398567706,-0.8846202186908425,-0.614027878680824,216,-0.6990049600893694,0,0,0,0,0,0,0,0,0,0,0,1,0,0,0,0,0,1,0,0,1,0,0
-0.844865398567706,-0.8846202186908425,-0.3821309337109908,229,0.9676320203785437,0,0,0,0,0,0,0,0,0,0,0,1,0,0,0,0,0,1,0,0,0,0,0
-0.844865398567706,-0.8846202186908425,-0.3048319520543803,233,0.9676320203785437,0,0,0,0,0,0,0,0,0,0,0,1,0,0,0,0,0,1,0,0,0,0,0
-0.2988727314293461,0.28753188012724307,0.08166295622867395,258,0.9676320203785437,1,0,0,0,0,0,0,0,0,0,0,1,0,0,0,0,0,1,0,0,1,0,0
-1.2348601608093916,-1.4706962680998854,-1.116471259448794,185,0.9676320203785437,0,0,0,0,0,0,0,0,0,0,0,1,0,0,0,0,0,1,0,0,0,0,0
-1.2348601608093916,-1.4706962680998854,-0.9618732961355722,196,0.9676320203785437,0,0,0,0,0,0,0,0,0,0,0,1,0,0,0,0,0,1,0,0,0,0,0
-0.844865398567706,-0.8846202186908425,-0.6526773695091292,213,0.9676320203785437,0,0,0,0,0,0,0,0,0,0,0,1,0,0,0,0,0,1,0,0,1,0,0
-0.4548706363260205,-0.8846202186908425,-1.9281105668432081,136,-0.6990049600893694,0,0,0,0,0,0,0,0,0,0,0,1,0,0,0,0,0,1,0,0,0,1,0
-0.4548706363260205,-0.8846202186908425,-1.8894610760149024,139,-0.6990049600893694,0,0,0,0,0,0,0,0,0,0,0,1,0,0,0,0,0,1,0,0,0,1,0
0.32511888815735074,0.28753188012724307,0.6614053186532552,294,2.634269000846457,1,0,0,0,0,0,0,0,0,0,0,0,1,0,0,0,0,1,0,0,1,0,0
0.32511888815735074,0.28753188012724307,0.8933022636230876,308,2.634269000846457,1,0,0,0,0,0,0,0,0,0,0,0,1,0,0,0,0,1,0,0,1,0,0
-0.6108685412226948,-0.8846202186908425,-0.18888347956946375,241,2.634269000846457,0,0,0,0,0,0,0,0,0,0,0,0,1,0,0,0,0,1,0,0,1,0,0
-0.06487587408433486,0.28753188012724307,0.3908588828551176,278,2.634269000846457,1,0,0,0,0,0,0,0,0,0,0,0,1,0,0,0,0,1,0,0,1,0,0
0.16912098326067637,0.28753188012724307,-0.4594299153676021,225,2.634269000846457,0,0,0,0,0,0,0,0,0,0,0,0,1,0,0,0,0,1,0,0,1,0,0
-0.2988727314293461,0.28753188012724307,-0.07293500708454788,249,2.634269000846457,1,0,0,0,0,0,1,0,0,0,0,0,0,0,0,0,0,1,0,0,1,0,0
-0.06487587408433486,0.28753188012724307,-0.3821309337109908,264,2.634269000846457,1,0,0,0,0,0,1,0,0,0,0,0,0,0,0,0,0,0,0,0,1,0,0
-0.06487587408433486,0.28753188012724307,-0.3821309337109908,264,2.634269000846457,1,0,0,0,0,0,1,0,0,0,0,0,0,0,0,0,0,0,0,0,1,0,0
0.16912098326067637,0.28753188012724307,0.004363974572063373,254,-0.6990049600893694,1,0,0,0,0,0,1,0,0,0,0,0,0,0,0,0,0,1,0,0,1,0,0
0.16912098326067637,0.28753188012724307,1.5503436077042803,245,-0.6990049600893694,1,0,0,0,0,0,1,0,0,0,0,0,0,0,0,0,1,0,0,0,1,0,0
0.32511888815735074,0.28753188012724307,0.7387043003098659,298,2.634269000846457,1,0,0,0,0,0,1,0,0,0,0,0,0,0,0,0,0,1,0,0,1,0,0
1.4951031748824075,1.4596839789453286,0.7000548094815605,297,2.634269000846457,1,0,0,0,0,0,1,0,0,0,0,0,0,0,0,0,0,1,0,0,1,0,0
1.4951031748824075,1.4596839789453286,2.6325293508968324,293,2.634269000846457,1,0,0,0,0,0,1,0,0,0,0,0,0,0,0,0,1,0,0,0,1,0,0
1.4951031748824075,1.4596839789453286,0.8546527727947824,305,2.634269000846457,1,0,0,0,0,0,1,0,0,0,0,0,0,0,0,0,0,1,0,0,1,0,0
1.4951031748824075,1.4596839789453286,2.671178841725137,294,2.634269000846457,1,0,0,0,0,0,1,0,0,0,0,0,0,0,0,0,1,0,0,0,1,0,0
1.4951031748824075,1.4596839789453286,1.0865497177646148,319,2.634269000846457,1,0,0,0,0,0,1,0,0,0,0,0,0,0,0,0,0,1,0,0,1,0,0
1.4951031748824075,1.4596839789453286,2.7871273142100534,300,2.634269000846457,1,0,0,0,0,0,1,0,0,0,0,0,0,0,0,0,1,0,0,0,1,0,0
-0.2988727314293461,0.28753188012724307,0.3908588828551176,277,2.634269000846457,1,0,0,0,0,0,1,0,0,0,0,0,0,0,0,0,0,1,0,0,1,0,0
-0.06487587408433486,0.28753188012724307,0.004363974572063373,290,2.634269000846457,1,0,0,0,0,0,1,0,0,0,0,0,0,0,0,0,0,0,0,0,1,0,0
-0.06487587408433486,0.28753188012724307,-0.3048319520543803,270,2.634269000846457,1,0,0,0,0,0,1,0,0,0,0,0,0,0,0,0,0,0,0,0,1,0,0
0.16912098326067637,0.28753188012724307,0.3522093920268116,274,-0.6990049600893694,1,0,0,0,0,0,1,0,0,0,0,0,0,0,0,0,0,1,0,0,1,0,0
0.16912098326067637,0.28753188012724307,1.9754880068156397,265,-0.6990049600893694,1,0,0,0,0,0,1,0,0,0,0,0,0,0,0,0,1,0,0,0,1,0,0
0.32511888815735074,0.28753188012724307,0.8546527727947824,304,2.634269000846457,1,0,0,0,0,0,1,0,0,0,0,0,0,0,0,0,0,1,0,0,1,0,0
1.4951031748824075,1.4596839789453286,1.0479002269363096,317,2.634269000846457,1,0,0,0,0,0,1,0,0,0,0,0,0,0,0,0,0,1,0,0,1,0,0
1.4951031748824075,1.4596839789453286,2.709828332553443,296,2.634269000846457,1,0,0,0,0,0,1,0,0,0,0,0,0,0,0,0,1,0,0,0,1,0,0
0.32511888815735074,0.28753188012724307,2.246034442613778,393,0.1343135301445871,1,0,0,0,0,0,0,0,0,0,0,0,0,1,0,0,0,0,1,1,0,0,0
-0.6108685412226948,-0.8846202186908425,-0.4207804245392968,226,-0.6990049600893694,0,0,0,0,0,0,0,0,0,0,1,0,0,0,0,0,0,1,0,0,0,0,1
1.4951031748824075,1.4596839789453286,0.9706012452796989,312,-0.6990049600893694,1,0,0,0,0,0,0,0,0,0,1,0,0,0,0,0,0,1,0,0,0,0,1
1.4951031748824075,1.4596839789453286,1.0865497177646148,319,-0.6990049600893694,1,0,0,0,0,0,0,0,0,0,1,0,0,0,0,0,0,1,0,0,0,0,1
-0.6108685412226948,-0.8846202186908425,-0.18888347956946375,242,2.634269000846457,0,0,0,0,0,0,0,0,0,0,1,0,0,0,0,0,0,1,0,0,1,0,0
-0.6108685412226948,-0.8846202186908425,-0.15023398874115845,244,2.634269000846457,0,0,0,0,0,0,0,0,0,0,1,0,0,0,0,0,0,1,0,0,1,0,0
-0.6108685412226948,-0.8846202186908425,-0.0342855162562426,252,-0.6990049600893694,1,0,0,0,0,0,0,0,0,0,1,0,0,0,0,0,0,1,0,0,0,0,1
1.4951031748824075,1.4596839789453286,0.8160032819664771,303,2.634269000846457,1,0,0,0,0,0,0,0,0,0,1,0,0,0,0,0,0,1,0,0,1,0,0
1.651101079779082,1.4596839789453286,1.4343951352193638,342,-0.6990049600893694,1,0,0,0,0,0,0,0,0,0,1,0,0,0,0,0,0,0,1,0,0,0,1
1.651101079779082,1.4596839789453286,2.2846839334420825,392,0.1343135301445871,1,0,0,0,0,0,0,0,0,0,1,0,0,0,0,0,0,0,1,1,0,0,0
0.32511888815735074,0.28753188012724307,1.4343951352193638,340,2.634269000846457,1,0,0,0,0,0,0,0,0,0,0,0,0,0,0,1,0,1,0,0,1,0,0
0.32511888815735074,0.28753188012724307,1.6276425893608908,352,2.634269000846457,1,0,0,0,0,0,0,0,0,0,0,0,0,0,0,1,0,1,0,0,1,0,0
-0.844865398567706,-0.8846202186908425,-0.5753783878525179,219,0.9676320203785437,0,0,0,0,0,0,0,1,0,0,0,0,0,0,0,0,0,1,0,0,1,0,0
-0.4548706363260205,-0.8846202186908425,-0.07293500708454788,247,-0.6990049600893694,1,0,0,0,0,0,0,1,0,0,0,0,0,0,0,0,0,1,0,0,1,0,0
-0.844865398567706,-0.8846202186908425,-0.2275329703977697,238,0.9676320203785437,0,0,0,0,0,0,0,0,0,0,0,0,0,0,0,0,0,0,1,0,1,0,0
0.16912098326067637,0.28753188012724307,0.4681578645117282,284,0.9676320203785437,1,0,0,0,0,0,0,0,0,0,0,0,0,0,0,0,0,0,1,0,1,0,0
0.16912098326067637,0.28753188012724307,0.3908588828551176,280,0.9676320203785437,1,1,0,0,0,0,0,0,0,0,0,0,0,0,0,0,0,0,1,0,1,0,0
1.4951031748824075,1.4596839789453286,0.8933022636230876,311,0.9676320203785437,1,1,0,0,0,0,0,0,0,0,0,0,0,0,0,0,0,0,1,0,1,0,0
-0.844865398567706,-0.8846202186908425,-0.3821309337109908,225,1.8009505106125,0,0,0,0,0,0,0,0,0,0,0,0,1,0,0,0,0,1,0,0,0,0,0
-0.4548706363260205,-0.8846202186908425,-0.2275329703977697,238,1.8009505106125,0,0,0,0,0,0,0,0,0,0,0,0,1,0,0,0,0,1,0,0,0,0,0
0.40311784060568795,0.28753188012724307,0.043013465400368656,257,1.8009505106125,1,0,0,0,0,0,0,0,0,0,0,0,1,0,0,0,0,1,0,0,0,0,0
-0.844865398567706,-0.8846202186908425,-0.266182461226075,232,1.8009505106125,0,0,0,0,0,0,0,0,0,0,0,0,1,0,0,0,0,1,0,0,0,0,0
0.40311784060568795,0.28753188012724307,0.23626091954189576,269,1.8009505106125,1,0,0,0,0,0,0,0,0,0,0,0,1,0,0,0,0,1,0,0,0,0,0
-0.4548706363260205,-0.8846202186908425,0.004363974572063373,252,-0.6990049600893694,1,0,0,0,0,1,0,0,0,0,0,0,0,0,0,0,0,1,0,0,0,0,0
0.40311784060568795,0.28753188012724307,0.3522093920268116,273,0.9676320203785437,1,0,0,0,0,1,0,0,0,0,0,0,0,0,0,0,0,1,0,0,0,0,0
-0.4548706363260205,-0.8846202186908425,0.1976114287135905,265,-0.6990049600893694,1,0,0,0,0,1,0,0,0,0,0,0,0,0,0,0,0,1,0,0,0,0,0
-0.22087377898100924,-0.8846202186908425,-0.07293500708454788,284,-0.6990049600893694,1,0,0,0,0,1,0,0,0,0,0,0,0,0,0,0,0,0,0,0,0,0,0
-0.2988727314293461,-0.8846202186908425,0.12031244705697923,262,0.9676320203785437,1,0,0,0,0,0,1,0,0,0,0,0,0,0,0,0,0,1,0,0,0,0,0
-0.2988727314293461,-0.8846202186908425,0.3522093920268116,275,0.9676320203785437,1,0,0,0,0,0,1,0,0,0,0,0,0,0,0,0,0,1,0,0,0,0,0
-0.06487587408433486,0.28753188012724307,-0.6526773695091292,245,2.634269000846457,1,0,0,0,0,0,1,0,0,0,0,0,0,0,0,0,0,0,0,0,0,0,0
0.9491105077440476,0.28753188012724307,1.0479002269363096,318,-0.6990049600893694,1,0,0,0,0,0,1,0,0,0,0,0,0,0,0,0,0,1,0,0,0,0,0
1.7291000322274188,1.4596839789453286,1.3957456443910585,339,-0.6990049600893694,1,0,0,0,0,0,1,0,0,0,0,0,0,0,0,0,0,1,0,0,0,0,0
1.7291000322274188,1.4596839789453286,0.5454568461683388,288,0.9676320203785437,1,0,0,0,0,0,1,0,0,0,0,0,0,0,0,0,0,1,0,0,0,0,0
-0.2988727314293461,-0.8846202186908425,0.3522093920268116,275,0.9676320203785437,1,0,0,0,0,0,1,0,0,0,0,0,0,0,0,0,0,1,0,0,0,0,0
-0.2988727314293461,-0.8846202186908425,0.4681578645117282,280,0.9676320203785437,1,0,0,0,0,0,1,0,0,0,0,0,0,0,0,0,0,1,0,0,0,0,0
-0.06487587408433486,0.28753188012724307,-0.34348144288268556,265,2.634269000846457,1,0,0,0,0,0,1,0,0,0,0,0,0,0,0,0,0,0,0,0,0,0,0
-0.06487587408433486,0.28753188012724307,-0.34348144288268556,265,2.634269000846457,1,0,0,0,0,0,1,0,0,0,0,0,0,0,0,0,0,0,0,0,0,0,0
0.9491105077440476,0.28753188012724307,1.2797971719061418,331,-0.6990049600893694,1,0,0,0,0,0,1,0,0,0,0,0,0,0,0,0,0,1,0,0,0,0,0
1.7291000322274188,1.4596839789453286,1.2797971719061418,331,-0.6990049600893694,1,0,0,0,0,0,1,0,0,0,0,0,0,0,0,0,0,1,0,0,0,0,0
1.7291000322274188,1.4596839789453286,1.5116941168759743,344,-0.6990049600893694,1,0,0,0,0,0,1,0,0,0,0,0,0,0,0,0,0,1,0,0,0,0,0
1.7291000322274188,1.4596839789453286,1.666292080189196,354,-0.6990049600893694,1,0,0,0,0,0,1,0,0,0,0,0,0,0,0,0,0,1,0,0,0,0,0
1.7291000322274188,1.4596839789453286,0.8546527727947824,304,0.9676320203785437,1,0,0,0,0,0,1,0,0,0,0,0,0,0,0,0,0,1,0,0,0,0,0
1.7291000322274188,1.4596839789453286,1.0092507361080043,314,0.9676320203785437,1,0,0,0,0,0,1,0,0,0,0,0,0,0,0,0,0,1,0,0,0,0,0
1.7291000322274188,1.4596839789453286,0.7387043003098659,298,2.634269000846457,1,0,0,0,0,0,1,0,0,0,0,0,0,0,0,0,0,1,0,0,0,0,0
1.7291000322274188,1.4596839789453286,0.8933022636230876,307,2.634269000846457,1,0,0,0,0,0,1,0,0,0,0,0,0,0,0,0,0,1,0,0,0,0,0
-1.2348601608093916,-0.8846202186908425,-0.8459248236506564,202,1.8009505106125,0,0,0,0,0,0,0,0,0,0,0,1,0,0,0,0,0,1,0,0,0,0,0
-1.2348601608093916,-0.8846202186908425,-0.6913268603374345,210,1.8009505106125,0,0,0,0,0,0,0,0,0,0,0,1,0,0,0,0,0,1,0,0,0,0,0
1.7291000322274188,1.4596839789453286,1.163848699421226,325,-0.6990049600893694,1,0,0,0,0,0,0,0,0,0,0,0,1,0,0,0,0,1,0,0,0,0,0
1.7291000322274188,1.4596839789453286,1.163848699421226,325,-0.6990049600893694,1,0,0,0,0,0,0,0,0,0,0,0,1,0,0,0,0,1,0,0,0,0,0
2.431090604262453,1.4596839789453286,1.2024981902495313,327,2.634269000846457,1,0,0,0,0,0,0,0,0,0,0,0,1,0,0,0,0,0,1,0,0,0,0
1.7291000322274188,1.4596839789453286,1.3957456443910585,337,-0.6990049600893694,1,0,0,0,0,0,0,0,0,0,0,0,1,0,0,0,0,1,0,0,0,0,0
1.7291000322274188,1.4596839789453286,1.3957456443910585,337,-0.6990049600893694,1,0,0,0,0,0,0,0,0,0,0,0,1,0,0,0,0,1,0,0,0,0,0
2.431090604262453,1.4596839789453286,1.473044626047669,343,2.634269000846457,1,0,0,0,0,0,0,0,0,0,0,0,1,0,0,0,0,0,1,0,0,0,0
-1.2348601608093916,-0.8846202186908425,-1.387017695246932,170,-0.6990049600893694,0,1,0,0,0,0,0,0,0,0,0,0,0,0,0,0,0,1,0,0,0,1,0
-1.2348601608093916,-0.8846202186908425,-1.1551207502770997,183,-0.6990049600893694,0,0,0,0,0,0,0,0,0,0,0,0,0,0,0,0,0,0,1,0,0,0,1
-1.2348601608093916,-0.8846202186908425,-1.3097187135903212,172,0.1343135301445871,0,1,0,0,0,0,0,0,0,0,0,0,0,0,0,0,0,0,1,0,0,1,0
-0.844865398567706,-0.8846202186908425,-1.3097187135903212,172,0.1343135301445871,0,0,1,0,0,0,0,0,0,0,0,0,0,0,0,0,0,1,0,0,0,1,0
-1.2348601608093916,-0.8846202186908425,-1.1551207502770997,183,-0.6990049600893694,0,0,1,0,0,0,0,0,0,0,0,0,0,0,0,0,0,0,1,0,0,0,1
-0.844865398567706,-0.8846202186908425,-0.4594299153676021,223,-0.6990049600893694,0,1,0,0,0,0,0,0,0,0,0,0,0,0,0,0,0,0,1,0,0,0,1
-1.2348601608093916,-0.8846202186908425,-1.193770241105405,180,-0.6990049600893694,0,0,0,0,0,0,0,0,0,0,0,1,0,0,0,0,0,1,0,0,0,1,0
-1.2348601608093916,-0.8846202186908425,-1.0391722777921835,189,-0.6990049600893694,0,0,0,0,0,0,0,0,0,0,0,1,0,0,0,0,0,1,0,0,0,1,0
-1.0008633034643803,-0.8846202186908425,-0.8845743144789616,200,0.1343135301445871,0,0,0,0,0,0,0,0,0,1,0,0,0,0,0,0,0,1,0,0,0,1,0
-1.2348601608093916,-0.8846202186908425,-2.2759559842979566,115,-0.6990049600893694,0,0,1,0,0,0,0,0,0,0,0,0,0,0,0,0,0,1,0,0,0,1,0
0.32511888815735074,0.28753188012724307,-0.07293500708454788,248,2.634269000846457,1,0,0,0,1,0,0,0,0,0,0,0,0,0,0,0,0,1,0,0,1,0,0
0.32511888815735074,0.28753188012724307,0.1976114287135905,265,1.8009505106125,1,0,0,0,0,0,0,0,0,0,0,1,0,0,0,0,0,1,0,0,1,0,0
0.32511888815735074,0.28753188012724307,0.23626091954189576,269,1.8009505106125,1,0,0,0,0,0,1,0,0,0,0,0,0,0,0,0,0,1,0,0,1,0,0
-1.1568612083610545,-0.8846202186908425,-1.5802651493884592,160,-0.6990049600893694,0,0,0,0,0,0,0,0,0,0,0,0,0,0,0,0,0,1,0,0,0,1,0
-1.1568612083610545,-0.8846202186908425,-1.464316676903543,168,-0.6990049600893694,0,0,0,0,0,0,0,0,0,0,0,0,0,0,0,0,0,1,0,0,0,0,1
-1.1568612083610545,-0.8846202186908425,-1.0391722777921835,192,0.1343135301445871,0,0,1,0,0,0,0,0,0,0,0,0,0,0,0,0,0,1,0,1,0,0,0
-1.1568612083610545,-0.8846202186908425,-0.6913268603374345,214,-0.6990049600893694,0,0,1,0,0,0,0,0,0,0,0,0,0,0,0,0,0,1,0,0,0,0,1
-0.844865398567706,-0.8846202186908425,-1.541615658560154,161,-0.6990049600893694,0,0,1,0,0,0,0,0,0,0,0,0,0,0,0,0,0,1,0,0,0,1,0
-0.844865398567706,-0.8846202186908425,-1.116471259448794,187,-0.6990049600893694,0,0,1,0,0,0,0,0,0,0,0,0,0,0,0,0,0,1,0,0,0,0,1
-0.844865398567706,-0.8846202186908425,-0.9232238053072669,199,-0.6990049600893694,0,1,0,0,0,0,0,0,0,0,0,0,0,0,0,0,0,1,0,0,1,0,0
-1.1568612083610545,-0.8846202186908425,-2.5465024200960946,99,-0.6990049600893694,0,1,0,0,0,0,0,0,0,0,0,0,0,0,0,0,0,1,0,1,0,0,0
-0.844865398567706,-0.8846202186908425,-1.116471259448794,187,-0.6990049600893694,0,0,0,0,0,0,0,0,0,0,0,1,0,0,0,0,0,1,0,0,1,0,0
0.559115745502362,0.28753188012724307,-0.11158449791285317,250,0.9676320203785437,1,0,0,0,0,0,0,0,0,0,0,0,1,0,0,0,0,1,0,0,1,0,0
0.559115745502362,0.28753188012724307,0.12031244705697923,265,0.9676320203785437,1,0,0,0,0,0,0,0,0,0,0,0,1,0,0,0,0,1,0,0,1,0,0
-0.844865398567706,-0.8846202186908425,-0.0342855162562426,255,0.9676320203785437,1,0,0,0,0,0,0,0,0,0,0,1,0,0,0,0,0,1,0,0,1,0,0
-0.5328695887743576,-0.8846202186908425,-0.266182461226075,238,0.9676320203785437,0,0,0,0,0,0,0,0,0,0,0,1,0,0,0,0,0,1,0,0,1,0,0
-1.1568612083610545,-0.8846202186908425,-1.193770241105405,181,0.9676320203785437,0,1,0,0,0,0,0,0,0,0,0,0,0,0,0,0,0,1,0,0,1,0,0
-0.4548706363260205,-0.8846202186908425,-1.193770241105405,182,0.9676320203785437,0,1,0,0,0,0,0,0,0,0,0,0,0,0,0,0,0,1,0,0,1,0,0
-0.844865398567706,-0.8846202186908425,-2.2373064934696516,117,-0.6990049600893694,0,1,0,0,0,0,0,0,0,0,0,0,0,0,0,0,0,1,0,1,0,0,0
-0.5328695887743576,-0.8846202186908425,-0.266182461226075,241,-0.6990049600893694,0,0,0,0,0,0,0,0,0,0,0,1,0,0,0,0,0,1,0,0,1,0,0
-1.1568612083610545,-0.8846202186908425,-0.9618732961355722,196,-0.6990049600893694,0,0,0,0,0,0,0,0,0,0,0,0,0,0,0,0,0,1,0,0,0,0,1
-1.1568612083610545,-0.8846202186908425,-1.271069222762016,178,-0.6990049600893694,0,0,1,0,0,0,0,0,0,0,0,0,0,0,0,0,0,1,0,0,0,1,0
-1.1568612083610545,-0.8846202186908425,-1.1551207502770997,184,-0.6990049600893694,0,0,1,0,0,0,0,0,0,0,0,0,0,0,0,0,0,1,0,0,0,0,1
-0.06487587408433486,0.28753188012724307,0.004363974572063373,254,0.1343135301445871,1,0,1,0,0,0,0,0,0,0,0,0,0,0,0,0,0,0,1,0,1,0,0
-0.844865398567706,-0.8846202186908425,-0.4207804245392968,228,0.9676320203785437,0,0,0,0,0,0,0,0,0,0,0,1,0,0,0,0,0,0,1,0,0,1,0
1.9630968895724301,1.4596839789453286,1.7435910618458075,360,0.1343135301445871,1,0,0,0,0,0,0,0,0,0,0,0,1,0,0,0,0,0,1,0,1,0,0
-0.844865398567706,-0.8846202186908425,-0.266182461226075,236,1.8009505106125,0,0,0,0,0,0,0,0,0,0,0,1,0,0,0,0,0,0,1,0,1,0,0
-0.844865398567706,-0.8846202186908425,-0.34348144288268556,232,0.9676320203785437,0,0,0,0,0,0,0,0,0,0,0,1,0,0,0,0,0,0,1,0,1,0,0
-0.06487587408433486,0.28753188012724307,0.3908588828551176,277,0.9676320203785437,1,0,0,0,0,0,0,0,0,0,0,1,0,0,0,0,0,0,1,0,1,0,0
1.4951031748824075,1.4596839789453286,0.8160032819664771,303,0.9676320203785437,1,0,0,0,0,0,0,0,0,0,0,1,0,0,0,0,0,0,1,0,1,0,0
-0.844865398567706,-0.8846202186908425,-0.614027878680824,215,0.9676320203785437,0,0,0,0,0,0,0,0,0,0,0,0,0,1,0,0,0,0,1,0,1,0,0
1.4951031748824075,1.4596839789453286,0.7387043003098659,299,0.9676320203785437,1,0,0,0,0,0,0,0,0,0,0,0,0,1,0,0,0,0,1,0,1,0,0
1.4951031748824075,1.4596839789453286,0.7387043003098659,299,0.9676320203785437,1,0,0,0,0,0,0,0,0,0,0,0,0,1,0,0,0,0,1,0,1,0,0
-0.844865398567706,-0.8846202186908425,-0.614027878680824,215,0.9676320203785437,0,0,0,0,0,0,0,0,0,0,0,0,0,1,0,0,0,0,1,0,1,0,0
1.4951031748824075,1.4596839789453286,0.7387043003098659,299,0.9676320203785437,1,0,0,0,0,0,0,0,0,0,0,0,0,1,0,0,0,0,1,0,1,0,0
1.4951031748824075,1.4596839789453286,0.7387043003098659,299,0.9676320203785437,1,0,0,0,0,0,0,0,0,0,0,0,0,1,0,0,0,0,1,0,1,0,0
-0.844865398567706,-0.8846202186908425,-0.8845743144789616,200,0.9676320203785437,0,0,0,0,0,0,0,0,0,0,0,0,0,0,0,0,0,0,1,0,1,0,0
-0.844865398567706,-0.8846202186908425,-0.5367288970242127,220,0.9676320203785437,0,0,0,0,0,0,0,0,0,0,0,0,0,0,0,0,0,0,1,0,1,0,0
-0.844865398567706,-0.8846202186908425,-0.614027878680824,217,0.9676320203785437,0,0,1,0,0,0,0,0,0,0,0,0,0,0,0,0,0,0,1,0,1,0,0
-0.06487587408433486,0.28753188012724307,-0.15023398874115845,243,0.9676320203785437,0,0,1,0,0,0,0,0,0,0,0,0,0,0,0,0,0,0,1,0,1,0,0
0.40311784060568795,0.28753188012724307,0.5841063369966447,290,0.9676320203785437,1,0,0,0,0,0,1,0,0,0,0,0,0,0,0,0,0,1,0,0,0,0,0
0.40311784060568795,0.28753188012724307,0.7000548094815605,296,-0.6990049600893694,1,0,0,0,0,0,1,0,0,0,0,0,0,0,0,0,0,1,0,0,0,0,1
-0.844865398567706,-0.8846202186908425,-0.18888347956946375,241,0.9676320203785437,0,0,0,0,0,0,0,0,0,0,0,1,0,0,0,0,0,1,0,0,0,0,0
0.40311784060568795,0.28753188012724307,0.3908588828551176,274,0.9676320203785437,1,0,0,0,0,0,0,0,0,0,0,1,0,0,0,0,0,1,0,0,0,0,0
0.40311784060568795,0.28753188012724307,0.08166295622867395,259,0.9676320203785437,1,0,0,0,0,0,0,0,0,0,0,1,0,0,0,0,0,1,0,0,0,0,0
0.40311784060568795,0.28753188012724307,0.3908588828551176,277,-0.6990049600893694,1,0,0,0,0,0,0,0,0,0,0,1,0,0,0,0,0,1,0,0,0,0,1
-0.844865398567706,-0.8846202186908425,0.1589619378852845,263,0.9676320203785437,1,0,0,0,0,0,0,0,0,0,0,1,0,0,0,0,0,1,0,0,0,0,0
-0.844865398567706,-0.8846202186908425,0.043013465400368656,257,0.9676320203785437,1,0,0,0,0,0,0,0,0,0,0,1,0,0,0,0,0,1,0,0,0,0,0
-0.06487587408433486,0.28753188012724307,-0.4980794061959074,255,0.9676320203785437,1,0,0,0,0,0,0,0,0,0,0,1,0,0,0,0,0,0,0,0,0,0,0
0.40311784060568795,0.28753188012724307,0.4295083736834229,280,0.9676320203785437,1,0,0,0,0,0,0,0,0,0,0,1,0,0,0,0,0,1,0,0,0,0,0
0.40311784060568795,0.28753188012724307,0.3908588828551176,276,0.9676320203785437,1,0,0,0,0,0,0,0,0,0,0,1,0,0,0,0,0,1,0,0,0,0,0
0.40311784060568795,0.28753188012724307,0.5454568461683388,285,-0.6990049600893694,1,0,0,0,0,0,0,0,0,0,0,1,0,0,0,0,0,1,0,0,0,0,1
-1.1568612083610545,-0.8846202186908425,-1.1551207502770997,184,0.1343135301445871,0,0,1,0,0,0,0,0,0,0,0,0,0,0,0,0,0,1,0,1,0,0,0
-0.844865398567706,-0.8846202186908425,-1.464316676903543,165,-0.6990049600893694,0,0,1,0,0,0,0,0,0,0,0,0,0,0,0,0,0,1,0,0,0,1,0
-1.1568612083610545,-0.8846202186908425,-1.0778217686204887,190,0.1343135301445871,0,1,0,0,0,0,0,0,0,0,0,0,0,0,0,0,0,1,0,1,0,0,0
-0.844865398567706,-0.8846202186908425,-1.4256671860752377,169,-0.6990049600893694,0,1,0,0,0,0,0,0,0,0,0,0,0,0,0,0,0,1,0,0,0,1,0
-0.844865398567706,-0.8846202186908425,-2.005409548499819,132,-0.6990049600893694,0,0,1,0,0,0,0,0,0,0,0,0,0,0,0,0,0,1,0,1,0,0,0
-1.1568612083610545,-0.8846202186908425,-1.6189146402167647,151,-0.6990049600893694,0,0,0,0,0,0,0,0,0,0,0,0,0,0,0,0,0,1,0,0,0,1,0
-1.1568612083610545,-0.8846202186908425,-1.464316676903543,167,-0.6990049600893694,0,0,0,0,0,0,0,0,0,0,0,0,0,0,0,0,0,1,0,0,0,0,1
0.16912098326067637,0.28753188012724307,0.27491041037020103,271,0.9676320203785437,1,0,0,0,1,0,0,0,0,0,0,0,0,0,0,0,0,1,0,0,1,0,0
0.16912098326067637,0.28753188012724307,0.12031244705697923,261,0.9676320203785437,1,0,0,0,0,0,0,0,0,0,0,1,0,0,0,0,0,1,0,0,1,0,0
-0.844865398567706,-0.8846202186908425,-1.116471259448794,188,-0.6990049600893694,0,0,0,0,0,0,0,0,0,1,0,0,0,0,0,0,0,1,0,0,0,1,0
-0.844865398567706,-0.8846202186908425,-0.8072753328223511,206,-0.6990049600893694,0,0,0,0,0,0,0,0,0,1,0,0,0,0,0,0,0,1,0,0,0,0,1
-0.5328695887743576,-0.8846202186908425,-0.6913268603374345,214,-0.6990049600893694,0,0,0,0,0,0,0,0,0,0,0,1,0,0,0,0,0,1,0,0,1,0,0
-0.844865398567706,-0.8846202186908425,0.08166295622867395,261,-0.6990049600893694,1,0,0,0,0,0,0,0,0,0,0,1,0,0,0,0,0,1,0,0,1,0,0
-0.5328695887743576,-0.8846202186908425,-0.3048319520543803,239,-0.6990049600893694,0,0,0,0,0,0,0,0,0,0,0,1,0,0,0,0,0,1,0,0,1,0,0
0.559115745502362,0.28753188012724307,0.1589619378852845,264,0.9676320203785437,1,0,0,0,0,0,0,0,0,0,0,1,0,0,0,0,0,1,0,0,1,0,0
1.651101079779082,2.631836077763414,1.8981890251590285,370,0.1343135301445871,1,0,0,0,0,0,0,0,0,0,0,0,0,1,0,0,0,0,1,1,0,0,0
1.651101079779082,2.631836077763414,1.8981890251590285,370,0.1343135301445871,1,0,0,0,0,0,0,0,0,0,0,0,0,1,0,0,0,0,1,1,0,0,0
1.651101079779082,2.631836077763414,1.8981890251590285,370,0.1343135301445871,1,0,0,0,0,0,0,0,0,0,0,0,0,1,0,0,0,0,1,1,0,0,0
1.651101079779082,2.631836077763414,1.8981890251590285,370,0.1343135301445871,1,0,0,0,0,0,0,0,0,0,0,0,0,1,0,0,0,0,1,1,0,0,0
-0.844865398567706,-0.8846202186908425,0.1976114287135905,266,1.8009505106125,1,0,0,0,0,0,0,0,0,0,0,1,0,0,0,0,0,0,1,0,1,0,0
-0.844865398567706,-0.8846202186908425,0.12031244705697923,262,1.8009505106125,1,0,0,0,0,0,0,0,0,0,0,1,0,0,0,0,0,0,1,0,1,0,0
-0.06487587408433486,0.28753188012724307,0.08166295622867395,258,0.9676320203785437,1,0,0,0,0,0,0,0,0,0,0,0,1,0,0,0,0,0,1,0,1,0,0
1.4951031748824075,1.4596839789453286,0.8160032819664771,305,0.9676320203785437,1,0,0,0,0,0,0,0,0,0,0,0,1,0,0,0,0,0,1,0,1,0,0
1.4951031748824075,1.4596839789453286,0.8546527727947824,305,0.9676320203785437,1,0,0,0,0,0,0,0,0,0,0,0,1,0,0,0,0,0,1,0,1,0,0
1.4951031748824075,1.4596839789453286,1.666292080189196,354,0.9676320203785437,1,0,0,0,0,0,0,0,0,0,0,0,1,0,0,0,0,0,1,0,1,0,0
-0.06487587408433486,0.28753188012724307,0.1976114287135905,264,0.9676320203785437,1,0,0,0,0,0,0,0,0,0,0,0,1,0,0,0,0,0,1,0,1,0,0
1.4951031748824075,1.4596839789453286,1.3570961535627533,336,0.9676320203785437,1,0,0,0,0,0,0,0,0,0,0,0,1,0,0,0,0,0,1,0,1,0,0
-0.844865398567706,-0.8846202186908425,-0.15023398874115845,245,1.8009505106125,1,0,0,0,0,0,0,0,0,0,0,1,0,0,0,0,0,0,1,0,1,0,0
-0.844865398567706,-0.8846202186908425,-0.18888347956946375,242,1.8009505106125,0,0,0,0,0,0,0,0,0,0,0,1,0,0,0,0,0,0,1,0,1,0,0
-0.844865398567706,-0.8846202186908425,-0.2275329703977697,238,0.9676320203785437,0,0,0,0,0,0,0,0,0,0,0,1,0,0,0,0,0,0,1,0,1,0,0
-0.06487587408433486,0.28753188012724307,0.31355990119850635,273,0.9676320203785437,1,0,0,0,0,0,0,0,0,0,0,1,0,0,0,0,0,0,1,0,1,0,0
1.4951031748824075,1.4596839789453286,1.0479002269363096,318,0.9676320203785437,1,0,0,0,0,0,0,0,0,0,0,1,0,0,0,0,0,0,1,0,1,0,0
-0.4548706363260205,-0.8846202186908425,-2.121358020984735,124,-0.6990049600893694,0,0,1,0,0,0,0,0,0,0,0,0,0,0,0,0,0,1,0,0,1,0,0
0.32511888815735074,0.28753188012724307,-0.6526773695091292,213,0.9676320203785437,0,0,1,0,0,0,0,0,0,0,0,0,0,0,0,0,0,1,0,0,1,0,0
1.183107365089059,1.4596839789453286,1.4343951352193638,337,-0.6990049600893694,1,0,0,0,0,0,0,0,0,0,0,0,1,0,0,0,0,0,1,0,1,0,0
0.24711993570901356,0.28753188012724307,0.12031244705697923,262,2.634269000846457,1,0,1,0,0,0,0,0,0,0,0,0,0,0,0,0,0,0,1,0,1,0,0
2.0410958420207677,1.4596839789453286,2.3619829150986935,395,0.9676320203785437,1,0,0,0,0,0,0,0,0,0,0,0,1,0,0,0,0,0,1,0,1,0,0
1.4951031748824075,1.4596839789453286,0.5454568461683388,285,0.9676320203785437,1,0,0,0,0,0,0,0,0,0,1,0,0,0,0,0,0,0,1,0,1,0,0
-0.06487587408433486,0.28753188012724307,0.4295083736834229,280,2.634269000846457,1,0,0,0,0,0,0,0,0,0,0,0,1,0,0,0,0,1,0,0,1,0,0
-0.844865398567706,-0.8846202186908425,-0.3821309337109908,229,0.9676320203785437,0,0,0,0,0,0,0,0,0,0,0,1,0,0,0,0,0,1,0,0,1,0,0
-0.6108685412226948,-0.8846202186908425,-0.3821309337109908,230,0.9676320203785437,0,0,0,0,0,0,0,0,0,0,0,1,0,0,0,0,0,1,0,0,1,0,0
-0.844865398567706,-0.8846202186908425,-2.005409548499819,131,-0.6990049600893694,0,0,1,0,0,0,0,0,0,0,0,0,0,0,0,0,0,1,0,0,0,1,0
-0.844865398567706,-0.8846202186908425,-0.0342855162562426,250,0.9676320203785437,1,0,0,0,0,0,0,0,0,0,0,1,0,0,0,0,0,1,0,0,1,0,0
-0.2988727314293461,0.28753188012724307,0.08166295622867395,258,0.9676320203785437,1,0,0,0,0,0,0,0,0,0,0,1,0,0,0,0,0,1,0,0,1,0,0
0.32511888815735074,0.28753188012724307,1.0092507361080043,315,2.634269000846457,1,0,0,0,0,0,0,0,0,0,0,0,1,0,0,0,0,1,0,0,1,0,0
-0.06487587408433486,0.28753188012724307,0.5454568461683388,286,0.9676320203785437,1,0,1,0,0,0,0,0,0,0,0,0,0,0,0,0,0,0,1,0,1,0,0
-0.06487587408433486,0.28753188012724307,0.7000548094815605,295,0.9676320203785437,1,0,1,0,0,0,0,0,0,0,0,0,0,0,0,0,0,0,1,0,1,0,0
-0.06487587408433486,0.28753188012724307,1.12519920859292,324,0.9676320203785437,1,0,0,0,0,0,0,0,0,0,0,0,1,0,0,0,0,0,1,0,1,0,0
0.559115745502362,1.4596839789453286,1.7435910618458075,360,0.9676320203785437,1,0,0,0,0,0,0,0,0,0,0,0,1,0,0,0,0,0,1,0,1,0,0
0.559115745502362,1.4596839789453286,1.7435910618458075,360,0.9676320203785437,1,0,0,0,0,0,0,0,0,0,0,0,1,0,0,0,0,0,1,0,1,0,0
-0.06487587408433486,0.28753188012724307,0.5454568461683388,286,0.9676320203785437,1,1,0,0,0,0,0,0,0,0,0,0,0,0,0,0,0,0,1,0,1,0,0
-0.06487587408433486,0.28753188012724307,0.7773537911381718,301,0.9676320203785437,1,1,0,0,0,0,0,0,0,0,0,0,0,0,0,0,0,0,1,0,1,0,0
-0.844865398567706,-0.8846202186908425,-1.0778217686204887,186,-0.6990049600893694,0,0,0,0,0,0,0,0,0,0,0,0,0,0,0,0,0,1,0,0,0,0,1
-0.844865398567706,-0.8846202186908425,-1.0391722777921835,189,-0.6990049600893694,0,0,0,0,0,0,0,0,0,0,0,1,0,0,0,0,0,1,0,0,1,0,0
-0.4548706363260205,-0.8846202186908425,-0.9618732961355722,194,-0.6990049600893694,0,0,0,0,0,0,0,0,0,0,0,1,0,0,0,0,0,1,0,0,1,0,0
-0.844865398567706,-0.8846202186908425,-0.8459248236506564,202,-0.6990049600893694,0,0,0,0,0,0,0,0,0,0,0,1,0,0,0,0,0,1,0,0,1,0,0
-0.4548706363260205,-0.8846202186908425,-0.7299763511657398,208,-0.6990049600893694,0,0,0,0,0,0,0,0,0,0,0,1,0,0,0,0,0,1,0,0,1,0,0
-0.4548706363260205,-0.8846202186908425,-0.8459248236506564,200,-0.6990049600893694,0,0,0,0,0,0,0,0,0,0,0,1,0,0,0,0,0,1,0,0,1,0,0
-0.4548706363260205,-0.8846202186908425,-1.0391722777921835,189,-0.6990049600893694,0,0,1,0,0,0,0,0,0,0,0,0,0,0,0,0,0,1,0,0,0,0,1
-0.4548706363260205,-0.8846202186908425,-1.0778217686204887,188,-0.6990049600893694,0,0,1,0,0,0,0,0,0,0,0,0,0,0,0,0,0,1,0,0,1,0,0
-1.2348601608093916,-1.4706962680998854,-1.271069222762016,174,0.1343135301445871,0,0,0,0,0,0,0,0,0,0,1,0,0,0,0,0,0,0,1,1,0,0,0
-1.2348601608093916,-1.4706962680998854,-1.271069222762016,174,0.1343135301445871,0,0,0,0,0,0,0,0,0,0,1,0,0,0,0,0,0,0,1,1,0,0,0
-1.2348601608093916,-1.4706962680998854,-0.8845743144789616,197,0.9676320203785437,0,0,1,0,0,0,0,0,0,0,0,0,0,0,0,0,0,0,1,0,1,0,0
-1.2348601608093916,-1.4706962680998854,-1.271069222762016,174,0.1343135301445871,0,0,0,1,0,0,0,0,0,0,0,0,0,0,0,0,0,0,1,1,0,0,0
-1.2348601608093916,-1.4706962680998854,-0.8459248236506564,200,0.9676320203785437,0,0,1,0,0,0,0,0,0,0,0,0,0,0,0,0,0,0,1,0,1,0,0
-0.844865398567706,-0.8846202186908425,-1.116471259448794,184,0.1343135301445871,0,0,0,0,0,0,0,0,0,0,1,0,0,0,0,0,0,0,1,1,0,0,0
-0.844865398567706,-0.8846202186908425,-1.116471259448794,184,0.1343135301445871,0,0,0,0,0,0,0,0,0,0,1,0,0,0,0,0,0,0,1,1,0,0,0
-0.844865398567706,-0.8846202186908425,-0.7299763511657398,207,0.9676320203785437,0,0,1,0,0,0,0,0,0,0,0,0,0,0,0,0,0,0,1,0,1,0,0
-0.844865398567706,-0.8846202186908425,-1.0391722777921835,191,0.1343135301445871,0,0,0,1,0,0,0,0,0,0,0,0,0,0,0,0,0,0,1,1,0,0,0
-0.844865398567706,-0.8846202186908425,-0.6526773695091292,212,0.9676320203785437,0,0,1,0,0,0,0,0,0,0,0,0,0,0,0,0,0,0,1,0,1,0,0
-0.844865398567706,-0.8846202186908425,-1.0391722777921835,190,0.9676320203785437,0,0,0,0,0,0,0,0,0,0,1,0,0,0,0,0,0,0,1,0,1,0,0
-0.844865398567706,-0.8846202186908425,-0.6913268603374345,210,0.9676320203785437,0,0,1,0,0,0,0,0,0,0,0,0,0,0,0,0,0,0,1,0,1,0,0
-0.844865398567706,-0.8846202186908425,-0.9618732961355722,194,0.9676320203785437,0,0,0,1,0,0,0,0,0,0,0,0,0,0,0,0,0,0,1,0,1,0,0
-0.844865398567706,-0.8846202186908425,-0.6913268603374345,210,0.9676320203785437,0,0,1,0,0,0,0,0,0,0,0,0,0,0,0,0,0,0,1,0,1,0,0
-0.06487587408433486,0.28753188012724307,-0.07293500708454788,246,-0.6990049600893694,1,0,0,0,0,0,0,0,0,0,0,1,0,0,0,0,0,0,1,0,0,0,0
0.559115745502362,0.28753188012724307,0.31355990119850635,273,1.8009505106125,1,0,0,0,0,0,1,0,0,0,0,0,0,0,0,0,0,1,0,0,1,0,0
0.559115745502362,0.28753188012724307,0.5454568461683388,287,1.8009505106125,1,0,0,0,0,0,1,0,0,0,0,0,0,0,0,0,0,1,0,0,1,0,0
0.559115745502362,0.28753188012724307,0.7773537911381718,300,-0.6990049600893694,1,0,0,0,0,0,0,0,0,0,1,0,0,0,0,0,0,0,1,1,0,0,0
-0.844865398567706,-0.8846202186908425,-1.0005227869638782,192,0.9676320203785437,0,0,0,0,0,0,0,0,0,1,0,0,0,0,0,0,0,1,0,0,0,1,0
-0.844865398567706,-0.8846202186908425,-0.614027878680824,217,-0.6990049600893694,0,0,0,0,0,0,0,0,0,1,0,0,0,0,0,0,0,1,0,0,0,0,1
-0.844865398567706,-0.8846202186908425,-0.9232238053072669,198,0.9676320203785437,0,0,0,0,0,0,0,0,0,1,0,0,0,0,0,0,0,1,0,0,0,1,0
0.32511888815735074,0.28753188012724307,0.08166295622867395,257,-0.6990049600893694,1,0,0,0,0,0,0,0,0,0,0,1,0,0,0,0,0,1,0,0,0,1,0
-0.844865398567706,-0.8846202186908425,-1.4256671860752377,167,-0.6990049600893694,0,0,1,0,0,0,0,0,0,0,0,0,0,0,0,0,0,1,0,0,0,1,0
-0.844865398567706,-0.8846202186908425,-1.3483682044186267,171,-0.6990049600893694,0,0,1,0,0,0,0,0,0,0,0,0,0,0,0,0,0,1,0,0,0,1,0
-0.844865398567706,-0.8846202186908425,-1.0778217686204887,188,-0.6990049600893694,0,0,1,0,0,0,0,0,0,0,0,0,0,0,0,0,0,1,0,0,0,0,1
1.9630968895724301,1.4596839789453286,0.9706012452796989,313,1.8009505106125,1,0,0,0,0,0,1,0,0,0,0,0,0,0,0,0,0,0,1,0,1,0,0
1.9630968895724301,1.4596839789453286,0.9706012452796989,313,1.8009505106125,1,0,0,0,0,0,1,0,0,0,0,0,0,0,0,0,0,0,1,0,1,0,0
-1.1568612083610545,-0.8846202186908425,-1.5802651493884592,158,-0.6990049600893694,0,0,0,0,0,0,0,0,0,0,0,0,0,0,0,0,0,1,0,0,0,1,0
-1.1568612083610545,-0.8846202186908425,-1.193770241105405,181,-1.532323450323326,0,0,0,0,0,0,0,0,0,0,0,0,0,0,0,0,0,1,0,0,0,0,1
-0.06487587408433486,0.28753188012724307,0.27491041037020103,271,0.9676320203785437,1,0,0,1,0,0,0,0,0,0,0,0,0,0,0,0,0,0,1,1,0,0,0
-0.06487587408433486,0.28753188012724307,0.31355990119850635,272,0.9676320203785437,1,0,0,1,0,0,0,0,0,0,0,0,0,0,0,0,0,0,1,1,0,0,0
-0.06487587408433486,0.28753188012724307,0.3908588828551176,277,0.9676320203785437,1,0,0,1,0,0,0,0,0,0,0,0,0,0,0,0,0,0,1,1,0,0,0
-0.06487587408433486,0.28753188012724307,0.3908588828551176,277,0.9676320203785437,1,0,0,1,0,0,0,0,0,0,0,0,0,0,0,0,0,0,1,1,0,0,0
-0.06487587408433486,0.28753188012724307,0.27491041037020103,269,0.9676320203785437,1,0,0,0,0,0,0,0,0,0,0,0,1,0,0,0,0,0,1,0,1,0,0
-0.14287482653267206,0.28753188012724307,0.4295083736834229,278,0.9676320203785437,1,0,0,0,0,0,0,0,0,0,0,0,1,0,0,0,0,0,1,0,1,0,0
-0.06487587408433486,0.28753188012724307,-0.6913268603374345,243,0.9676320203785437,0,0,0,0,0,0,1,0,0,0,0,0,0,0,0,0,0,0,0,0,0,0,0
0.40311784060568795,0.28753188012724307,-0.15023398874115845,245,0.9676320203785437,1,0,0,0,0,0,1,0,0,0,0,0,0,0,0,0,0,1,0,0,0,0,0
-0.06487587408433486,0.28753188012724307,-0.4207804245392968,260,0.9676320203785437,1,0,0,0,0,0,1,0,0,0,0,0,0,0,0,0,0,0,0,0,0,0,0
2.0410958420207677,1.4596839789453286,0.7773537911381718,299,0.9676320203785437,1,0,0,0,0,0,1,0,0,0,0,0,0,0,0,0,0,1,0,0,0,0,0
0.40311784060568795,0.28753188012724307,0.4295083736834229,280,0.9676320203785437,1,0,0,0,0,0,1,0,0,0,0,0,0,0,0,0,0,1,0,0,0,0,0
0.40311784060568795,0.28753188012724307,0.7000548094815605,294,0.9676320203785437,1,0,0,0,0,0,1,0,0,0,0,0,0,0,0,0,0,1,0,0,0,0,0
2.0410958420207677,1.4596839789453286,1.2797971719061418,330,0.9676320203785437,1,0,0,0,0,0,1,0,0,0,0,0,0,0,0,0,0,1,0,0,0,0,0
-0.844865398567706,-0.8846202186908425,-0.34348144288268556,231,-0.6990049600893694,0,0,0,1,0,0,0,0,0,0,0,0,0,0,0,0,0,0,1,0,0,0,1
-0.844865398567706,-0.8846202186908425,-1.116471259448794,185,0.9676320203785437,0,0,0,0,0,0,0,0,0,0,0,1,0,0,0,0,0,1,0,0,0,1,0
-0.844865398567706,-0.8846202186908425,-0.6913268603374345,210,-1.532323450323326,0,0,1,0,0,0,0,0,0,0,0,0,0,0,0,0,0,1,0,0,0,0,1
-0.844865398567706,-0.8846202186908425,-1.2324197319337105,178,0.1343135301445871,0,0,0,0,0,0,0,0,0,1,0,0,0,0,0,0,0,1,0,0,0,1,0
-0.5328695887743576,-0.8846202186908425,-0.8072753328223511,205,0.9676320203785437,0,1,0,0,0,0,0,0,0,0,0,0,0,0,0,0,0,1,0,0,0,1,0
-0.4548706363260205,-0.8846202186908425,-1.116471259448794,185,0.9676320203785437,0,1,0,0,0,0,0,0,0,0,0,0,0,0,0,0,0,1,0,0,0,1,0
-0.5328695887743576,-0.8846202186908425,-0.6526773695091292,213,0.9676320203785437,0,0,0,0,0,0,0,0,0,0,0,1,0,0,0,0,0,1,0,0,0,1,0
-0.4548706363260205,-0.8846202186908425,-1.0005227869638782,192,0.9676320203785437,0,0,0,0,0,0,0,0,0,0,0,1,0,0,0,0,0,1,0,0,0,1,0
-0.844865398567706,-0.8846202186908425,0.27491041037020103,263,0.9676320203785437,1,0,0,0,0,0,0,0,0,0,0,0,0,0,0,0,0,0,1,0,0,1,0
-0.844865398567706,-0.8846202186908425,-0.266182461226075,236,-0.6990049600893694,0,0,0,0,0,0,0,0,0,0,0,0,0,0,0,0,0,0,1,0,0,0,1
-0.4548706363260205,-0.8846202186908425,0.7387043003098659,297,-0.6990049600893694,1,0,0,0,0,0,0,0,0,0,0,0,0,0,0,0,0,0,1,0,0,0,1
0.7151136503990364,0.28753188012724307,1.163848699421226,321,-1.532323450323326,1,0,0,0,0,0,0,0,0,0,0,0,1,0,0,0,0,1,0,0,1,0,0
0.7151136503990364,0.28753188012724307,1.163848699421226,321,-1.532323450323326,1,0,0,0,0,0,0,0,0,0,0,0,1,0,0,0,0,1,0,0,1,0,0
-0.844865398567706,-0.8846202186908425,-0.34348144288268556,232,-0.6990049600893694,0,0,0,1,0,0,0,0,0,0,0,0,0,0,0,0,0,0,1,0,0,0,1
-0.4548706363260205,-0.8846202186908425,-1.3097187135903212,173,0.9676320203785437,0,0,1,0,0,0,0,0,0,0,0,0,0,0,0,0,0,1,0,0,1,0,0
-0.4548706363260205,-0.8846202186908425,-1.2324197319337105,177,0.9676320203785437,0,0,1,0,0,0,0,0,0,0,0,0,0,0,0,0,0,1,0,0,1,0,0
0.32511888815735074,0.28753188012724307,-0.5367288970242127,220,0.9676320203785437,0,0,1,0,0,0,0,0,0,0,0,0,0,0,0,0,0,1,0,0,1,0,0
-0.4548706363260205,-0.8846202186908425,-1.0005227869638782,190,0.9676320203785437,0,0,1,0,0,0,0,0,0,0,0,0,0,0,0,0,0,1,0,0,1,0,0
-0.4548706363260205,-0.8846202186908425,-0.9232238053072669,197,0.9676320203785437,0,0,1,0,0,0,0,0,0,0,0,0,0,0,0,0,0,1,0,0,1,0,0
-0.4548706363260205,-0.8846202186908425,-2.2759559842979566,113,-0.6990049600893694,0,0,1,0,0,0,0,0,0,0,0,0,0,0,0,0,0,1,0,0,0,1,0
-0.4548706363260205,-0.8846202186908425,-2.198657002641346,121,-0.6990049600893694,0,0,1,0,0,0,0,0,0,0,0,0,0,0,0,0,0,1,0,0,0,1,0
-1.0008633034643803,-0.8846202186908425,-1.4256671860752377,165,-0.6990049600893694,0,0,0,0,0,0,0,0,0,0,0,0,0,0,0,0,0,1,0,0,0,1,0
-1.0008633034643803,-0.8846202186908425,-1.3483682044186267,170,-0.6990049600893694,0,0,0,0,0,0,0,0,0,0,0,0,0,0,0,0,0,1,0,0,0,1,0
-1.0008633034643803,-0.8846202186908425,-1.4256671860752377,165,-0.6990049600893694,0,0,0,0,0,0,0,0,0,0,0,0,0,0,0,0,0,1,0,0,0,0,1
-0.844865398567706,-0.8846202186908425,-1.5802651493884592,158,2.634269000846457,0,0,0,0,0,0,0,0,0,0,0,0,0,0,0,0,0,1,0,0,0,1,0
-0.844865398567706,-0.8846202186908425,-1.464316676903543,164,2.634269000846457,0,0,0,0,0,0,0,0,0,0,0,0,0,0,0,0,0,1,0,0,0,1,0
-0.844865398567706,-0.8846202186908425,-1.3097187135903212,173,-0.6990049600893694,0,0,0,0,0,0,0,0,0,0,0,0,0,0,0,0,0,1,0,0,0,0,1
-0.844865398567706,-0.8846202186908425,-1.5802651493884592,158,2.634269000846457,0,0,0,0,0,0,0,0,0,0,0,0,0,0,0,0,0,1,0,0,0,1,0
-1.0008633034643803,-0.8846202186908425,-2.4305539476111786,106,-0.6990049600893694,0,0,0,0,0,0,0,0,0,0,0,0,0,0,0,0,0,1,0,0,0,1,0
-0.06487587408433486,0.28753188012724307,-0.7299763511657398,208,0.9676320203785437,0,0,0,0,0,0,0,0,0,0,0,0,0,1,0,0,0,0,1,0,1,0,0
0.32511888815735074,0.28753188012724307,-0.18888347956946375,240,0.9676320203785437,0,0,0,0,0,0,0,0,0,0,0,1,0,0,0,0,0,1,0,0,1,0,0
0.32511888815735074,0.28753188012724307,-0.18888347956946375,240,0.9676320203785437,0,0,0,0,0,0,0,0,0,0,0,1,0,0,0,0,0,1,0,0,1,0,0
-0.4548706363260205,-0.8846202186908425,-1.5802651493884592,158,-0.6990049600893694,0,0,0,0,0,0,0,0,0,0,0,0,1,0,0,0,0,1,0,0,0,1,0
-0.4548706363260205,-0.8846202186908425,-1.5802651493884592,156,-0.6990049600893694,0,0,0,0,0,0,0,0,0,0,0,0,1,0,0,0,0,1,0,0,0,1,0
-1.0008633034643803,-0.8846202186908425,-2.4305539476111786,106,-0.6990049600893694,0,0,1,0,0,0,0,0,0,0,0,0,0,0,0,0,0,1,0,0,0,1,0
-0.4548706363260205,-0.8846202186908425,-1.116471259448794,184,0.9676320203785437,0,0,0,0,0,0,0,0,0,0,0,1,0,0,0,0,0,1,0,0,1,0,0
-0.4548706363260205,-0.8846202186908425,-1.0005227869638782,194,0.9676320203785437,0,0,0,0,0,0,0,0,0,0,0,1,0,0,0,0,0,1,0,0,1,0,0
-0.4548706363260205,-0.8846202186908425,-0.8459248236506564,200,0.9676320203785437,0,0,0,0,0,0,0,0,0,0,0,1,0,0,0,0,0,1,0,0,1,0,0
-0.4548706363260205,-0.8846202186908425,-1.8508115851865972,139,-0.6990049600893694,0,0,0,0,0,0,0,0,0,0,0,1,0,0,0,0,0,1,0,0,0,1,0
2.0410958420207677,1.4596839789453286,2.168735460957166,385,-0.6990049600893694,1,0,0,0,0,0,0,0,0,0,0,0,1,0,0,0,0,1,0,0,1,0,0
0.32511888815735074,0.28753188012724307,0.08166295622867395,259,0.9676320203785437,1,0,0,0,1,0,0,0,0,0,0,0,0,0,0,0,0,1,0,0,1,0,0
0.32511888815735074,0.28753188012724307,0.8160032819664771,300,-0.6990049600893694,1,0,0,0,0,1,0,0,0,0,0,0,0,0,0,0,0,1,0,0,0,0,1
2.0410958420207677,1.4596839789453286,2.1300859701288615,381,-0.6990049600893694,1,0,0,0,0,0,1,0,0,0,0,0,0,0,0,0,0,1,0,0,1,0,0
-1.2348601608093916,-0.8846202186908425,-1.6189146402167647,155,-0.6990049600893694,0,0,0,0,0,0,0,0,0,0,0,0,0,0,0,0,0,1,0,0,1,0,0
-1.2348601608093916,-0.8846202186908425,-1.5029661677318482,165,-0.6990049600893694,0,0,0,0,0,0,0,0,0,0,0,0,0,0,0,0,0,1,0,0,0,0,1
-0.844865398567706,-0.8846202186908425,-0.3048319520543803,234,0.9676320203785437,0,1,0,0,0,0,0,0,0,0,0,0,0,0,0,0,0,0,1,0,1,0,0
-0.844865398567706,-0.8846202186908425,0.3522093920268116,273,0.9676320203785437,1,0,0,0,0,0,0,0,0,0,0,1,0,0,0,0,0,1,0,0,1,0,0
-1.312859113257729,-0.8846202186908425,-1.3097187135903212,174,0.9676320203785437,0,0,0,0,0,0,0,0,0,0,0,0,0,0,0,0,0,1,0,0,1,0,0
-1.312859113257729,-0.8846202186908425,-1.2324197319337105,177,-0.6990049600893694,0,0,0,0,0,0,0,0,0,0,0,0,0,0,0,0,0,1,0,0,0,0,1
-0.844865398567706,-0.8846202186908425,-0.8072753328223511,203,0.1343135301445871,0,0,0,0,0,0,0,0,0,0,0,0,0,0,0,0,0,1,0,1,0,0,0
-0.844865398567706,-0.8846202186908425,-0.8845743144789616,198,-0.6990049600893694,0,0,0,0,0,0,0,0,0,0,0,0,0,0,0,0,0,1,0,0,0,0,1
-0.844865398567706,-0.8846202186908425,-0.8072753328223511,205,-0.6990049600893694,0,0,1,0,0,0,0,0,0,0,0,0,0,0,0,0,0,1,0,0,1,0,0
-0.844865398567706,-0.8846202186908425,-0.5367288970242127,221,0.9676320203785437,0,0,0,0,0,0,0,0,0,0,0,1,0,0,0,0,0,1,0,0,1,0,0
-0.844865398567706,-0.8846202186908425,-0.2275329703977697,241,0.9676320203785437,0,0,0,0,0,0,0,0,0,0,0,1,0,0,0,0,0,1,0,0,1,0,0
-0.844865398567706,-0.8846202186908425,-0.7299763511657398,208,0.9676320203785437,0,0,0,0,0,0,0,0,0,0,0,0,0,0,0,0,0,0,1,0,1,0,0
-0.844865398567706,-0.8846202186908425,-0.5367288970242127,219,0.9676320203785437,0,0,0,0,0,0,0,0,0,0,0,0,0,0,0,0,0,0,1,0,1,0,0
-0.844865398567706,-0.8846202186908425,-0.4594299153676021,223,0.9676320203785437,0,0,1,0,0,0,0,0,0,0,0,0,0,0,0,0,0,0,1,0,1,0,0
-0.844865398567706,-0.8846202186908425,-0.7299763511657398,208,0.9676320203785437,0,0,0,0,0,0,0,0,0,1,0,0,0,0,0,0,0,0,1,0,1,0,0
-0.844865398567706,-0.8846202186908425,-0.5367288970242127,219,0.9676320203785437,0,0,0,0,0,0,0,0,0,1,0,0,0,0,0,0,0,0,1,0,1,0,0
-0.844865398567706,-0.8846202186908425,-0.5367288970242127,220,0.9676320203785437,0,0,0,0,0,0,0,0,0,1,0,0,0,0,0,0,0,0,1,0,1,0,0
-0.844865398567706,-0.8846202186908425,-0.6913268603374345,210,0.9676320203785437,0,0,0,0,0,0,0,0,0,0,0,1,0,0,0,0,0,1,0,0,1,0,0
-0.844865398567706,-0.8846202186908425,-0.5367288970242127,219,0.9676320203785437,0,0,0,0,0,0,0,0,0,0,0,1,0,0,0,0,0,0,1,0,1,0,0
-0.844865398567706,-0.8846202186908425,-0.34348144288268556,232,0.9676320203785437,0,0,0,0,0,0,0,0,0,0,0,1,0,0,0,0,0,0,1,0,1,0,0
-0.844865398567706,-0.8846202186908425,-0.18888347956946375,240,0.9676320203785437,0,0,0,0,0,0,0,0,0,0,0,1,0,0,0,0,0,0,1,0,1,0,0
-0.844865398567706,-0.8846202186908425,-0.34348144288268556,232,0.9676320203785437,0,0,0,0,0,0,0,0,0,0,0,0,1,0,0,0,0,0,1,0,1,0,0
-0.844865398567706,-0.8846202186908425,-0.0342855162562426,248,0.9676320203785437,1,0,0,0,0,0,0,0,0,0,0,0,1,0,0,0,0,0,1,0,1,0,0
